os,cpu,gpu,ram,kernel,driver,cpuscheduler
Arch Linux,AMD Ryzen 7 5800X 8-Core Processor,AMD Radeon RX 6900 XT (RADV NAVI21),32764436,7.0.9-arch2-1,,performance
fps,frametime,cpu_load,cpu_power,gpu_load,cpu_temp,gpu_temp,gpu_core_clock,gpu_mem_clock,gpu_vram_used,gpu_power,ram_used,swap_used,process_rss,cpu_mhz,elapsed
259.524,3.8532,32.134,0,98,74,76,2461,1000,5.3146,271,8.42007,0.000102997,0,4459,566998813
185.512,5.39049,32.134,0,98,74,76,2461,1000,5.3146,271,8.42007,0.000102997,0,4459,671169608
187.143,5.34352,32.134,0,98,74,76,2461,1000,5.3146,271,8.42007,0.000102997,0,4459,775267818
190.849,5.23975,32.134,0,98,74,76,2461,1000,5.3146,271,8.42007,0.000102997,0,4459,879350819
198.288,5.04317,32.5871,0,98,74,76,2455,1000,5.3146,271,8.43124,0.000102997,0,4466,983453466
238.129,4.19941,32.5871,0,98,74,76,2455,1000,5.3146,271,8.43124,0.000102997,0,4466,1088371363
175.472,5.69893,32.5871,0,98,74,76,2455,1000,5.3146,271,8.43124,0.000102997,0,4466,1192532570
246.339,4.05944,32.5871,0,98,74,76,2455,1000,5.3146,271,8.43124,0.000102997,0,4466,1296628796
200.011,4.99973,32.5871,0,98,74,76,2455,1000,5.3146,271,8.43124,0.000102997,0,4466,1400867539
176.721,5.65864,33.1242,0,98,74,76,2451,1000,5.29275,271,8.42548,0.000102997,0,4461,1504968363
178.375,5.60618,33.1242,0,98,74,76,2451,1000,5.29275,271,8.42548,0.000102997,0,4461,1609051424
196.303,5.09417,33.1242,0,98,74,76,2451,1000,5.29275,271,8.42548,0.000102997,0,4461,1713097586
168.291,5.94208,33.1242,0,98,74,76,2451,1000,5.29275,271,8.42548,0.000102997,0,4461,1818173449
176.148,5.67703,33.1242,0,98,74,76,2451,1000,5.29275,271,8.42548,0.000102997,0,4461,1922271448
173.955,5.74861,32.5466,0,98,74,76,2450,1000,5.29275,271,8.42639,0.000102997,0,4455,2026358306
171.27,5.83873,32.5466,0,98,74,76,2450,1000,5.29275,271,8.42639,0.000102997,0,4455,2130460643
190.807,5.2409,32.5466,0,98,74,76,2450,1000,5.29275,271,8.42639,0.000102997,0,4455,2234555276
165.511,6.04188,32.5466,0,98,74,76,2450,1000,5.29275,271,8.42639,0.000102997,0,4455,2338810670
173.626,5.7595,32.5466,0,98,74,76,2450,1000,5.29275,271,8.42639,0.000102997,0,4455,2443001503
157.569,6.34643,33.2918,0,98,74,76,2443,1000,5.29275,271,8.43185,0.000102997,0,4466,2547100765
179.834,5.5607,33.2918,0,98,74,76,2443,1000,5.29275,271,8.43185,0.000102997,0,4466,2651193614
167.619,5.96592,33.2918,0,98,74,76,2443,1000,5.29275,271,8.43185,0.000102997,0,4466,2755254263
186.34,5.36653,33.2918,0,98,74,76,2443,1000,5.29275,271,8.43185,0.000102997,0,4466,2859342203
177.089,5.64689,33.2918,0,98,74,76,2443,1000,5.29275,271,8.43185,0.000102997,0,4466,2964288373
173.688,5.75743,31.8804,0,98,74,76,2447,1000,5.29275,271,8.43206,0.000102997,0,4466,3068392042
204.331,4.89402,31.8804,0,98,74,76,2447,1000,5.29275,271,8.43206,0.000102997,0,4466,3172482367
203.873,4.90503,31.8804,0,98,74,76,2447,1000,5.29275,271,8.43206,0.000102997,0,4466,3277385576
166.507,6.00575,31.8804,0,98,74,76,2447,1000,5.29275,271,8.43206,0.000102997,0,4466,3381480189
171.088,5.84495,32.419,0,98,74,76,2447,1000,5.29275,271,8.48186,0.000102997,0,4466,3485573860
181.201,5.51873,32.419,0,98,74,76,2447,1000,5.29275,271,8.48186,0.000102997,0,4466,3589656460
166.823,5.99438,32.419,0,98,74,76,2447,1000,5.29275,271,8.48186,0.000102997,0,4466,3693754569
174.019,5.7465,32.419,0,98,74,76,2447,1000,5.29275,271,8.48186,0.000102997,0,4466,3797839183
177.577,5.63136,32.419,0,98,74,76,2447,1000,5.29275,271,8.48186,0.000102997,0,4466,3901922885
179.416,5.57364,32.25,0,98,74,76,2444,1000,5.28539,271,8.48219,0.000102997,0,4447,4006003011
186.159,5.37174,32.25,0,98,74,76,2444,1000,5.28539,271,8.48219,0.000102997,0,4447,4110115537
174.696,5.72422,32.25,0,98,74,76,2444,1000,5.28539,271,8.48219,0.000102997,0,4447,4214206393
182.674,5.47424,32.25,0,98,74,76,2444,1000,5.28539,271,8.48219,0.000102997,0,4447,4318291979
202.268,4.94394,32.25,0,98,74,76,2444,1000,5.28539,271,8.48219,0.000102997,0,4447,4422376352
201.418,4.96479,32.342,0,98,74,76,2443,1000,5.28539,271,8.48283,0.000102997,0,4458,4526467017
195.786,5.10762,32.342,0,98,74,76,2443,1000,5.28539,271,8.48283,0.000102997,0,4458,4630561149
176.524,5.66495,32.342,0,98,74,76,2443,1000,5.28539,271,8.48283,0.000102997,0,4458,4734646685
179.229,5.57945,32.342,0,98,74,76,2443,1000,5.28539,271,8.48283,0.000102997,0,4458,4838749193
177.862,5.62233,32.342,0,98,74,76,2443,1000,5.28539,271,8.48283,0.000102997,0,4458,4943033631
193.614,5.16491,41.0579,0,98,75,76,2446,1000,5.29275,271,8.46641,0.000102997,0,4464,5047127673
182.685,5.4739,41.0579,0,98,75,76,2446,1000,5.29275,271,8.46641,0.000102997,0,4464,5151216344
167.971,5.95339,41.0579,0,98,75,76,2446,1000,5.29275,271,8.46641,0.000102997,0,4464,5255304435
178.87,5.59065,41.0579,0,98,75,76,2446,1000,5.29275,271,8.46641,0.000102997,0,4464,5359433793
168.862,5.92199,41.0579,0,98,75,76,2446,1000,5.29275,271,8.46641,0.000102997,0,4464,5464124663
185.495,5.39097,31.7955,0,98,75,76,2439,1000,5.29275,271,8.45351,0.000102997,0,4456,5568219076
189.334,5.28166,31.7955,0,98,75,76,2439,1000,5.29275,271,8.45351,0.000102997,0,4456,5672328336
188.28,5.31123,31.7955,0,98,75,76,2439,1000,5.29275,271,8.45351,0.000102997,0,4456,5776414473
182.74,5.47225,31.7955,0,98,75,76,2439,1000,5.29275,271,8.45351,0.000102997,0,4456,5880846017
174.432,5.73289,31.7955,0,98,75,76,2439,1000,5.29275,271,8.45351,0.000102997,0,4456,5984949046
179.447,5.57269,32.6303,0,98,75,76,2441,1000,5.28187,271,8.45269,0.000102997,0,4464,6089043208
174.964,5.71546,32.6303,0,98,75,76,2441,1000,5.28187,271,8.45269,0.000102997,0,4464,6193133983
172.689,5.79076,32.6303,0,98,75,76,2441,1000,5.28187,271,8.45269,0.000102997,0,4464,6297223927
180.304,5.5462,32.6303,0,98,75,76,2441,1000,5.28187,271,8.45269,0.000102997,0,4464,6401318710
187.085,5.34515,33.0012,0,98,75,76,2443,1000,5.28187,271,8.42905,0.000102997,0,4464,6505402302
189.929,5.26513,33.0012,0,98,75,76,2443,1000,5.28187,271,8.42905,0.000102997,0,4464,6609489661
180.411,5.54291,33.0012,0,98,75,76,2443,1000,5.28187,271,8.42905,0.000102997,0,4464,6713575528
173.468,5.76475,33.0012,0,98,75,76,2443,1000,5.28187,271,8.42905,0.000102997,0,4464,6817675631
155.181,6.4441,33.0012,0,98,75,76,2443,1000,5.28187,271,8.42905,0.000102997,0,4464,6921797525
168.621,5.93045,33.583,0,98,75,76,2446,1000,5.27451,271,8.45349,0.000102997,0,4467,7025892608
160.42,6.23365,33.583,0,98,75,76,2446,1000,5.27451,271,8.45349,0.000102997,0,4467,7129976641
167.087,5.98491,33.583,0,98,75,76,2446,1000,5.27451,271,8.45349,0.000102997,0,4467,7234302217
187.28,5.3396,33.583,0,98,75,76,2446,1000,5.27451,271,8.45349,0.000102997,0,4467,7338386330
201.594,4.96046,33.583,0,98,75,76,2446,1000,5.27451,271,8.45349,0.000102997,0,4467,7442471836
183.994,5.43496,33.1258,0,98,75,76,2454,1000,5.29275,271,8.4621,0.000102997,0,4481,7546548655
201.228,4.96948,33.1258,0,98,75,76,2454,1000,5.29275,271,8.4621,0.000102997,0,4481,7650636745
182.746,5.47207,33.1258,0,98,75,76,2454,1000,5.29275,271,8.4621,0.000102997,0,4481,7754721550
201.524,4.96218,33.1258,0,98,75,76,2454,1000,5.29275,271,8.4621,0.000102997,0,4481,7858802236
186.98,5.34816,33.1258,0,98,75,76,2454,1000,5.29275,271,8.4621,0.000102997,0,4481,7962891940
193.118,5.17818,34.1191,0,98,75,76,2460,1000,5.29275,271,8.45738,0.000102997,0,4450,8066995489
186.67,5.35705,34.1191,0,98,75,76,2460,1000,5.29275,271,8.45738,0.000102997,0,4450,8171387139
199.007,5.02495,34.1191,0,98,75,76,2460,1000,5.29275,271,8.45738,0.000102997,0,4450,8275477654
211.79,4.72166,34.1191,0,98,75,76,2460,1000,5.29275,271,8.45738,0.000102997,0,4450,8379667876
167.813,5.959,34.1191,0,98,75,76,2460,1000,5.29275,271,8.45738,0.000102997,0,4450,8483756127
186.38,5.36537,36.1596,0,98,75,76,2460,1000,5.29275,271,8.50126,0.000102997,0,4441,8587851130
189.535,5.27607,36.1596,0,98,75,76,2460,1000,5.29275,271,8.50126,0.000102997,0,4441,8691943038
190.647,5.2453,36.1596,0,98,75,76,2460,1000,5.29275,271,8.50126,0.000102997,0,4441,8796094127
186.132,5.37254,36.1596,0,98,75,76,2460,1000,5.29275,271,8.50126,0.000102997,0,4441,8900194991
180.923,5.5272,36.1596,0,98,75,76,2460,1000,5.29275,271,8.50126,0.000102997,0,4441,9004278934
173.78,5.75439,33.5411,0,97,75,76,2456,1000,5.30151,270,8.48916,0.000102997,0,4453,9108362155
172.783,5.7876,33.5411,0,97,75,76,2456,1000,5.30151,270,8.48916,0.000102997,0,4453,9212656302
180.18,5.55,33.5411,0,97,75,76,2456,1000,5.30151,270,8.48916,0.000102997,0,4453,9316750504
173.56,5.76168,33.5411,0,97,75,76,2456,1000,5.30151,270,8.48916,0.000102997,0,4453,9420841249
181.557,5.50793,33.2503,0,98,75,76,2452,1000,5.28276,271,8.48764,0.000102997,0,4442,9525414329
185.942,5.37801,33.2503,0,98,75,76,2452,1000,5.28276,271,8.48764,0.000102997,0,4442,9629497701
186.318,5.36716,33.2503,0,98,75,76,2452,1000,5.28276,271,8.48764,0.000102997,0,4442,9733593015
174.689,5.72445,33.2503,0,98,75,76,2452,1000,5.28276,271,8.48764,0.000102997,0,4442,9837674884
158.25,6.31913,33.2503,0,98,75,76,2452,1000,5.28276,271,8.48764,0.000102997,0,4442,9941826403
159.783,6.25848,33.1665,0,98,75,76,2455,1000,5.28276,271,8.48574,0.000102997,0,4454,10045910316
183.47,5.45048,33.1665,0,98,75,76,2455,1000,5.28276,271,8.48574,0.000102997,0,4454,10149969963
178.957,5.58795,33.1665,0,98,75,76,2455,1000,5.28276,271,8.48574,0.000102997,0,4454,10254051201
180.727,5.53321,33.1665,0,98,75,76,2455,1000,5.28276,271,8.48574,0.000102997,0,4454,10358135464
175.343,5.70311,33.1665,0,98,75,76,2455,1000,5.28276,271,8.48574,0.000102997,0,4454,10462235687
202.751,4.93216,32.6708,0,99,75,76,2465,1000,5.29011,271,8.4822,0.000102997,0,4441,10567283527
166.34,6.01177,32.6708,0,99,75,76,2465,1000,5.29011,271,8.4822,0.000102997,0,4441,10671351209
190.006,5.263,32.6708,0,99,75,76,2465,1000,5.29011,271,8.4822,0.000102997,0,4441,10775441334
193.053,5.17992,32.6708,0,99,75,76,2465,1000,5.29011,271,8.4822,0.000102997,0,4441,10879527471
166.361,6.01102,32.6708,0,99,75,76,2465,1000,5.29011,271,8.4822,0.000102997,0,4441,10983611664
186.98,5.34818,32.791,0,99,75,76,2466,1000,5.29011,271,8.47548,0.000102997,0,4463,11087940075
193.301,5.17327,32.791,0,99,75,76,2466,1000,5.29011,271,8.47548,0.000102997,0,4463,11192025711
176.553,5.66403,32.791,0,99,75,76,2466,1000,5.29011,271,8.47548,0.000102997,0,4463,11296106608
177.186,5.6438,32.791,0,99,75,76,2466,1000,5.29011,271,8.47548,0.000102997,0,4463,11400191362
182.253,5.48688,32.791,0,99,75,76,2466,1000,5.29011,271,8.47548,0.000102997,0,4463,11504315099
193.443,5.16948,33.6671,0,98,75,76,2475,1000,5.29011,271,8.47729,0.000102997,0,4458,11608411215
196.913,5.07837,33.6671,0,98,75,76,2475,1000,5.29011,271,8.47729,0.000102997,0,4458,11712500608
175.587,5.6952,33.6671,0,98,75,76,2475,1000,5.29011,271,8.47729,0.000102997,0,4458,11816570725
196.641,5.0854,33.6671,0,98,75,76,2475,1000,5.29011,271,8.47729,0.000102997,0,4458,11920654116
172.219,5.80658,33.6671,0,98,75,76,2475,1000,5.29011,271,8.47729,0.000102997,0,4458,12024737388
186.125,5.37273,33.4586,0,98,75,76,2473,1000,5.29011,271,8.4762,0.000102997,0,4468,12128826941
159.678,6.26259,33.4586,0,98,75,76,2473,1000,5.29011,271,8.4762,0.000102997,0,4468,12234053035
183.822,5.44006,33.4586,0,98,75,76,2473,1000,5.29011,271,8.4762,0.000102997,0,4468,12338142859
190.073,5.26114,33.4586,0,98,75,76,2473,1000,5.29011,271,8.4762,0.000102997,0,4468,12442230198
166.321,6.01247,32.834,0,98,75,76,2476,1000,5.29011,271,8.47556,0.000102997,0,4455,12546318809
186.109,5.37319,32.834,0,98,75,76,2476,1000,5.29011,271,8.47556,0.000102997,0,4455,12650406369
182.491,5.47973,32.834,0,98,75,76,2476,1000,5.29011,271,8.47556,0.000102997,0,4455,12754490462
185.569,5.38882,32.834,0,98,75,76,2476,1000,5.29011,271,8.47556,0.000102997,0,4455,12858581227
199.065,5.02349,32.834,0,98,75,76,2476,1000,5.29011,271,8.47556,0.000102997,0,4455,12962669939
171.397,5.83441,33.5821,0,99,75,76,2486,1000,5.28275,271,8.48078,0.000102997,0,4403,13066942225
143.86,6.95119,33.5821,0,99,75,76,2486,1000,5.28275,271,8.48078,0.000102997,0,4403,13171033682
204.736,4.88435,33.5821,0,99,75,76,2486,1000,5.28275,271,8.48078,0.000102997,0,4403,13275123976
180.112,5.55211,33.5821,0,99,75,76,2486,1000,5.28275,271,8.48078,0.000102997,0,4403,13379216625
182.837,5.46934,33.5821,0,99,75,76,2486,1000,5.28275,271,8.48078,0.000102997,0,4403,13483546119
190.9,5.23833,33.794,0,99,75,76,2486,1000,5.28275,271,8.48203,0.000102997,0,4455,13587641553
202.038,4.94957,33.794,0,99,75,76,2486,1000,5.28275,271,8.48203,0.000102997,0,4455,13691727680
227.89,4.38808,33.794,0,99,75,76,2486,1000,5.28275,271,8.48203,0.000102997,0,4455,13795837341
183.574,5.44739,33.794,0,99,75,76,2486,1000,5.28275,271,8.48203,0.000102997,0,4455,13899925471
171.184,5.84166,33.794,0,99,75,76,2486,1000,5.28275,271,8.48203,0.000102997,0,4455,14004016808
216.581,4.61721,33.25,0,98,75,76,2480,1000,5.29011,271,8.48275,0.000102997,0,4452,14108484049
191.401,5.22465,33.25,0,98,75,76,2480,1000,5.29011,271,8.48275,0.000102997,0,4452,14212569154
189.529,5.27623,33.25,0,98,75,76,2480,1000,5.29011,271,8.48275,0.000102997,0,4452,14316655381
200.712,4.98225,33.25,0,98,75,76,2480,1000,5.29011,271,8.48275,0.000102997,0,4452,14421455296
188.275,5.31137,33.25,0,98,75,76,2480,1000,5.29011,271,8.48275,0.000102997,0,4452,14525541002
209.737,4.76788,35.0943,0,98,75,76,2480,1000,5.29011,271,8.48166,0.000102997,0,4441,14629632639
195.19,5.12321,35.0943,0,98,75,76,2480,1000,5.29011,271,8.48166,0.000102997,0,4441,14733885849
220.016,4.54512,35.0943,0,98,75,76,2480,1000,5.29011,271,8.48166,0.000102997,0,4441,14837972808
161.274,6.20062,35.0943,0,98,75,76,2480,1000,5.29011,271,8.48166,0.000102997,0,4441,14942056059
201.842,4.95437,35.0943,0,98,75,76,2480,1000,5.29011,271,8.48166,0.000102997,0,4441,15046416741
180.915,5.52746,37.6884,0,98,75,76,2485,1000,5.29011,271,8.48725,0.000102997,0,4442,15150516924
187.399,5.33622,37.6884,0,98,75,76,2485,1000,5.29011,271,8.48725,0.000102997,0,4442,15254614302
200.325,4.99189,37.6884,0,98,75,76,2485,1000,5.29011,271,8.48725,0.000102997,0,4442,15358728391
179.959,5.55682,37.6884,0,98,75,76,2485,1000,5.29011,271,8.48725,0.000102997,0,4442,15462826360
178.325,5.60772,37.1108,0,97,75,76,2491,1000,5.29011,269,8.48747,0.000102997,0,4441,15568109671
172.995,5.78052,37.1108,0,97,75,76,2491,1000,5.29011,269,8.48747,0.000102997,0,4441,15672213972
203.02,4.92563,37.1108,0,97,75,76,2491,1000,5.29011,269,8.48747,0.000102997,0,4441,15776314857
191.399,5.22469,37.1108,0,97,75,76,2491,1000,5.29011,269,8.48747,0.000102997,0,4441,15880411353
226.386,4.41724,37.1108,0,97,75,76,2491,1000,5.29011,269,8.48747,0.000102997,0,4441,15984496238
199.766,5.00587,37.995,0,98,75,76,2492,1000,5.29011,271,8.49155,0.000102997,0,4441,16088591161
193.266,5.17422,37.995,0,98,75,76,2492,1000,5.29011,271,8.49155,0.000102997,0,4441,16192744373
199.176,5.02067,37.995,0,98,75,76,2492,1000,5.29011,271,8.49155,0.000102997,0,4441,16296835961
214.689,4.65789,37.995,0,98,75,76,2492,1000,5.29011,271,8.49155,0.000102997,0,4441,16400939460
186.447,5.36344,37.995,0,98,75,76,2492,1000,5.29011,271,8.49155,0.000102997,0,4441,16505045995
181.615,5.50615,37.5315,0,98,75,76,2494,1000,5.29011,271,8.49157,0.000102997,0,4423,16609132493
169.538,5.89838,37.5315,0,98,75,76,2494,1000,5.29011,271,8.49157,0.000102997,0,4423,16713221445
189.071,5.28903,37.5315,0,98,75,76,2494,1000,5.29011,271,8.49157,0.000102997,0,4423,16817321748
210.266,4.75589,37.5315,0,98,75,76,2494,1000,5.29011,271,8.49157,0.000102997,0,4423,16921409067
214.983,4.65154,37.5315,0,98,75,76,2494,1000,5.29011,271,8.49157,0.000102997,0,4423,17025506365
181.987,5.4949,37.8109,0,98,75,76,2493,1000,5.29011,271,8.50637,0.000102997,0,4441,17129618661
219.74,4.55083,37.8109,0,98,75,76,2493,1000,5.29011,271,8.50637,0.000102997,0,4441,17234332514
182.455,5.48081,37.8109,0,98,75,76,2493,1000,5.29011,271,8.50637,0.000102997,0,4441,17338420425
187.92,5.32142,37.8109,0,98,75,76,2493,1000,5.29011,271,8.50637,0.000102997,0,4441,17442507243
196.102,5.09938,37.8109,0,98,75,76,2493,1000,5.29011,271,8.50637,0.000102997,0,4441,17546590995
177.51,5.63348,37.2005,0,98,75,76,2494,1000,5.28275,271,8.5059,0.000102997,0,4441,17650680699
198.324,5.04224,37.2005,0,98,75,76,2494,1000,5.28275,271,8.5059,0.000102997,0,4441,17754773037
198.404,5.04021,37.2005,0,98,75,76,2494,1000,5.28275,271,8.5059,0.000102997,0,4441,17858825170
187.121,5.34414,37.2005,0,98,75,76,2494,1000,5.28275,271,8.5059,0.000102997,0,4441,17962963485
200.442,4.98896,37.2005,0,98,75,76,2494,1000,5.28275,271,8.5059,0.000102997,0,4441,18067050914
174.224,5.73974,37.764,0,98,75,76,2494,1000,5.28275,271,8.50513,0.000102997,0,4441,18171195541
253.277,3.94825,37.764,0,98,75,76,2494,1000,5.28275,271,8.50513,0.000102997,0,4441,18275295493
171.072,5.8455,37.764,0,98,75,76,2494,1000,5.28275,271,8.50513,0.000102997,0,4441,18379383173
165.682,6.03567,37.764,0,98,75,76,2494,1000,5.28275,271,8.50513,0.000102997,0,4441,18483467497
196.067,5.10029,37.8277,0,98,76,76,2501,1000,5.30103,271,8.50181,0.000102997,0,4441,18587558072
176.751,5.65769,37.8277,0,98,76,76,2501,1000,5.30103,271,8.50181,0.000102997,0,4441,18691643096
133.84,7.47163,37.8277,0,98,76,76,2501,1000,5.30103,271,8.50181,0.000102997,0,4441,18795879936
123.092,8.12398,37.8277,0,98,76,76,2501,1000,5.30103,271,8.50181,0.000102997,0,4441,18899969108
203.501,4.91398,37.8277,0,98,76,76,2501,1000,5.30103,271,8.50181,0.000102997,0,4441,19004076194
184.853,5.40969,42.7861,0,98,76,76,2497,1000,5.30104,271,8.56396,0.000102997,0,4440,19108164205
175.181,5.70838,42.7861,0,98,76,76,2497,1000,5.30104,271,8.56396,0.000102997,0,4440,19212286790
212.085,4.71508,42.7861,0,98,76,76,2497,1000,5.30104,271,8.56396,0.000102997,0,4440,19316371815
226.155,4.42175,42.7861,0,98,76,76,2497,1000,5.30104,271,8.56396,0.000102997,0,4440,19420867640
170.084,5.87946,42.7861,0,98,76,76,2497,1000,5.30104,271,8.56396,0.000102997,0,4440,19524953225
219.988,4.5457,39.4737,0,96,76,76,2478,1000,5.29014,264,8.56596,0.000102997,0,4433,19629058198
200.088,4.99781,39.4737,0,96,76,76,2478,1000,5.29014,264,8.56596,0.000102997,0,4433,19733146098
228.268,4.38081,39.4737,0,96,76,76,2478,1000,5.29014,264,8.56596,0.000102997,0,4433,19837244808
239.085,4.18261,39.4737,0,96,76,76,2478,1000,5.29014,264,8.56596,0.000102997,0,4433,19941334542
198.589,5.03553,39.4737,0,96,76,76,2478,1000,5.29014,264,8.56596,0.000102997,0,4433,20045441768
212.101,4.71473,39.3711,0,98,76,76,2473,1000,5.29014,271,8.5692,0.000102997,0,4441,20149527364
218.241,4.5821,39.3711,0,98,76,76,2473,1000,5.29014,271,8.5692,0.000102997,0,4441,20253658004
245.132,4.07943,39.3711,0,98,76,76,2473,1000,5.29014,271,8.5692,0.000102997,0,4441,20357753158
220.321,4.53883,39.3711,0,98,76,76,2473,1000,5.29014,271,8.5692,0.000102997,0,4441,20461854644
208.157,4.80408,39.3711,0,98,76,76,2473,1000,5.29014,271,8.5692,0.000102997,0,4441,20565949687
192.508,5.19459,39.1034,0,98,76,76,2474,1000,5.29014,271,8.56894,0.000102997,0,4432,20670050532
155.984,6.41091,39.1034,0,98,76,76,2474,1000,5.29014,271,8.56894,0.000102997,0,4432,20774144904
152.97,6.53724,39.1034,0,98,76,76,2474,1000,5.29014,271,8.56894,0.000102997,0,4432,20878231482
209.671,4.76937,39.1034,0,98,76,76,2474,1000,5.29014,271,8.56894,0.000102997,0,4432,20982326235
182.233,5.48748,39.1034,0,98,76,76,2474,1000,5.29014,271,8.56894,0.000102997,0,4432,21086413203
216.272,4.6238,39.6226,0,98,76,76,2485,1000,5.29014,271,8.57074,0.000102997,0,4440,21190474173
219.227,4.56147,39.6226,0,98,76,76,2485,1000,5.29014,271,8.57074,0.000102997,0,4440,21294559558
251.139,3.98185,39.6226,0,98,76,76,2485,1000,5.29014,271,8.57074,0.000102997,0,4440,21398652447
190.892,5.23855,39.6226,0,98,76,76,2485,1000,5.29014,271,8.57074,0.000102997,0,4440,21502744105
174.35,5.7356,39.9497,0,98,76,76,2479,1000,5.29014,271,8.5369,0.000102997,0,4441,21607646241
199.957,5.00108,39.9497,0,98,76,76,2479,1000,5.29014,271,8.5369,0.000102997,0,4441,21711736596
166.11,6.0201,39.9497,0,98,76,76,2479,1000,5.29014,271,8.5369,0.000102997,0,4441,21815819347
155.345,6.4373,39.9497,0,98,76,76,2479,1000,5.29014,271,8.5369,0.000102997,0,4441,21919901155
248.937,4.01708,39.9497,0,98,76,76,2479,1000,5.29014,271,8.5369,0.000102997,0,4441,22023984407
215.457,4.64129,35.4351,0,98,76,76,2476,1000,5.28278,271,8.53698,0.000102997,0,4436,22128094869
158.664,6.30265,35.4351,0,98,76,76,2476,1000,5.28278,271,8.53698,0.000102997,0,4436,22232187468
177.99,5.6183,35.4351,0,98,76,76,2476,1000,5.28278,271,8.53698,0.000102997,0,4436,22336278685
164.335,6.08515,35.4351,0,98,76,76,2476,1000,5.28278,271,8.53698,0.000102997,0,4436,22440378778
145.518,6.87201,35.4351,0,98,76,76,2476,1000,5.28278,271,8.53698,0.000102997,0,4436,22544462790
216.766,4.61328,35.1621,0,98,76,76,2476,1000,5.28278,271,8.53714,0.000102997,0,4441,22648547935
205.117,4.87527,35.1621,0,98,76,76,2476,1000,5.28278,271,8.53714,0.000102997,0,4441,22752638591
170.069,5.87996,35.1621,0,98,76,76,2476,1000,5.28278,271,8.53714,0.000102997,0,4441,22857018248
163.561,6.11394,35.1621,0,98,76,76,2476,1000,5.28278,271,8.53714,0.000102997,0,4441,22961107761
177.751,5.62584,35.1621,0,98,76,76,2476,1000,5.28278,271,8.53714,0.000102997,0,4441,23065199438
171.733,5.82301,36.0697,0,99,76,76,2477,1000,5.28278,271,8.52462,0.000102997,0,4413,23169289352
185.024,5.40469,36.0697,0,99,76,76,2477,1000,5.28278,271,8.52462,0.000102997,0,4413,23273387451
164.728,6.07061,36.0697,0,99,76,76,2477,1000,5.28278,271,8.52462,0.000102997,0,4413,23377472967
190.28,5.2554,36.0697,0,99,76,76,2477,1000,5.28278,271,8.52462,0.000102997,0,4413,23481560086
168.399,5.93828,36.0697,0,99,76,76,2477,1000,5.28278,271,8.52462,0.000102997,0,4413,23585655560
192.976,5.18199,39.174,0,99,76,76,2477,1000,5.28278,271,8.52318,0.000102997,0,4436,23689750664
189.108,5.28799,39.174,0,99,76,76,2477,1000,5.28278,271,8.52318,0.000102997,0,4436,23793837432
167.937,5.95462,39.174,0,99,76,76,2477,1000,5.28278,271,8.52318,0.000102997,0,4436,23897922226
211.135,4.7363,39.174,0,99,76,76,2477,1000,5.28278,271,8.52318,0.000102997,0,4436,24002022820
181.822,5.49988,39.174,0,99,76,76,2477,1000,5.28278,271,8.52318,0.000102997,0,4436,24106107003
180.32,5.54571,35.9649,0,98,76,76,2479,1000,5.28352,271,8.51558,0.000102997,0,4416,24210192609
222.612,4.49211,35.9649,0,98,76,76,2479,1000,5.28352,271,8.51558,0.000102997,0,4416,24314277544
180.653,5.53548,35.9649,0,98,76,76,2479,1000,5.28352,271,8.51558,0.000102997,0,4416,24418362819
220.903,4.52688,35.9649,0,98,76,76,2479,1000,5.28352,271,8.51558,0.000102997,0,4416,24522445850
192.574,5.19282,37.3116,0,99,76,76,2479,1000,5.28278,271,8.49096,0.000102997,0,4439,24626534201
166.603,6.0023,37.3116,0,99,76,76,2479,1000,5.28278,271,8.49096,0.000102997,0,4439,24730617302
253.972,3.93744,37.3116,0,99,76,76,2479,1000,5.28278,271,8.49096,0.000102997,0,4439,24834705863
174.33,5.73624,37.3116,0,99,76,76,2479,1000,5.28278,271,8.49096,0.000102997,0,4439,24938799134
176.083,5.67913,37.3116,0,99,76,76,2479,1000,5.28278,271,8.49096,0.000102997,0,4439,25042859552
188.366,5.3088,35.2718,0,99,76,76,2479,1000,5.28278,271,8.49082,0.000102997,0,4441,25146950688
189.272,5.28341,35.2718,0,99,76,76,2479,1000,5.28278,271,8.49082,0.000102997,0,4441,25251036364
191.618,5.2187,35.2718,0,99,76,76,2479,1000,5.28278,271,8.49082,0.000102997,0,4441,25355138371
190.132,5.25951,35.2718,0,99,76,76,2479,1000,5.28278,271,8.49082,0.000102997,0,4441,25459235879
201.325,4.96708,35.2718,0,99,76,76,2479,1000,5.28278,271,8.49082,0.000102997,0,4441,25563334519
153.082,6.53243,35.8302,0,99,76,76,2482,1000,5.28352,271,8.46973,0.000102997,0,4441,25667428321
184.293,5.42613,35.8302,0,99,76,76,2482,1000,5.28352,271,8.46973,0.000102997,0,4441,25771511853
179.558,5.56923,35.8302,0,99,76,76,2482,1000,5.28352,271,8.46973,0.000102997,0,4441,25875672669
188.913,5.29344,35.8302,0,99,76,76,2482,1000,5.28352,271,8.46973,0.000102997,0,4441,25979765298
196.969,5.07693,35.8302,0,99,76,76,2482,1000,5.28352,271,8.46973,0.000102997,0,4441,26083850674
215.406,4.6424,35.5444,0,98,76,76,2479,1000,5.28278,271,8.46794,0.000102997,0,4446,26187948893
198.033,5.04967,35.5444,0,98,76,76,2479,1000,5.28278,271,8.46794,0.000102997,0,4446,26292046151
187.142,5.34354,35.5444,0,98,76,76,2479,1000,5.28278,271,8.46794,0.000102997,0,4446,26396139632
174.796,5.72095,35.5444,0,98,76,76,2479,1000,5.28278,271,8.46794,0.000102997,0,4446,26500388564
170.65,5.85994,35.5444,0,98,76,76,2479,1000,5.28278,271,8.46794,0.000102997,0,4446,26604483928
163.846,6.10328,35.7775,0,98,76,76,2478,1000,5.28278,271,8.46511,0.000102997,0,4438,26708568642
206.475,4.84319,35.7775,0,98,76,76,2478,1000,5.28278,271,8.46511,0.000102997,0,4438,26814066716
169.415,5.90267,35.7775,0,98,76,76,2478,1000,5.28278,271,8.46511,0.000102997,0,4438,26918149687
198.405,5.0402,35.7775,0,98,76,76,2478,1000,5.28278,271,8.46511,0.000102997,0,4438,27022243298
203.309,4.91861,35.7775,0,98,76,76,2478,1000,5.28278,271,8.46511,0.000102997,0,4438,27127651343
170.129,5.8779,36.7296,0,99,76,76,2479,1000,5.28325,271,8.4675,0.000102997,0,4435,27231749402
184.588,5.41746,36.7296,0,99,76,76,2479,1000,5.28325,271,8.4675,0.000102997,0,4435,27335832483
186.458,5.36314,36.7296,0,99,76,76,2479,1000,5.28325,271,8.4675,0.000102997,0,4435,27440190189
167.295,5.97747,36.7296,0,99,76,76,2479,1000,5.28325,271,8.4675,0.000102997,0,4435,27544532226
180.615,5.53664,40.3531,0,99,76,76,2481,1000,5.29502,271,8.4449,0.000102997,0,4441,27648632569
213.723,4.67896,40.3531,0,99,76,76,2481,1000,5.29502,271,8.4449,0.000102997,0,4441,27752680585
184.997,5.4055,40.3531,0,99,76,76,2481,1000,5.29502,271,8.4449,0.000102997,0,4441,27856764998
193.486,5.16832,40.3531,0,99,76,76,2481,1000,5.29502,271,8.4449,0.000102997,0,4441,27960846136
237.21,4.21567,40.3531,0,99,76,76,2481,1000,5.29502,271,8.4449,0.000102997,0,4441,28064948934
192.496,5.19492,37.1212,0,98,76,76,2480,1000,5.29455,271,8.44682,0.000102997,0,4441,28169032195
232.612,4.29901,37.1212,0,98,76,76,2480,1000,5.29455,271,8.44682,0.000102997,0,4441,28273664626
158.269,6.31838,37.1212,0,98,76,76,2480,1000,5.29455,271,8.44682,0.000102997,0,4441,28377756254
181.926,5.49674,37.1212,0,98,76,76,2480,1000,5.29455,271,8.44682,0.000102997,0,4441,28481848762
169.747,5.89114,37.1212,0,98,76,76,2480,1000,5.29455,271,8.44682,0.000102997,0,4441,28585947743
195.362,5.1187,35.6873,0,98,76,76,2479,1000,5.28719,271,8.42633,0.000102997,0,4439,28690030875
193.426,5.16994,35.6873,0,98,76,76,2479,1000,5.28719,271,8.42633,0.000102997,0,4439,28794133713
221.21,4.52059,35.6873,0,98,76,76,2479,1000,5.28719,271,8.42633,0.000102997,0,4439,28898221573
191.653,5.21777,35.6873,0,98,76,76,2479,1000,5.28719,271,8.42633,0.000102997,0,4439,29002407707
179.888,5.55901,35.6873,0,98,76,76,2479,1000,5.28719,271,8.42633,0.000102997,0,4439,29106494966
183.641,5.44541,36.4557,0,98,76,76,2479,1000,5.28719,271,8.44009,0.000102997,0,4440,29210793371
185.237,5.39849,36.4557,0,98,76,76,2479,1000,5.28719,271,8.44009,0.000102997,0,4440,29314881942
204.418,4.89193,36.4557,0,98,76,76,2479,1000,5.28719,271,8.44009,0.000102997,0,4440,29418970293
153.573,6.51156,36.4557,0,98,76,76,2479,1000,5.28719,271,8.44009,0.000102997,0,4440,29523451591
250.403,3.99356,36.4557,0,98,76,76,2479,1000,5.28719,271,8.44009,0.000102997,0,4440,29627535594
192.553,5.19338,38.0597,0,98,76,76,2483,1000,5.26845,271,8.43624,0.000102997,0,4442,29731594960
177.017,5.64917,38.0597,0,98,76,76,2483,1000,5.26845,271,8.43624,0.000102997,0,4442,29835681899
178.102,5.61477,38.0597,0,98,76,76,2483,1000,5.26845,271,8.43624,0.000102997,0,4442,29939767585
160.719,6.22203,38.0597,0,98,76,76,2483,1000,5.26845,271,8.43624,0.000102997,0,4442,30044009904
218.131,4.58439,38.0597,0,98,76,76,2483,1000,5.26845,271,8.43624,0.000102997,0,4442,30148099738
205.923,4.85619,36.2484,0,98,76,76,2476,1000,5.26798,271,8.41561,0.000102997,0,4448,30252232322
200.205,4.99487,36.2484,0,98,76,76,2476,1000,5.26798,271,8.41561,0.000102997,0,4448,30356316906
254.91,3.92296,36.2484,0,98,76,76,2476,1000,5.26798,271,8.41561,0.000102997,0,4448,30460400248
247.359,4.04271,36.2484,0,98,76,76,2476,1000,5.26798,271,8.41561,0.000102997,0,4448,30564489681
193.505,5.16782,38.0176,0,98,76,76,2477,1000,5.26798,271,8.43238,0.000102997,0,4433,30668582540
175.13,5.71005,38.0176,0,98,76,76,2477,1000,5.26798,271,8.43238,0.000102997,0,4433,30772863532
190.571,5.2474,38.0176,0,98,76,76,2477,1000,5.26798,271,8.43238,0.000102997,0,4433,30876947655
187.84,5.32367,38.0176,0,98,76,76,2477,1000,5.26798,271,8.43238,0.000102997,0,4433,30981041116
214.288,4.66662,38.0176,0,98,76,76,2477,1000,5.26798,271,8.43238,0.000102997,0,4433,31085127002
182.461,5.48062,38.0247,0,98,76,76,2474,1000,5.27534,271,8.44212,0.000102997,0,4441,31189213279
219.731,4.55101,38.0247,0,98,76,76,2474,1000,5.27534,271,8.44212,0.000102997,0,4441,31294053199
197.089,5.07385,38.0247,0,98,76,76,2474,1000,5.27534,271,8.44212,0.000102997,0,4441,31398136962
169.272,5.90765,38.0247,0,98,76,76,2474,1000,5.27534,271,8.44212,0.000102997,0,4441,31502220574
160.279,6.23913,38.0247,0,98,76,76,2474,1000,5.27534,271,8.44212,0.000102997,0,4441,31606303064
165.909,6.0274,39.899,0,98,76,76,2471,1000,5.27534,271,8.45052,0.000102997,0,4426,31710398007
174.763,5.72204,39.899,0,98,76,76,2471,1000,5.27534,271,8.45052,0.000102997,0,4426,31814560096
178.415,5.6049,39.899,0,98,76,76,2471,1000,5.27534,271,8.45052,0.000102997,0,4426,31918675318
188.597,5.30231,39.899,0,98,76,76,2471,1000,5.27534,271,8.45052,0.000102997,0,4426,32022770151
89.0476,11.2299,39.899,0,98,76,76,2471,1000,5.27534,271,8.45052,0.000102997,0,4426,32126918234
207.195,4.82637,47.2292,0,98,76,76,2480,1000,5.29063,271,8.45219,0.000102997,0,4420,32231062079
209.799,4.76646,47.2292,0,98,76,76,2480,1000,5.29063,271,8.45219,0.000102997,0,4420,32335148005
190.703,5.24375,47.2292,0,98,76,76,2480,1000,5.29063,271,8.45219,0.000102997,0,4420,32439236597
159.852,6.2558,47.2292,0,98,76,76,2480,1000,5.29063,271,8.45219,0.000102997,0,4420,32543978844
159.304,6.27731,47.2292,0,98,76,76,2480,1000,5.29063,271,8.45219,0.000102997,0,4420,32648065091
176.682,5.65988,40.227,0,94,76,76,2475,1000,5.29016,263,8.46072,0.000102997,0,4434,32752158081
163.778,6.10581,40.227,0,94,76,76,2475,1000,5.29016,263,8.46072,0.000102997,0,4434,32856245179
177.567,5.63168,40.227,0,94,76,76,2475,1000,5.29016,263,8.46072,0.000102997,0,4434,32960341345
179.612,5.56756,40.227,0,94,76,76,2475,1000,5.29016,263,8.46072,0.000102997,0,4434,33064424576
187.808,5.32459,40.227,0,94,76,76,2475,1000,5.29016,263,8.46072,0.000102997,0,4434,33168517887
154.127,6.48816,39.7004,0,98,77,76,2484,1000,5.29016,271,8.48574,0.000102997,0,4416,33273279870
161.098,6.20739,39.7004,0,98,77,76,2484,1000,5.29016,271,8.48574,0.000102997,0,4416,33377363463
158.941,6.29165,39.7004,0,98,77,76,2484,1000,5.29016,271,8.48574,0.000102997,0,4416,33481449599
171.314,5.83723,39.7004,0,98,77,76,2484,1000,5.29016,271,8.48574,0.000102997,0,4416,33585567576
225.187,4.44075,39.0213,0,98,77,76,2480,1000,5.28281,271,8.46983,0.000102997,0,4434,33689656298
201.681,4.95834,39.0213,0,98,77,76,2480,1000,5.28281,271,8.46983,0.000102997,0,4434,33793742565
176.929,5.652,39.0213,0,98,77,76,2480,1000,5.28281,271,8.46983,0.000102997,0,4434,33897841025
189.27,5.28345,39.0213,0,98,77,76,2480,1000,5.28281,271,8.46983,0.000102997,0,4434,34002554157
182.911,5.46714,39.0213,0,98,77,76,2480,1000,5.28281,271,8.46983,0.000102997,0,4434,34106611770
187.98,5.31971,39.9254,0,98,77,76,2480,1000,5.28281,271,8.46732,0.000102997,0,4434,34210694090
171.369,5.83537,39.9254,0,98,77,76,2480,1000,5.28281,271,8.46732,0.000102997,0,4434,34314982897
168.109,5.94853,39.9254,0,98,77,76,2480,1000,5.28281,271,8.46732,0.000102997,0,4434,34419083751
182.337,5.48434,39.9254,0,98,77,76,2480,1000,5.28281,271,8.46732,0.000102997,0,4434,34523177132
166.395,6.00978,39.9254,0,98,77,76,2480,1000,5.28281,271,8.46732,0.000102997,0,4434,34627250374
194.64,5.13768,39.3258,0,98,77,76,2481,1000,5.29016,271,8.47528,0.000102997,0,4438,34731647394
171.225,5.84027,39.3258,0,98,77,76,2481,1000,5.29016,271,8.47528,0.000102997,0,4438,34835730285
177.086,5.64699,39.3258,0,98,77,76,2481,1000,5.29016,271,8.47528,0.000102997,0,4438,34939832382
170.618,5.86103,39.3258,0,98,77,76,2481,1000,5.29016,271,8.47528,0.000102997,0,4438,35043920572
152.945,6.53828,39.3258,0,98,77,76,2481,1000,5.29016,271,8.47528,0.000102997,0,4438,35148025494
138.006,7.24606,37.7972,0,99,77,76,2477,1000,5.29016,271,8.47453,0.000102997,0,4441,35252137490
176.568,5.66354,37.7972,0,99,77,76,2477,1000,5.29016,271,8.47453,0.000102997,0,4441,35356303296
205.175,4.8739,37.7972,0,99,77,76,2477,1000,5.29016,271,8.47453,0.000102997,0,4441,35460400153
172.802,5.78698,37.7972,0,99,77,76,2477,1000,5.29016,271,8.47453,0.000102997,0,4441,35564486019
166.224,6.01598,37.7972,0,99,77,76,2477,1000,5.29016,271,8.47453,0.000102997,0,4441,35669551282
172.504,5.79697,37.6263,0,98,77,76,2482,1000,5.29016,271,8.47031,0.000102997,0,4426,35773635705
176.265,5.67328,37.6263,0,98,77,76,2482,1000,5.29016,271,8.47031,0.000102997,0,4426,35877737852
164.835,6.06668,37.6263,0,98,77,76,2482,1000,5.29016,271,8.47031,0.000102997,0,4426,35981822216
161.208,6.20317,37.6263,0,98,77,76,2482,1000,5.29016,271,8.47031,0.000102997,0,4426,36086069194
163.398,6.12003,37.6263,0,98,77,76,2482,1000,5.29016,271,8.47031,0.000102997,0,4426,36190163075
181.892,5.49776,38.8614,0,99,77,76,2484,1000,5.28281,271,8.45252,0.000102997,0,4441,36294249713
152.197,6.57042,38.8614,0,99,77,76,2484,1000,5.28281,271,8.45252,0.000102997,0,4441,36398339256
182.682,5.47399,38.8614,0,99,77,76,2484,1000,5.28281,271,8.45252,0.000102997,0,4441,36502424692
168.834,5.92299,38.8614,0,99,77,76,2484,1000,5.28281,271,8.45252,0.000102997,0,4441,36606514456
179.62,5.5673,38.0176,0,99,77,77,2479,1000,5.28281,271,8.45386,0.000102997,0,4441,36710607365
207.97,4.80838,38.0176,0,99,77,77,2479,1000,5.28281,271,8.45386,0.000102997,0,4441,36814745469
204.841,4.88183,38.0176,0,99,77,77,2479,1000,5.28281,271,8.45386,0.000102997,0,4441,36918829452
173.891,5.75072,38.0176,0,99,77,77,2479,1000,5.28281,271,8.45386,0.000102997,0,4441,37022916150
197.27,5.0692,38.0176,0,99,77,77,2479,1000,5.28281,271,8.45386,0.000102997,0,4441,37126997849
182.466,5.48046,38.7833,0,98,77,76,2475,1000,5.2833,271,8.46686,0.000102997,0,4440,37231094335
175.123,5.71026,38.7833,0,98,77,76,2475,1000,5.2833,271,8.46686,0.000102997,0,4440,37335194187
219.414,4.55758,38.7833,0,98,77,76,2475,1000,5.2833,271,8.46686,0.000102997,0,4440,37439290433
204.736,4.88435,38.7833,0,98,77,76,2475,1000,5.2833,271,8.46686,0.000102997,0,4440,37543382020
188.123,5.31568,38.7833,0,98,77,76,2475,1000,5.2833,271,8.46686,0.000102997,0,4440,37647480691
160.891,6.21537,39.3173,0,98,77,76,2483,1000,5.2833,271,8.46663,0.000102997,0,4414,37751579361
187.489,5.33365,39.3173,0,98,77,76,2483,1000,5.2833,271,8.46663,0.000102997,0,4414,37855662091
164.116,6.09325,39.3173,0,98,77,76,2483,1000,5.2833,271,8.46663,0.000102997,0,4414,37960357080
203.343,4.9178,39.3173,0,98,77,76,2483,1000,5.2833,271,8.46663,0.000102997,0,4414,38064448687
263.184,3.79962,39.3173,0,98,77,76,2483,1000,5.2833,271,8.46663,0.000102997,0,4414,38168513063
171.321,5.83698,38.91,0,98,77,77,2479,1000,5.28283,271,8.44368,0.000102997,0,4441,38272606263
241.598,4.13911,38.91,0,98,77,77,2479,1000,5.28283,271,8.44368,0.000102997,0,4441,38376691819
178.494,5.60242,38.91,0,98,77,77,2479,1000,5.28283,271,8.44368,0.000102997,0,4441,38480745996
184.897,5.40841,38.91,0,98,77,77,2479,1000,5.28283,271,8.44368,0.000102997,0,4441,38584838224
163.782,6.10568,38.91,0,98,77,77,2479,1000,5.28283,271,8.44368,0.000102997,0,4441,38688924281
203.671,4.90987,38.8679,0,99,77,76,2485,1000,5.30111,271,8.44243,0.000102997,0,4436,38793017360
204.248,4.896,38.8679,0,99,77,76,2485,1000,5.30111,271,8.44243,0.000102997,0,4436,38897180151
187.646,5.32919,38.8679,0,99,77,76,2485,1000,5.30111,271,8.44243,0.000102997,0,4436,39002205118
143.741,6.95696,38.8679,0,99,77,76,2485,1000,5.30111,271,8.44243,0.000102997,0,4436,39106298338
183.705,5.4435,39.0704,0,99,77,76,2485,1000,5.30111,271,8.46413,0.000102997,0,4438,39210379345
212.811,4.699,39.0704,0,99,77,76,2485,1000,5.30111,271,8.46413,0.000102997,0,4438,39314464310
187.443,5.33496,39.0704,0,99,77,76,2485,1000,5.30111,271,8.46413,0.000102997,0,4438,39418561367
149.473,6.69018,39.0704,0,99,77,76,2485,1000,5.30111,271,8.46413,0.000102997,0,4438,39522662773
192.882,5.18451,39.0704,0,99,77,76,2485,1000,5.30111,271,8.46413,0.000102997,0,4438,39626748068
211.297,4.73267,39.7484,0,98,77,76,2480,1000,5.30111,271,8.46567,0.000102997,0,4416,39730869531
193.284,5.17374,39.7484,0,98,77,76,2480,1000,5.30111,271,8.46567,0.000102997,0,4416,39834965687
212.806,4.69911,39.7484,0,98,77,76,2480,1000,5.30111,271,8.46567,0.000102997,0,4416,39939590083
203.9,4.90436,39.7484,0,98,77,76,2480,1000,5.30111,271,8.46567,0.000102997,0,4416,40043688743
287.464,3.4787,39.7484,0,98,77,76,2480,1000,5.30111,271,8.46567,0.000102997,0,4416,40148106071
194.952,5.12947,38.1304,0,98,77,76,2479,1000,5.30111,271,8.46049,0.000102997,0,4416,40252195073
238.24,4.19744,38.1304,0,98,77,76,2479,1000,5.30111,271,8.46049,0.000102997,0,4416,40356281410
201.896,4.95306,38.1304,0,98,77,76,2479,1000,5.30111,271,8.46049,0.000102997,0,4416,40460371014
169.936,5.88455,38.1304,0,98,77,76,2479,1000,5.30111,271,8.46049,0.000102997,0,4416,40564468592
198.993,5.02529,38.1304,0,98,77,76,2479,1000,5.30111,271,8.46049,0.000102997,0,4416,40668567913
198.848,5.02897,37.5157,0,98,77,76,2464,1000,5.29018,271,8.45418,0.000102997,0,4439,40772656855
237.814,4.20496,37.5157,0,98,77,76,2464,1000,5.29018,271,8.45418,0.000102997,0,4439,40876751588
267.01,3.74517,37.5157,0,98,77,76,2464,1000,5.29018,271,8.45418,0.000102997,0,4439,40980848035
192.851,5.18536,37.5157,0,98,77,76,2464,1000,5.29018,271,8.45418,0.000102997,0,4439,41084968686
202.569,4.93658,37.5157,0,98,77,76,2464,1000,5.29018,271,8.45418,0.000102997,0,4439,41189356118
228.287,4.38045,36.1355,0,98,77,76,2460,1000,5.29018,271,8.4561,0.000102997,0,4418,41293449689
209.161,4.78101,36.1355,0,98,77,76,2460,1000,5.29018,271,8.4561,0.000102997,0,4418,41397540184
216.062,4.6283,36.1355,0,98,77,76,2460,1000,5.29018,271,8.4561,0.000102997,0,4418,41501635758
200.905,4.97748,36.1355,0,98,77,76,2460,1000,5.29018,271,8.4561,0.000102997,0,4418,41605722807
164.167,6.09134,36.1355,0,98,77,76,2460,1000,5.29018,271,8.4561,0.000102997,0,4418,41709932515
202.662,4.93432,36.2843,0,98,76,77,2463,1000,5.29018,271,8.44817,0.000102997,0,4434,41814022920
169.296,5.90682,36.2843,0,98,76,77,2463,1000,5.29018,271,8.44817,0.000102997,0,4434,41918109568
211.204,4.73477,36.2843,0,98,76,77,2463,1000,5.29018,271,8.44817,0.000102997,0,4434,42024018502
165.591,6.03897,36.2843,0,98,76,77,2463,1000,5.29018,271,8.44817,0.000102997,0,4434,42128100551
220.253,4.54023,35.5444,0,98,76,76,2466,1000,5.28283,271,8.44834,0.000102997,0,4429,42232182310
188.302,5.31063,35.5444,0,98,76,76,2466,1000,5.28283,271,8.44834,0.000102997,0,4429,42336266583
215.143,4.64807,35.5444,0,98,76,76,2466,1000,5.28283,271,8.44834,0.000102997,0,4429,42440359773
218.066,4.58577,35.5444,0,98,76,76,2466,1000,5.28283,271,8.44834,0.000102997,0,4429,42544447223
204.255,4.89585,35.5444,0,98,76,76,2466,1000,5.28283,271,8.44834,0.000102997,0,4429,42648542767
216.105,4.62739,35.9649,0,98,76,76,2462,1000,5.28283,271,8.44867,0.000102997,0,4433,42752625237
207.823,4.81178,35.9649,0,98,76,76,2462,1000,5.28283,271,8.44867,0.000102997,0,4433,42856708579
215.544,4.63942,35.9649,0,98,76,76,2462,1000,5.28283,271,8.44867,0.000102997,0,4433,42960796188
218.368,4.57943,35.9649,0,98,76,76,2462,1000,5.28283,271,8.44867,0.000102997,0,4433,43064883918
194.874,5.13153,35.9649,0,98,76,76,2462,1000,5.28283,271,8.44867,0.000102997,0,4433,43168965827
169.677,5.89354,35.9296,0,98,76,76,2464,1000,5.28283,271,8.45123,0.000102997,0,4417,43273050872
228.865,4.36939,35.9296,0,98,76,76,2464,1000,5.28283,271,8.45123,0.000102997,0,4417,43377143882
198.569,5.03603,35.9296,0,98,76,76,2464,1000,5.28283,271,8.45123,0.000102997,0,4417,43481231722
220.928,4.52636,35.9296,0,98,76,76,2464,1000,5.28283,271,8.45123,0.000102997,0,4417,43585378873
199.827,5.00432,35.9296,0,98,76,76,2464,1000,5.28283,271,8.45123,0.000102997,0,4417,43689463747
171.046,5.84638,36.2155,0,98,76,76,2458,1000,5.29375,271,8.45147,0.000102997,0,4417,43793597303
235.778,4.24127,36.2155,0,98,76,76,2458,1000,5.29375,271,8.45147,0.000102997,0,4417,43897683921
224.146,4.46138,36.2155,0,98,76,76,2458,1000,5.29375,271,8.45147,0.000102997,0,4417,44001773895
223.27,4.47888,36.2155,0,98,76,76,2458,1000,5.29375,271,8.45147,0.000102997,0,4417,44105858098
237.221,4.21547,36.2155,0,98,76,76,2458,1000,5.29375,271,8.45147,0.000102997,0,4417,44209941680
236.661,4.22545,34.7935,0,98,76,76,2458,1000,5.29375,271,8.45315,0.000102997,0,4658,44314032796
201.095,4.97277,34.7935,0,98,76,76,2458,1000,5.29375,271,8.45315,0.000102997,0,4658,44418126217
209.771,4.76711,34.7935,0,98,76,76,2458,1000,5.29375,271,8.45315,0.000102997,0,4658,44522177268
222.307,4.49829,34.7935,0,98,76,76,2458,1000,5.29375,271,8.45315,0.000102997,0,4658,44626261221
217.567,4.59628,34.9563,0,98,76,77,2460,1000,5.29449,271,8.45003,0.000102997,0,4434,44730345003
195.848,5.106,34.9563,0,98,76,77,2460,1000,5.29449,271,8.45003,0.000102997,0,4434,44834695355
186.424,5.36411,34.9563,0,98,76,77,2460,1000,5.29449,271,8.45003,0.000102997,0,4434,44938788936
196.75,5.0826,34.9563,0,98,76,77,2460,1000,5.29449,271,8.45003,0.000102997,0,4434,45042894299
206.065,4.85285,34.9563,0,98,76,77,2460,1000,5.29449,271,8.45003,0.000102997,0,4434,45147001155
201.446,4.96411,35.5037,0,98,76,76,2459,1000,5.29065,271,8.4527,0.000102997,0,4440,45251129200
181.508,5.50939,35.5037,0,98,76,76,2459,1000,5.29065,271,8.4527,0.000102997,0,4440,45355237448
188.116,5.31587,35.5037,0,98,76,76,2459,1000,5.29065,271,8.4527,0.000102997,0,4440,45459341479
200.082,4.99796,35.5037,0,98,76,76,2459,1000,5.29065,271,8.4527,0.000102997,0,4440,45563430641
171.981,5.81459,35.5037,0,98,76,76,2459,1000,5.29065,271,8.4527,0.000102997,0,4440,45667544861
198.638,5.03429,35.1899,0,99,76,77,2457,1000,5.29018,271,8.46959,0.000102997,0,4441,45771706359
187.768,5.32574,35.1899,0,99,76,77,2457,1000,5.29018,271,8.46959,0.000102997,0,4441,45875782076
194.509,5.14115,35.1899,0,99,76,77,2457,1000,5.29018,271,8.46959,0.000102997,0,4441,45979871920
205.444,4.8675,35.1899,0,99,76,77,2457,1000,5.29018,271,8.46959,0.000102997,0,4441,46083994946
178.025,5.61718,35.1899,0,99,76,77,2457,1000,5.29018,271,8.46959,0.000102997,0,4441,46189280702
199.575,5.01064,35.4478,0,98,76,77,2456,1000,5.28357,271,8.47346,0.000102997,0,4437,46293368101
200.597,4.98512,35.4478,0,98,76,77,2456,1000,5.28357,271,8.47346,0.000102997,0,4437,46397443307
233.746,4.27814,35.4478,0,98,76,77,2456,1000,5.28357,271,8.47346,0.000102997,0,4437,46501542318
166.791,5.99553,35.4478,0,98,76,77,2456,1000,5.28357,271,8.47346,0.000102997,0,4437,46605629297
257.381,3.88529,35.4478,0,98,76,77,2456,1000,5.28357,271,8.47346,0.000102997,0,4437,46710550519
163.429,6.11886,34.174,0,98,76,77,2453,1000,5.28283,271,8.47831,0.000102997,0,4441,46814655532
163.321,6.12291,34.174,0,98,76,77,2453,1000,5.28283,271,8.47831,0.000102997,0,4441,46918753981
177.192,5.64359,34.174,0,98,76,77,2453,1000,5.28283,271,8.47831,0.000102997,0,4441,47024173238
181.338,5.51456,34.174,0,98,76,77,2453,1000,5.28283,271,8.47831,0.000102997,0,4441,47128260797
180.984,5.52535,34.174,0,98,76,77,2453,1000,5.28283,271,8.47831,0.000102997,0,4441,47232368264
164.201,6.09009,33.5859,0,98,76,77,2453,1000,5.28283,271,8.47844,0.000102997,0,4441,47336447558
186.614,5.35867,33.5859,0,98,76,77,2453,1000,5.28283,271,8.47844,0.000102997,0,4441,47440541149
272.294,3.67251,33.5859,0,98,76,77,2453,1000,5.28283,271,8.47844,0.000102997,0,4441,47544623238
231.462,4.32036,33.5859,0,98,76,77,2453,1000,5.28283,271,8.47844,0.000102997,0,4441,47648706019
220.3,4.53926,34.6633,0,98,76,76,2452,1000,5.26803,271,8.47815,0.000102997,0,4441,47753043717
186.509,5.36166,34.6633,0,98,76,76,2452,1000,5.26803,271,8.47815,0.000102997,0,4441,47857125756
200.983,4.97554,34.6633,0,98,76,76,2452,1000,5.26803,271,8.47815,0.000102997,0,4441,47961212655
187.989,5.31947,34.6633,0,98,76,76,2452,1000,5.26803,271,8.47815,0.000102997,0,4441,48065353785
191.899,5.21107,34.6633,0,98,76,76,2452,1000,5.26803,271,8.47815,0.000102997,0,4441,48169429732
180.672,5.53489,34.5387,0,98,76,77,2456,1000,5.30551,271,8.48392,0.000102997,0,4441,48273514797
198.104,5.04784,34.5387,0,98,76,77,2456,1000,5.30551,271,8.48392,0.000102997,0,4441,48377598249
208.051,4.80652,34.5387,0,98,76,77,2456,1000,5.30551,271,8.48392,0.000102997,0,4441,48482071992
153.162,6.52905,34.5387,0,98,76,77,2456,1000,5.30551,271,8.48392,0.000102997,0,4441,48586157829
189.732,5.27059,34.5387,0,98,76,77,2456,1000,5.30551,271,8.48392,0.000102997,0,4441,48690223477
175.343,5.7031,33.2911,0,98,76,77,2449,1000,5.30551,271,8.48354,0.000102997,0,4425,48794312099
189.27,5.28345,33.2911,0,98,76,77,2449,1000,5.30551,271,8.48354,0.000102997,0,4425,48898397494
214.025,4.67235,33.2911,0,98,76,77,2449,1000,5.30551,271,8.48354,0.000102997,0,4425,49002495613
174.972,5.71522,33.2911,0,98,76,77,2449,1000,5.30551,271,8.48354,0.000102997,0,4425,49106586689
234.544,4.26358,33.2911,0,98,76,77,2449,1000,5.30551,271,8.48354,0.000102997,0,4425,49210651817
169.15,5.91191,35.4271,0,98,76,77,2447,1000,5.30939,271,8.49769,0.000102997,0,4441,49314756519
195.898,5.10469,35.4271,0,98,76,77,2447,1000,5.30939,271,8.49769,0.000102997,0,4441,49418845371
180.417,5.54272,35.4271,0,98,76,77,2447,1000,5.30939,271,8.49769,0.000102997,0,4441,49523672497
183.065,5.46253,35.4271,0,98,76,77,2447,1000,5.30939,271,8.49769,0.000102997,0,4441,49627738295
162.467,6.15509,35.4271,0,98,76,77,2447,1000,5.30939,271,8.49769,0.000102997,0,4441,49731848968
159.988,6.25049,35.7683,0,98,76,77,2447,1000,5.30939,271,8.49948,0.000102997,0,4441,49835937009
164.898,6.06436,35.7683,0,98,76,77,2447,1000,5.30939,271,8.49948,0.000102997,0,4441,49940055296
165.599,6.03868,35.7683,0,98,76,77,2447,1000,5.30939,271,8.49948,0.000102997,0,4441,50044138226
153.365,6.52039,35.7683,0,98,76,77,2447,1000,5.30939,271,8.49948,0.000102997,0,4441,50148222881
179.405,5.57397,32.5786,0,98,76,76,2448,1000,5.30939,271,8.49114,0.000102997,0,4446,50252327512
154.809,6.45956,32.5786,0,98,76,76,2448,1000,5.30939,271,8.49114,0.000102997,0,4446,50356877338
140.389,7.12306,32.5786,0,98,76,76,2448,1000,5.30939,271,8.49114,0.000102997,0,4446,50460964948
130.416,7.6678,32.5786,0,98,76,76,2448,1000,5.30939,271,8.49114,0.000102997,0,4446,50565401021
152.807,6.54421,32.5786,0,98,76,76,2448,1000,5.30939,271,8.49114,0.000102997,0,4446,50669506404
224.941,4.4456,34.0399,0,99,76,77,2467,1000,5.30203,271,8.49298,0.000102997,0,4449,50773618108
148.078,6.75318,34.0399,0,99,76,77,2467,1000,5.30203,271,8.49298,0.000102997,0,4449,50878510196
173.651,5.75869,34.0399,0,99,76,77,2467,1000,5.30203,271,8.49298,0.000102997,0,4449,50982614708
151.176,6.6148,34.0399,0,99,76,77,2467,1000,5.30203,271,8.49298,0.000102997,0,4449,51086703129
184.582,5.41764,34.0399,0,99,76,77,2467,1000,5.30203,271,8.49298,0.000102997,0,4449,51190761453
164.935,6.063,36.6127,0,98,76,76,2460,1000,5.30939,271,8.47319,0.000102997,0,4441,51294847049
178.447,5.6039,36.6127,0,98,76,76,2460,1000,5.30939,271,8.47319,0.000102997,0,4441,51398944177
155.27,6.44039,36.6127,0,98,76,76,2460,1000,5.30939,271,8.47319,0.000102997,0,4441,51503066952
161.803,6.18035,36.6127,0,98,76,76,2460,1000,5.30939,271,8.47319,0.000102997,0,4441,51607162657
218.056,4.58599,36.6127,0,98,76,76,2460,1000,5.30939,271,8.47319,0.000102997,0,4441,51711251619
158.051,6.32705,37.9747,0,99,76,77,2463,1000,5.55939,271,8.47713,0.000102997,0,4441,51815358375
208.058,4.80636,37.9747,0,99,76,77,2463,1000,5.55939,271,8.47713,0.000102997,0,4441,51919448208
238.606,4.19101,37.9747,0,99,76,77,2463,1000,5.55939,271,8.47713,0.000102997,0,4441,52024116106
150.785,6.63195,37.9747,0,99,76,77,2463,1000,5.55939,271,8.47713,0.000102997,0,4441,52128209787
131.013,7.63284,37.9747,0,99,76,77,2463,1000,5.55939,271,8.47713,0.000102997,0,4441,52232296064
152.512,6.55685,39.3789,0,98,76,77,2462,1000,5.55939,271,8.49105,0.000102997,0,4417,52336423528
165.472,6.04333,39.3789,0,98,76,77,2462,1000,5.55939,271,8.49105,0.000102997,0,4417,52440519904
192.085,5.20604,39.3789,0,98,76,77,2462,1000,5.55939,271,8.49105,0.000102997,0,4417,52544608095
153.224,6.52639,39.3789,0,98,76,77,2462,1000,5.55939,271,8.49105,0.000102997,0,4417,52648839114
160.696,6.22292,39.3789,0,98,76,77,2462,1000,5.55939,271,8.49105,0.000102997,0,4417,52752958312
115.928,8.62602,40.5815,0,96,76,76,2464,1000,5.55204,264,8.45627,0.000102997,0,4427,52857057684
187.48,5.33391,40.5815,0,96,76,76,2464,1000,5.55204,264,8.45627,0.000102997,0,4427,52961170651
198.557,5.03634,40.5815,0,96,76,76,2464,1000,5.55204,264,8.45627,0.000102997,0,4427,53065265494
141.022,7.09111,40.5815,0,96,76,76,2464,1000,5.55204,264,8.45627,0.000102997,0,4427,53169511962
156.344,6.39614,42.7307,0,99,76,77,2464,1000,5.30204,271,8.47553,0.000102997,0,4436,53273596315
209.395,4.77565,42.7307,0,99,76,77,2464,1000,5.30204,271,8.47553,0.000102997,0,4436,53377680789
165.108,6.05662,42.7307,0,99,76,77,2464,1000,5.30204,271,8.47553,0.000102997,0,4436,53481770052
163.293,6.12395,42.7307,0,99,76,77,2464,1000,5.30204,271,8.47553,0.000102997,0,4436,53585868452
150.213,6.65723,42.7307,0,99,76,77,2464,1000,5.30204,271,8.47553,0.000102997,0,4436,53689966451
192.542,5.19368,40.0504,0,98,76,77,2463,1000,5.31033,271,8.47927,0.000102997,0,4450,53794060592
170.873,5.85229,40.0504,0,98,76,77,2463,1000,5.31033,271,8.47927,0.000102997,0,4450,53898567208
147.936,6.75966,40.0504,0,98,76,77,2463,1000,5.31033,271,8.47927,0.000102997,0,4450,54002731972
70.7851,14.1273,40.0504,0,98,76,77,2463,1000,5.31033,271,8.47927,0.000102997,0,4450,54106833437
77.6922,12.8713,40.0504,0,98,76,77,2463,1000,5.31033,271,8.47927,0.000102997,0,4450,54210953849
84.3141,11.8604,43.3081,0,88,76,76,1271,1000,5.53283,247,8.54724,0.000102997,0,4451,54315262372
79.0879,12.6442,43.3081,0,88,76,76,1271,1000,5.53283,247,8.54724,0.000102997,0,4451,54419378826
79.3253,12.6063,43.3081,0,88,76,76,1271,1000,5.53283,247,8.54724,0.000102997,0,4451,54523488277
83.0346,12.0432,43.3081,0,88,76,76,1271,1000,5.53283,247,8.54724,0.000102997,0,4451,54627597938
61.298,16.3137,43.3081,0,88,76,76,1271,1000,5.53283,247,8.54724,0.000102997,0,4451,54732139919
43.507,22.9848,41.9903,0,88,76,76,1271,1000,5.53283,247,8.64614,0.000102997,0,4467,54836304182
66.2927,15.0846,41.9903,0,88,76,76,1271,1000,5.53283,247,8.64614,0.000102997,0,4467,54940563935
86.6685,11.5382,41.9903,0,88,76,76,1271,1000,5.53283,247,8.64614,0.000102997,0,4467,55044692431
97.619,10.2439,41.9903,0,88,76,76,1271,1000,5.53283,247,8.64614,0.000102997,0,4467,55148805639
79.354,12.6018,41.9903,0,88,76,76,1271,1000,5.53283,247,8.64614,0.000102997,0,4467,55252912334
162.319,6.16069,45.3761,0,58,76,73,1108,1000,5.54121,107,8.63191,0.000102997,0,4447,55357046982
132.596,7.54169,45.3761,0,58,76,73,1108,1000,5.54121,107,8.63191,0.000102997,0,4447,55461581960
216.66,4.61553,45.3761,0,58,76,73,1108,1000,5.54121,107,8.63191,0.000102997,0,4447,55565670922
146.384,6.83134,45.3761,0,58,76,73,1108,1000,5.54121,107,8.63191,0.000102997,0,4447,55669813415
143.707,6.95861,45.3761,0,58,76,73,1108,1000,5.54121,107,8.63191,0.000102997,0,4447,55773912335
148.365,6.74012,41.8782,0,75,77,72,1981,1000,5.54121,110,8.59317,0.000102997,0,4441,55878004644
147.182,6.79429,41.8782,0,75,77,72,1981,1000,5.54121,110,8.59317,0.000102997,0,4441,55982095490
139.562,7.16526,41.8782,0,75,77,72,1981,1000,5.54121,110,8.59317,0.000102997,0,4441,56086194951
152.783,6.54522,41.8782,0,75,77,72,1981,1000,5.54121,110,8.59317,0.000102997,0,4441,56190288001
163.858,6.10286,41.8782,0,75,77,72,1981,1000,5.54121,110,8.59317,0.000102997,0,4441,56294436305
158.627,6.30409,37.578,0,96,77,75,2426,1000,5.54121,251,8.59341,0.000102997,0,4441,56398577455
149.762,6.67728,37.578,0,96,77,75,2426,1000,5.54121,251,8.59341,0.000102997,0,4441,56502665826
147.33,6.78751,37.578,0,96,77,75,2426,1000,5.54121,251,8.59341,0.000102997,0,4441,56607253713
43.2576,23.1173,37.578,0,96,77,75,2426,1000,5.54121,251,8.59341,0.000102997,0,4441,56711343597
94.8902,10.5385,39.8022,0,98,77,76,2426,1000,5.54121,271,8.40169,0.000106812,0,4427,56816440719
184.809,5.41098,39.8022,0,98,77,76,2426,1000,5.54121,271,8.40169,0.000106812,0,4427,56920550210
194.93,5.13006,39.8022,0,98,77,76,2426,1000,5.54121,271,8.40169,0.000106812,0,4427,57025520575
178.048,5.61646,39.8022,0,98,77,76,2426,1000,5.54121,271,8.40169,0.000106812,0,4427,57129618243
136.874,7.30601,39.8022,0,98,77,76,2426,1000,5.54121,271,8.40169,0.000106812,0,4427,57233703168
136.901,7.30456,42.5693,0,87,77,75,2441,1000,5.79195,228,8.41805,0.000106812,0,4434,57337793643
191.386,5.22505,42.5693,0,87,77,75,2441,1000,5.79195,228,8.41805,0.000106812,0,4434,57441886161
215.717,4.6357,42.5693,0,87,77,75,2441,1000,5.79195,228,8.41805,0.000106812,0,4434,57545992626
182.156,5.48979,42.5693,0,87,77,75,2441,1000,5.79195,228,8.41805,0.000106812,0,4434,57650448867
172.968,5.78142,42.5693,0,87,77,75,2441,1000,5.79195,228,8.41805,0.000106812,0,4434,57754536427
75.9957,13.1586,43.3291,0,98,77,76,2447,1000,5.79122,271,8.42056,0.000106812,0,4399,57858810676
197.972,5.05122,43.3291,0,98,77,76,2447,1000,5.79122,271,8.42056,0.000106812,0,4399,57962908174
176.663,5.66049,43.3291,0,98,77,76,2447,1000,5.79122,271,8.42056,0.000106812,0,4399,58067632908
158.695,6.30141,43.3291,0,98,77,76,2447,1000,5.79122,271,8.42056,0.000106812,0,4399,58171767115
179.461,5.57223,43.3291,0,98,77,76,2447,1000,5.79122,271,8.42056,0.000106812,0,4399,58275859925
237.392,4.21245,45.7967,0,96,77,76,2439,1000,5.79121,266,8.41314,0.000106812,0,4465,58379957693
199.788,5.00531,45.7967,0,96,77,76,2439,1000,5.79121,266,8.41314,0.000106812,0,4465,58484748802
198.128,5.04725,45.7967,0,96,77,76,2439,1000,5.79121,266,8.41314,0.000106812,0,4465,58588849356
167.91,5.95556,45.7967,0,96,77,76,2439,1000,5.79121,266,8.41314,0.000106812,0,4465,58692934641
181.543,5.50833,45.7967,0,96,77,76,2439,1000,5.79121,266,8.41314,0.000106812,0,4465,58797020698
221.15,4.52181,40.1752,0,98,77,76,2426,1000,5.79121,271,8.43255,0.000106812,0,4441,58901108247
185.84,5.38098,40.1752,0,98,77,76,2426,1000,5.79121,271,8.43255,0.000106812,0,4441,59005193643
220.076,4.54389,40.1752,0,98,77,76,2426,1000,5.79121,271,8.43255,0.000106812,0,4441,59110069129
273.452,3.65695,40.1752,0,98,77,76,2426,1000,5.79121,271,8.43255,0.000106812,0,4441,59214141711
152.969,6.53728,38.0051,0,98,77,76,2426,1000,5.79121,271,8.42609,0.000106812,0,4439,59318229861
157.835,6.33573,38.0051,0,98,77,76,2426,1000,5.79121,271,8.42609,0.000106812,0,4439,59422369799
173.477,5.76447,38.0051,0,98,77,76,2426,1000,5.79121,271,8.42609,0.000106812,0,4439,59526452870
175.347,5.70297,38.0051,0,98,77,76,2426,1000,5.79121,271,8.42609,0.000106812,0,4439,59630538296
150.366,6.65046,38.0051,0,98,77,76,2426,1000,5.79121,271,8.42609,0.000106812,0,4439,59734759486
151.197,6.61388,36.5578,0,97,77,76,2427,1000,5.78386,263,8.40544,0.000106812,0,4441,59838841535
181.381,5.51325,36.5578,0,97,77,76,2427,1000,5.78386,263,8.40544,0.000106812,0,4441,59942925458
243.506,4.10668,36.5578,0,97,77,76,2427,1000,5.78386,263,8.40544,0.000106812,0,4441,60047012065
194.703,5.13604,36.5578,0,97,77,76,2427,1000,5.78386,263,8.40544,0.000106812,0,4441,60151108421
187.104,5.34462,36.5578,0,97,77,76,2427,1000,5.78386,263,8.40544,0.000106812,0,4441,60255191052
192.292,5.20042,36.4676,0,96,77,76,2440,1000,5.78386,264,8.38805,0.000106812,0,4441,60359275385
294.737,3.39285,36.4676,0,96,77,76,2440,1000,5.78386,264,8.38805,0.000106812,0,4441,60463632179
213.49,4.68405,36.4676,0,96,77,76,2440,1000,5.78386,264,8.38805,0.000106812,0,4441,60567729938
248.104,4.03057,36.4676,0,96,77,76,2440,1000,5.78386,264,8.38805,0.000106812,0,4441,60671817037
192.064,5.20659,36.4676,0,96,77,76,2440,1000,5.78386,264,8.38805,0.000106812,0,4441,60775904927
235.227,4.25122,36.375,0,98,77,77,2446,1000,5.79066,271,8.37891,0.000106812,0,4441,60879989491
169.234,5.90897,36.375,0,98,77,77,2446,1000,5.79066,271,8.37891,0.000106812,0,4441,60984072492
180.244,5.54804,36.375,0,98,77,77,2446,1000,5.79066,271,8.37891,0.000106812,0,4441,61088159129
179.986,5.55599,36.375,0,98,77,77,2446,1000,5.79066,271,8.37891,0.000106812,0,4441,61192246048
213.858,4.67601,36.375,0,98,77,77,2446,1000,5.79066,271,8.37891,0.000106812,0,4441,61296292650
175.026,5.71342,36.3522,0,98,77,76,2445,1000,5.79019,271,8.37891,0.000106812,0,4441,61400455070
176.834,5.65501,36.3522,0,98,77,76,2445,1000,5.79019,271,8.37891,0.000106812,0,4441,61504545405
184.925,5.40761,36.3522,0,98,77,76,2445,1000,5.79019,271,8.37891,0.000106812,0,4441,61608789398
185.33,5.39579,36.3522,0,98,77,76,2445,1000,5.79019,271,8.37891,0.000106812,0,4441,61713345987
195.974,5.10273,36.3522,0,98,77,76,2445,1000,5.79019,271,8.37891,0.000106812,0,4441,61817432755
181.239,5.51756,35.3459,0,98,77,77,2444,1000,5.79019,271,8.29343,0.000106812,0,4444,61921515595
187.766,5.32577,35.3459,0,98,77,77,2444,1000,5.79019,271,8.29343,0.000106812,0,4444,62025599608
193.514,5.16758,35.3459,0,98,77,77,2444,1000,5.79019,271,8.29343,0.000106812,0,4444,62129684382
159.434,6.2722,35.3459,0,98,77,77,2444,1000,5.79019,271,8.29343,0.000106812,0,4444,62233765700
194.117,5.15154,36.409,0,98,77,77,2464,1000,5.79019,271,8.32288,0.000106812,0,4441,62337857798
167.157,5.98239,36.409,0,98,77,77,2464,1000,5.79019,271,8.32288,0.000106812,0,4441,62441944526
161.691,6.18464,36.409,0,98,77,77,2464,1000,5.79019,271,8.32288,0.000106812,0,4441,62546040101
162.361,6.15912,36.409,0,98,77,77,2464,1000,5.79019,271,8.32288,0.000106812,0,4441,62650489218
196.457,5.09017,36.409,0,98,77,77,2464,1000,5.79019,271,8.32288,0.000106812,0,4441,62754588740
202.094,4.94819,34.2072,0,98,77,77,2455,1000,5.78284,271,8.32314,0.000106812,0,4441,62858673865
191.04,5.23449,34.2072,0,98,77,77,2455,1000,5.78284,271,8.32314,0.000106812,0,4441,62962771203
208.537,4.79531,34.2072,0,98,77,77,2455,1000,5.78284,271,8.32314,0.000106812,0,4441,63066828766
183.244,5.45721,34.2072,0,98,77,77,2455,1000,5.78284,271,8.32314,0.000106812,0,4441,63170919371
202.253,4.9443,34.2072,0,98,77,77,2455,1000,5.78284,271,8.32314,0.000106812,0,4441,63275091048
175.815,5.68779,33.9599,0,98,77,77,2446,1000,5.79376,271,8.3253,0.000106812,0,4441,63379194498
176.391,5.66922,33.9599,0,98,77,77,2446,1000,5.79376,271,8.3253,0.000106812,0,4441,63483281977
195.053,5.12682,33.9599,0,98,77,77,2446,1000,5.79376,271,8.3253,0.000106812,0,4441,63587385026
153.568,6.51176,33.9599,0,98,77,77,2446,1000,5.79376,271,8.3253,0.000106812,0,4441,63691478116
198.118,5.04749,33.9599,0,98,77,77,2446,1000,5.79376,271,8.3253,0.000106812,0,4441,63796660949
164.75,6.06981,33.8346,0,98,77,77,2434,1000,5.80112,271,8.3263,0.000106812,0,4430,63900749059
180.044,5.5542,33.8346,0,98,77,77,2434,1000,5.80112,271,8.3263,0.000106812,0,4430,64004834294
164.258,6.08799,33.8346,0,98,77,77,2434,1000,5.80112,271,8.3263,0.000106812,0,4430,64108929959
178.357,5.60672,33.8346,0,98,77,77,2434,1000,5.80112,271,8.3263,0.000106812,0,4430,64213019322
190.873,5.23907,33.8346,0,98,77,77,2434,1000,5.80112,271,8.3263,0.000106812,0,4430,64317477636
160.929,6.21392,32.793,0,98,77,77,2434,1000,5.80112,271,8.30558,0.000106812,0,4440,64421570145
175.631,5.69376,32.793,0,98,77,77,2434,1000,5.80112,271,8.30558,0.000106812,0,4440,64525651914
150.634,6.6386,32.793,0,98,77,77,2434,1000,5.80112,271,8.30558,0.000106812,0,4440,64629743431
188.898,5.29388,32.793,0,98,77,77,2434,1000,5.80112,271,8.30558,0.000106812,0,4440,64733829868
177.617,5.63008,32.793,0,98,77,77,2434,1000,5.80112,271,8.30558,0.000106812,0,4440,64837924441
188.319,5.31014,34.5088,0,98,77,77,2449,1000,5.80112,271,8.30912,0.000106812,0,4441,64942385791
206.217,4.84927,34.5088,0,98,77,77,2449,1000,5.80112,271,8.30912,0.000106812,0,4441,65046476086
183.129,5.46062,34.5088,0,98,77,77,2449,1000,5.80112,271,8.30912,0.000106812,0,4441,65151456129
110.375,9.06,34.5088,0,98,77,77,2449,1000,5.80112,271,8.30912,0.000106812,0,4441,65255551954
211.771,4.72207,36.1461,0,98,77,77,2453,1000,5.78284,271,8.32889,0.000106812,0,4427,65359644753
192.666,5.19032,36.1461,0,98,77,77,2453,1000,5.78284,271,8.32889,0.000106812,0,4427,65463740007
169.69,5.8931,36.1461,0,98,77,77,2453,1000,5.78284,271,8.32889,0.000106812,0,4427,65567823629
216.059,4.62836,36.1461,0,98,77,77,2453,1000,5.78284,271,8.32889,0.000106812,0,4427,65671909636
201.897,4.95302,36.1461,0,98,77,77,2453,1000,5.78284,271,8.32889,0.000106812,0,4427,65776002265
151.99,6.57937,36.5119,0,95,77,76,2461,1000,6.03284,260,8.32804,0.000106812,0,4411,65880091106
220.133,4.54272,36.5119,0,95,77,76,2461,1000,6.03284,260,8.32804,0.000106812,0,4411,65984581221
74.0458,13.5052,36.5119,0,95,77,76,2461,1000,6.03284,260,8.32804,0.000106812,0,4411,66088671656
185.682,5.38555,36.5119,0,95,77,76,2461,1000,6.03284,260,8.32804,0.000106812,0,4411,66192774494
186.806,5.35314,36.5119,0,95,77,76,2461,1000,6.03284,260,8.32804,0.000106812,0,4411,66297318980
192.9,5.18402,35.7233,0,98,77,77,2464,1000,6.03358,271,8.32211,0.000106812,0,4441,66401401380
190.203,5.25755,35.7233,0,98,77,77,2464,1000,6.03358,271,8.32211,0.000106812,0,4441,66505484972
156.775,6.37859,35.7233,0,98,77,77,2464,1000,6.03358,271,8.32211,0.000106812,0,4441,66609577992
183.684,5.44413,35.7233,0,98,77,77,2464,1000,6.03358,271,8.32211,0.000106812,0,4441,66713805343
223.578,4.4727,35.7233,0,98,77,77,2464,1000,6.03358,271,8.32211,0.000106812,0,4441,66817894285
95.4553,10.4761,37.8245,0,98,77,76,2463,1000,6.02931,271,8.37273,0.000106812,0,4434,66921991202
100.848,9.91594,37.8245,0,98,77,76,2463,1000,6.02931,271,8.37273,0.000106812,0,4434,67026076828
154.085,6.48992,37.8245,0,98,77,76,2463,1000,6.02931,271,8.37273,0.000106812,0,4434,67130198071
166.324,6.01236,37.8245,0,98,77,76,2463,1000,6.02931,271,8.37273,0.000106812,0,4434,67234296330
66.5719,15.0213,37.8245,0,98,77,76,2463,1000,6.02931,271,8.37273,0.000106812,0,4434,67338382978
108.953,9.17828,37.6559,0,83,77,75,2352,1000,6.02931,214,8.35413,0.000106812,0,4401,67442502748
189.393,5.28003,37.6559,0,83,77,75,2352,1000,6.02931,214,8.35413,0.000106812,0,4401,67546978576
196.658,5.08497,37.6559,0,83,77,75,2352,1000,6.02931,214,8.35413,0.000106812,0,4401,67651072808
208.947,4.7859,37.6559,0,83,77,75,2352,1000,6.02931,214,8.35413,0.000106812,0,4401,67755190063
143.412,6.97293,37.6559,0,83,77,75,2352,1000,6.02931,214,8.35413,0.000106812,0,4401,67859286118
106.735,9.36901,41.0224,0,81,77,75,2255,1000,6.02195,216,8.35888,0.000106812,0,4417,67964235153
199.662,5.00847,41.0224,0,81,77,75,2255,1000,6.02195,216,8.35888,0.000106812,0,4417,68068333342
188.462,5.30612,41.0224,0,81,77,75,2255,1000,6.02195,216,8.35888,0.000106812,0,4417,68172480814
76.8287,13.016,41.0224,0,81,77,75,2255,1000,6.02195,216,8.35888,0.000106812,0,4417,68276669363
144.624,6.91449,41.0224,0,81,77,75,2255,1000,6.02195,216,8.35888,0.000106812,0,4417,68380765358
204.406,4.89223,42.2167,0,84,77,76,1758,1000,6.03288,262,8.41618,0.000106812,0,4416,68484865912
206.486,4.84295,42.2167,0,84,77,76,1758,1000,6.03288,262,8.41618,0.000106812,0,4416,68588958962
171.54,5.82953,42.2167,0,84,77,76,1758,1000,6.03288,262,8.41618,0.000106812,0,4416,68693097607
167.879,5.95669,42.2167,0,84,77,76,1758,1000,6.03288,262,8.41618,0.000106812,0,4416,68797220613
159.238,6.27992,42.875,0,90,77,76,2486,1000,6.03288,259,8.36526,0.000106812,0,4416,68901309535
216.964,4.60906,42.875,0,90,77,76,2486,1000,6.03288,259,8.36526,0.000106812,0,4416,69005390983
170.333,5.87086,42.875,0,90,77,76,2486,1000,6.03288,259,8.36526,0.000106812,0,4416,69109477521
44.0202,22.7169,42.875,0,90,77,76,2486,1000,6.03288,259,8.36526,0.000106812,0,4416,69215039465
167.832,5.95834,42.875,0,90,77,76,2486,1000,6.03288,259,8.36526,0.000106812,0,4416,69319159144
175.377,5.70201,41,0,90,77,76,2486,1000,6.03288,259,8.39238,0.000106812,0,4440,69423218661
158.48,6.30994,41,0,90,77,76,2486,1000,6.03288,259,8.39238,0.000106812,0,4440,69527325126
148.584,6.73021,41,0,90,77,76,2486,1000,6.03288,259,8.39238,0.000106812,0,4440,69631424157
200.481,4.98801,41,0,90,77,76,2486,1000,6.03288,259,8.39238,0.000106812,0,4440,69735514211
164.955,6.06227,41,0,90,77,76,2486,1000,6.03288,259,8.39238,0.000106812,0,4440,69839607071
182.194,5.48866,41.8868,0,93,77,76,2536,1000,6.02195,251,8.38636,0.000106812,0,4434,69943694500
164.749,6.06983,41.8868,0,93,77,76,2536,1000,6.02195,251,8.38636,0.000106812,0,4434,70047789273
191.028,5.23483,41.8868,0,93,77,76,2536,1000,6.02195,251,8.38636,0.000106812,0,4434,70151883305
187.704,5.32754,41.8868,0,93,77,76,2536,1000,6.02195,251,8.38636,0.000106812,0,4434,70255974892
195.841,5.10617,41.8868,0,93,77,76,2536,1000,6.02195,251,8.38636,0.000106812,0,4434,70360062972
183.142,5.46024,41.375,0,95,77,76,2469,1000,6.01742,271,8.38521,0.000106812,0,4424,70464176150
160.776,6.21984,41.375,0,95,77,76,2469,1000,6.01742,271,8.38521,0.000106812,0,4424,70568278527
131.876,7.58286,41.375,0,95,77,76,2469,1000,6.01742,271,8.38521,0.000106812,0,4424,70672588975
154.313,6.48034,41.375,0,95,77,76,2469,1000,6.01742,271,8.38521,0.000106812,0,4424,70776673889
164.053,6.09559,41.375,0,95,77,76,2469,1000,6.01742,271,8.38521,0.000106812,0,4424,70880759836
197.271,5.06917,42.0074,0,95,77,76,2405,1000,6.01742,271,8.35574,0.000106812,0,4416,70984914281
201.646,4.9592,42.0074,0,95,77,76,2405,1000,6.01742,271,8.35574,0.000106812,0,4416,71089014684
220.631,4.53245,42.0074,0,95,77,76,2405,1000,6.01742,271,8.35574,0.000106812,0,4416,71193138161
219.908,4.54737,42.0074,0,95,77,76,2405,1000,6.01742,271,8.35574,0.000106812,0,4416,71297214489
174.413,5.73353,43.3375,0,87,77,76,2468,1000,6.01743,251,8.3279,0.000106812,0,4441,71401319031
162.357,6.15927,43.3375,0,87,77,76,2468,1000,6.01743,251,8.3279,0.000106812,0,4441,71505406220
192.422,5.19691,43.3375,0,87,77,76,2468,1000,6.01743,251,8.3279,0.000106812,0,4441,71609519628
177.395,5.63715,43.3375,0,87,77,76,2468,1000,6.01743,251,8.3279,0.000106812,0,4441,71714175543
193.626,5.16458,43.3375,0,87,77,76,2468,1000,6.01743,251,8.3279,0.000106812,0,4441,71818264565
170.63,5.86062,43.7111,0,99,78,76,2466,1000,6.02478,271,8.3233,0.000106812,0,4417,71922361772
222.267,4.49909,43.7111,0,99,78,76,2466,1000,6.02478,271,8.3233,0.000106812,0,4417,72026453690
184.303,5.42583,43.7111,0,99,78,76,2466,1000,6.02478,271,8.3233,0.000106812,0,4417,72130539156
166.029,6.02306,43.7111,0,99,78,76,2466,1000,6.02478,271,8.3233,0.000106812,0,4417,72234633728
165.832,6.0302,43.7111,0,99,78,76,2466,1000,6.02478,271,8.3233,0.000106812,0,4417,72338778355
193.924,5.15667,45.7978,0,98,78,77,2470,1000,6.02478,271,8.31999,0.000106812,0,4417,72442864622
195.126,5.1249,45.7978,0,98,78,77,2470,1000,6.02478,271,8.31999,0.000106812,0,4417,72547019027
158.007,6.32885,45.7978,0,98,78,77,2470,1000,6.02478,271,8.31999,0.000106812,0,4417,72651113419
179.554,5.56934,45.7978,0,98,78,77,2470,1000,6.02478,271,8.31999,0.000106812,0,4417,72755185129
227.717,4.39141,45.7978,0,98,78,77,2470,1000,6.02478,271,8.31999,0.000106812,0,4417,72859272398
195.607,5.1123,44.6756,0,98,78,77,2468,1000,6.0402,271,8.32044,0.000106812,0,4422,72963461778
215.19,4.64705,44.6756,0,98,78,77,2468,1000,6.0402,271,8.32044,0.000106812,0,4422,73067563154
184.769,5.41218,44.6756,0,98,78,77,2468,1000,6.0402,271,8.32044,0.000106812,0,4422,73172187259
151.826,6.58647,44.6756,0,98,78,77,2468,1000,6.0402,271,8.32044,0.000106812,0,4422,73276284958
200.512,4.98723,44.6756,0,98,78,77,2468,1000,6.0402,271,8.32044,0.000106812,0,4422,73380370714
231.414,4.32126,45.0909,0,98,78,77,2467,1000,6.0402,271,8.3226,0.000106812,0,4416,73484726406
137.032,7.29754,45.0909,0,98,78,77,2467,1000,6.0402,271,8.3226,0.000106812,0,4416,73588785362
207.62,4.81648,45.0909,0,98,78,77,2467,1000,6.0402,271,8.3226,0.000106812,0,4416,73692895704
194.07,5.15279,45.0909,0,98,78,77,2467,1000,6.0402,271,8.3226,0.000106812,0,4416,73796986420
197.138,5.07259,45.0909,0,98,78,77,2467,1000,6.0402,271,8.3226,0.000106812,0,4416,73901072747
171.97,5.81496,43.2331,0,96,78,76,2474,1000,6.03331,271,8.32344,0.000106812,0,4416,74005569083
176.473,5.66657,43.2331,0,96,78,76,2474,1000,6.03331,271,8.32344,0.000106812,0,4416,74109654568
229.478,4.35771,43.2331,0,96,78,76,2474,1000,6.03331,271,8.32344,0.000106812,0,4416,74213738431
197.808,5.05541,43.2331,0,96,78,76,2474,1000,6.03331,271,8.32344,0.000106812,0,4416,74317824397
181.182,5.5193,41.9072,0,98,78,77,2471,1000,6.0402,271,8.32328,0.000106812,0,4438,74422135807
202.462,4.93919,41.9072,0,98,78,77,2471,1000,6.0402,271,8.32328,0.000106812,0,4438,74526239997
190.62,5.24604,41.9072,0,98,78,77,2471,1000,6.0402,271,8.32328,0.000106812,0,4438,74630338277
164.779,6.06873,41.9072,0,98,78,77,2471,1000,6.0402,271,8.32328,0.000106812,0,4438,74734432188
189.887,5.26629,41.9072,0,98,78,77,2471,1000,6.0402,271,8.32328,0.000106812,0,4438,74838560454
168.527,5.93378,43.154,0,98,78,77,2471,1000,6.0402,271,8.31847,0.000106812,0,4416,74942654045
194.292,5.14688,43.154,0,98,78,77,2471,1000,6.0402,271,8.31847,0.000106812,0,4416,75046736365
167.031,5.98691,43.154,0,98,78,77,2471,1000,6.0402,271,8.31847,0.000106812,0,4416,75150822812
211.366,4.73113,43.154,0,98,78,77,2471,1000,6.0402,271,8.31847,0.000106812,0,4416,75254912936
168.609,5.9309,43.154,0,98,78,77,2471,1000,6.0402,271,8.31847,0.000106812,0,4416,75359017989
203.134,4.92287,42.8044,0,98,78,77,2471,1000,6.0402,271,8.31794,0.000106812,0,4430,75463114846
167.571,5.96763,42.8044,0,98,78,77,2471,1000,6.0402,271,8.31794,0.000106812,0,4430,75567160286
234.189,4.27005,42.8044,0,98,78,77,2471,1000,6.0402,271,8.31794,0.000106812,0,4430,75671258756
170.091,5.8792,42.8044,0,98,78,77,2471,1000,6.0402,271,8.31794,0.000106812,0,4430,75775344222
246.563,4.05576,42.8044,0,98,78,77,2471,1000,6.0402,271,8.31794,0.000106812,0,4430,75879428254
153.071,6.53292,41.4179,0,98,78,76,2479,1000,6.0402,271,8.31797,0.000106812,0,4441,75983515794
192.629,5.19132,41.4179,0,98,78,76,2479,1000,6.0402,271,8.31797,0.000106812,0,4441,76088236210
159.918,6.2532,41.4179,0,98,78,76,2479,1000,6.0402,271,8.31797,0.000106812,0,4441,76192324280
191.751,5.2151,41.4179,0,98,78,76,2479,1000,6.0402,271,8.31797,0.000106812,0,4441,76296447447
165.077,6.05779,41.4179,0,98,78,76,2479,1000,6.0402,271,8.31797,0.000106812,0,4441,76400800674
186.513,5.36155,40.6801,0,99,78,77,2478,1000,6.0402,271,8.31777,0.000106812,0,4427,76504891370
180.581,5.53768,40.6801,0,99,78,77,2478,1000,6.0402,271,8.31777,0.000106812,0,4427,76609006301
185.654,5.38636,40.6801,0,99,78,77,2478,1000,6.0402,271,8.31777,0.000106812,0,4427,76713096425
193.879,5.15785,40.6801,0,99,78,77,2478,1000,6.0402,271,8.31777,0.000106812,0,4427,76817144390
174.434,5.73282,40.6801,0,99,78,77,2478,1000,6.0402,271,8.31777,0.000106812,0,4427,76921800876
232.772,4.29605,40.6484,0,98,78,77,2477,1000,6.03284,271,8.3188,0.000106812,0,4441,77025921979
185.864,5.38028,40.6484,0,98,78,77,2477,1000,6.03284,271,8.3188,0.000106812,0,4441,77130009668
198.418,5.03987,40.6484,0,98,78,77,2477,1000,6.03284,271,8.3188,0.000106812,0,4441,77234091698
170.914,5.85091,40.6484,0,98,78,77,2477,1000,6.03284,271,8.3188,0.000106812,0,4441,77338313399
194.589,5.13904,40.6484,0,98,78,77,2479,1000,6.03284,271,8.31451,0.000106812,0,4416,77442416197
193.468,5.16882,40.6484,0,98,78,77,2479,1000,6.03284,271,8.31451,0.000106812,0,4416,77546523433
200.153,4.99617,40.6484,0,98,78,77,2479,1000,6.03284,271,8.31451,0.000106812,0,4416,77651620395
205.69,4.86169,40.6484,0,98,78,77,2479,1000,6.03284,271,8.31451,0.000106812,0,4416,77755707133
186.566,5.36002,40.6484,0,98,78,77,2479,1000,6.03284,271,8.31451,0.000106812,0,4416,77859773763
196.944,5.07759,41.067,0,99,78,77,2482,1000,6.03284,271,8.31814,0.000106812,0,4413,77963904323
209.537,4.77244,41.067,0,99,78,77,2482,1000,6.03284,271,8.31814,0.000106812,0,4413,78067990130
201.056,4.97374,41.067,0,99,78,77,2482,1000,6.03284,271,8.31814,0.000106812,0,4413,78172120499
173.247,5.7721,41.067,0,99,78,77,2482,1000,6.03284,271,8.31814,0.000106812,0,4413,78276448910
173.067,5.77811,41.067,0,99,78,77,2482,1000,6.03284,271,8.31814,0.000106812,0,4413,78380537061
207.452,4.82039,39.8742,0,98,78,77,2482,1000,6.03284,271,8.32084,0.000106812,0,4409,78484642755
209.374,4.77613,39.8742,0,98,78,77,2482,1000,6.03284,271,8.32084,0.000106812,0,4409,78589718096
204.563,4.88847,39.8742,0,98,78,77,2482,1000,6.03284,271,8.32084,0.000106812,0,4409,78693802069
173.192,5.77393,39.8742,0,98,78,77,2482,1000,6.03284,271,8.32084,0.000106812,0,4409,78797923422
183.392,5.45279,39.8742,0,98,78,77,2482,1000,6.03284,271,8.32084,0.000106812,0,4409,78902016972
158.164,6.32256,38.9447,0,98,78,77,2478,1000,6.03358,271,8.31873,0.000106812,0,4434,79006106125
174.086,5.7443,38.9447,0,98,78,77,2478,1000,6.03358,271,8.31873,0.000106812,0,4434,79110197602
169.482,5.90034,38.9447,0,98,78,77,2478,1000,6.03358,271,8.31873,0.000106812,0,4434,79215051949
210.063,4.76048,38.9447,0,98,78,77,2478,1000,6.03358,271,8.31873,0.000106812,0,4434,79319125492
219.91,4.54731,38.9447,0,98,78,77,2478,1000,6.03358,271,8.31873,0.000106812,0,4434,79423220345
192.177,5.20353,39.375,0,98,78,77,2469,1000,6.03284,271,8.31124,0.000106812,0,4440,79527301523
180.634,5.53607,39.375,0,98,78,77,2469,1000,6.03284,271,8.31124,0.000106812,0,4440,79631383752
206.09,4.85224,39.375,0,98,78,77,2469,1000,6.03284,271,8.31124,0.000106812,0,4440,79735465832
201.895,4.95308,39.375,0,98,78,77,2469,1000,6.03284,271,8.31124,0.000106812,0,4440,79839552309
160.807,6.21865,39.375,0,98,78,77,2469,1000,6.03284,271,8.31124,0.000106812,0,4440,79943642564
174.689,5.72444,41.8136,0,98,78,77,2469,1000,6.03284,271,8.31857,0.000106812,0,4419,80047728650
114.203,8.75631,41.8136,0,98,78,77,2469,1000,6.03284,271,8.31857,0.000106812,0,4419,80151813054
188.759,5.29777,41.8136,0,98,78,77,2469,1000,6.03284,271,8.31857,0.000106812,0,4419,80255916734
185.206,5.3994,41.8136,0,98,78,77,2469,1000,6.03284,271,8.31857,0.000106812,0,4419,80360013030
208.919,4.78654,42.3602,0,98,78,77,2469,1000,6.03365,271,8.30082,0.000106812,0,4416,80464174528
175.854,5.68655,42.3602,0,98,78,77,2469,1000,6.03365,271,8.30082,0.000106812,0,4416,80568287755
178.128,5.61392,42.3602,0,98,78,77,2469,1000,6.03365,271,8.30082,0.000106812,0,4416,80672375275
181.548,5.5082,42.3602,0,98,78,77,2469,1000,6.03365,271,8.30082,0.000106812,0,4416,80776478614
173.104,5.77687,42.3602,0,98,78,77,2469,1000,6.03365,271,8.30082,0.000106812,0,4416,80880609725
170.565,5.86285,41.8227,0,98,78,77,2478,1000,6.03291,271,8.30117,0.000106812,0,4441,80984701062
196.813,5.08096,41.8227,0,98,78,77,2478,1000,6.03291,271,8.30117,0.000106812,0,4441,81088790825
188.95,5.29239,41.8227,0,98,78,77,2478,1000,6.03291,271,8.30117,0.000106812,0,4441,81192906588
210.523,4.75009,41.8227,0,98,78,77,2478,1000,6.03291,271,8.30117,0.000106812,0,4441,81296997403
187.889,5.32228,41.8227,0,98,78,77,2478,1000,6.03291,271,8.30117,0.000106812,0,4441,81401086125
215.814,4.63362,41.206,0,98,78,77,2472,1000,6.03291,271,8.30162,0.000106812,0,4421,81505177712
192.846,5.18548,41.206,0,98,78,77,2472,1000,6.03291,271,8.30162,0.000106812,0,4421,81609388813
184.335,5.42491,41.206,0,98,78,77,2472,1000,6.03291,271,8.30162,0.000106812,0,4421,81713488716
172.607,5.79352,41.206,0,98,78,77,2472,1000,6.03291,271,8.30162,0.000106812,0,4421,81817559183
198.554,5.03642,41.206,0,98,78,77,2472,1000,6.03291,271,8.30162,0.000106812,0,4421,81921784170
207.61,4.81672,39.4472,0,99,78,76,2472,1000,6.03291,271,8.30487,0.000106812,0,4416,82025896927
198.393,5.04049,39.4472,0,99,78,76,2472,1000,6.03291,271,8.30487,0.000106812,0,4416,82129986450
171.738,5.82284,39.4472,0,99,78,76,2472,1000,6.03291,271,8.30487,0.000106812,0,4416,82234089078
183.773,5.44149,39.4472,0,99,78,76,2472,1000,6.03291,271,8.30487,0.000106812,0,4416,82338187257
187.304,5.33891,39.4472,0,99,78,76,2472,1000,6.03291,271,8.30487,0.000106812,0,4416,82442459383
180.144,5.55113,39.6465,0,98,78,77,2473,1000,6.03291,271,8.30588,0.000106812,0,4416,82546545089
190.495,5.24947,39.6465,0,98,78,77,2473,1000,6.03291,271,8.30588,0.000106812,0,4416,82650643228
164.632,6.07414,39.6465,0,98,78,77,2473,1000,6.03291,271,8.30588,0.000106812,0,4416,82754730648
250.879,3.98598,39.6465,0,98,78,77,2473,1000,6.03291,271,8.30588,0.000106812,0,4416,82858830861
201.385,4.96561,39.6465,0,98,78,77,2473,1000,6.03291,271,8.30588,0.000106812,0,4416,82962921266
197.984,5.05092,42.0854,0,98,78,77,2475,1000,6.03338,271,8.332,0.000106812,0,4437,83067010649
188.557,5.30342,42.0854,0,98,78,77,2475,1000,6.03338,271,8.332,0.000106812,0,4437,83171280470
184.589,5.41744,42.0854,0,98,78,77,2475,1000,6.03338,271,8.332,0.000106812,0,4437,83275370023
208.656,4.79257,42.0854,0,98,78,77,2475,1000,6.03338,271,8.332,0.000106812,0,4437,83379456501
167.881,5.9566,44.8492,0,98,78,77,2468,1000,6.03291,271,8.31326,0.000106812,0,4416,83483551865
240.9,4.15109,44.8492,0,98,78,77,2468,1000,6.03291,271,8.31326,0.000106812,0,4416,83587637460
203.173,4.92192,44.8492,0,98,78,77,2468,1000,6.03291,271,8.31326,0.000106812,0,4416,83691729228
172.786,5.78752,44.8492,0,98,78,77,2468,1000,6.03291,271,8.31326,0.000106812,0,4416,83795824552
191.215,5.22971,44.8492,0,98,78,77,2468,1000,6.03291,271,8.31326,0.000106812,0,4416,83900367816
214.159,4.66944,42.6065,0,98,78,77,2470,1000,6.04383,271,8.30572,0.000106812,0,4426,84004464573
178.857,5.59105,42.6065,0,98,78,77,2470,1000,6.04383,271,8.30572,0.000106812,0,4426,84108561760
165.802,6.0313,42.6065,0,98,78,77,2470,1000,6.04383,271,8.30572,0.000106812,0,4426,84212663456
167.232,5.9797,42.6065,0,98,78,77,2470,1000,6.04383,271,8.30572,0.000106812,0,4426,84316984293
158.449,6.31117,42.6065,0,98,78,77,2470,1000,6.04383,271,8.30572,0.000106812,0,4426,84421074327
232.046,4.30949,39.6725,0,98,78,77,2472,1000,6.04383,271,8.30582,0.000106812,0,4416,84525177847
180.188,5.54976,39.6725,0,98,78,77,2472,1000,6.04383,271,8.30582,0.000106812,0,4416,84629261308
112.839,8.86219,39.6725,0,98,78,77,2472,1000,6.04383,271,8.30582,0.000106812,0,4416,84733544695
110.515,9.04854,39.6725,0,98,78,77,2472,1000,6.04383,271,8.30582,0.000106812,0,4416,84837667671
229.814,4.35135,39.6725,0,98,78,77,2472,1000,6.04383,271,8.30582,0.000106812,0,4416,84942111829
220.595,4.5332,44.2767,0,98,78,77,2472,1000,6.04383,271,8.33374,0.000106812,0,4430,85046199048
177.139,5.64527,44.2767,0,98,78,77,2472,1000,6.04383,271,8.33374,0.000106812,0,4430,85150713187
236.718,4.22444,44.2767,0,98,78,77,2472,1000,6.04383,271,8.33374,0.000106812,0,4430,85254827006
189.926,5.2652,44.2767,0,98,78,77,2472,1000,6.04383,271,8.33374,0.000106812,0,4430,85358925807
202.898,4.92859,44.2767,0,98,78,77,2472,1000,6.04383,271,8.33374,0.000106812,0,4430,85463011012
238.339,4.1957,39.2453,0,93,78,77,2471,1000,6.03291,253,8.33461,0.000106812,0,4442,85567065018
180.627,5.53628,39.2453,0,93,78,77,2471,1000,6.03291,253,8.33461,0.000106812,0,4442,85671164480
224.162,4.46105,39.2453,0,93,78,77,2471,1000,6.03291,253,8.33461,0.000106812,0,4442,85775256438
225.887,4.42699,39.2453,0,93,78,77,2471,1000,6.03291,253,8.33461,0.000106812,0,4442,85879392578
180.349,5.54482,38.2763,0,98,78,76,2451,1000,6.03291,271,8.31597,0.000106812,0,4441,85983486860
196.085,5.09984,38.2763,0,98,78,76,2451,1000,6.03291,271,8.31597,0.000106812,0,4441,86087582175
203.663,4.91007,38.2763,0,98,78,76,2451,1000,6.03291,271,8.31597,0.000106812,0,4441,86191674653
218.912,4.56804,38.2763,0,98,78,76,2451,1000,6.03291,271,8.31597,0.000106812,0,4441,86295760029
222.928,4.48575,38.2763,0,98,78,76,2451,1000,6.03291,271,8.31597,0.000106812,0,4441,86399847849
206.016,4.854,38.0476,0,98,78,77,2451,1000,6.03291,271,8.31468,0.000106812,0,4441,86504426569
254.942,3.92245,38.0476,0,98,78,77,2451,1000,6.03291,271,8.31468,0.000106812,0,4441,86608511033
228.983,4.36713,38.0476,0,98,78,77,2451,1000,6.03291,271,8.31468,0.000106812,0,4441,86712601257
190.908,5.23813,38.0476,0,98,78,77,2451,1000,6.03291,271,8.31468,0.000106812,0,4441,86816701230
170.029,5.88134,38.0476,0,98,78,77,2451,1000,6.03291,271,8.31468,0.000106812,0,4441,86920807525
191.372,5.22544,38.8191,0,98,78,77,2454,1000,6.03291,271,8.33075,0.000106812,0,4433,87024897499
252.673,3.95768,38.8191,0,98,78,77,2454,1000,6.03291,271,8.33075,0.000106812,0,4433,87128982594
226.069,4.42343,38.8191,0,98,78,77,2454,1000,6.03291,271,8.33075,0.000106812,0,4433,87233277612
210.511,4.75036,38.8191,0,98,78,77,2454,1000,6.03291,271,8.33075,0.000106812,0,4433,87337372044
213.855,4.67607,38.8191,0,98,78,77,2454,1000,6.03291,271,8.33075,0.000106812,0,4433,87441460596
205.779,4.85959,38.3562,0,98,78,77,2458,1000,6.03291,271,8.33075,0.000106812,0,4416,87545825836
188.553,5.30354,38.3562,0,98,78,77,2458,1000,6.03291,271,8.33075,0.000106812,0,4416,87649921571
149.93,6.66976,38.3562,0,98,78,77,2458,1000,6.03291,271,8.33075,0.000106812,0,4416,87754035700
203.158,4.92228,38.3562,0,98,78,77,2458,1000,6.03291,271,8.33075,0.000106812,0,4416,87858132256
267.134,3.74344,38.3562,0,98,78,77,2458,1000,6.03291,271,8.33075,0.000106812,0,4416,87962204788
201.286,4.96805,38.7909,0,98,78,77,2461,1000,6.03338,271,8.32203,0.000106812,0,4418,88066289742
181.749,5.50211,38.7909,0,98,78,77,2461,1000,6.03338,271,8.32203,0.000106812,0,4418,88170378103
203.64,4.91064,38.7909,0,98,78,77,2461,1000,6.03338,271,8.32203,0.000106812,0,4418,88275904901
232.903,4.29364,38.7909,0,98,78,77,2461,1000,6.03338,271,8.32203,0.000106812,0,4418,88379989505
221.498,4.51472,38.7909,0,98,78,77,2461,1000,6.03338,271,8.32203,0.000106812,0,4418,88484093656
198.766,5.03103,38.4131,0,98,78,77,2465,1000,6.03291,271,8.32347,0.000106812,0,4441,88588189882
206.362,4.84586,38.4131,0,98,78,77,2465,1000,6.03291,271,8.32347,0.000106812,0,4441,88692943590
164.14,6.09237,38.4131,0,98,78,77,2465,1000,6.03291,271,8.32347,0.000106812,0,4441,88797031310
208.548,4.79507,38.4131,0,98,78,77,2465,1000,6.03291,271,8.32347,0.000106812,0,4441,88901128147
198.851,5.0289,38.4615,0,98,78,77,2467,1000,6.03291,271,8.32347,0.000106812,0,4434,89005221317
256.033,3.90575,38.4615,0,98,78,77,2467,1000,6.03291,271,8.32347,0.000106812,0,4434,89109311521
220.478,4.5356,38.4615,0,98,78,77,2467,1000,6.03291,271,8.32347,0.000106812,0,4434,89213363744
167.05,5.98621,38.4615,0,98,78,77,2467,1000,6.03291,271,8.32347,0.000106812,0,4434,89317462435
202.635,4.93499,38.4615,0,98,78,77,2467,1000,6.03291,271,8.32347,0.000106812,0,4434,89421566085
165.659,6.0365,38.75,0,98,78,77,2466,1000,6.03291,271,8.30442,0.000106812,0,4440,89525704980
182.152,5.48993,38.75,0,98,78,77,2466,1000,6.03291,271,8.30442,0.000106812,0,4440,89629807017
194.804,5.13337,38.75,0,98,78,77,2466,1000,6.03291,271,8.30442,0.000106812,0,4440,89733894035
218.341,4.57999,38.75,0,98,78,77,2466,1000,6.03291,271,8.30442,0.000106812,0,4440,89837995751
250.564,3.99099,38.75,0,98,78,77,2466,1000,6.03291,271,8.30442,0.000106812,0,4440,89942085575
238.885,4.18612,40,0,98,78,77,2466,1000,6.03291,271,8.30442,0.000106812,0,4441,90046172093
187.45,5.33476,40,0,98,78,77,2466,1000,6.03291,271,8.30442,0.000106812,0,4441,90150259412
190.669,5.2447,40,0,98,78,77,2466,1000,6.03291,271,8.30442,0.000106812,0,4441,90254710533
157.476,6.35015,40,0,98,78,77,2466,1000,6.03291,271,8.30442,0.000106812,0,4441,90358805076
236.041,4.23655,40,0,98,78,77,2466,1000,6.03291,271,8.30442,0.000106812,0,4441,90462894959
191.307,5.22721,38.3459,0,98,78,77,2466,1000,6.03291,271,8.30444,0.000106812,0,4435,90566987017
176.257,5.67354,38.3459,0,98,78,77,2466,1000,6.03291,271,8.30444,0.000106812,0,4435,90671490016
180.766,5.53201,38.3459,0,98,78,77,2466,1000,6.03291,271,8.30444,0.000106812,0,4435,90775584158
192.896,5.18415,38.3459,0,98,78,77,2466,1000,6.03291,271,8.30444,0.000106812,0,4435,90879678089
196.83,5.08053,38.3459,0,98,78,77,2466,1000,6.03291,271,8.30444,0.000106812,0,4435,90984010027
186.437,5.36375,38.9447,0,98,78,77,2461,1000,6.03291,271,8.30094,0.000106812,0,4441,91088104870
177.315,5.63968,38.9447,0,98,78,77,2461,1000,6.03291,271,8.30094,0.000106812,0,4441,91192190526
167.466,5.97135,38.9447,0,98,78,77,2461,1000,6.03291,271,8.30094,0.000106812,0,4441,91296281081
209.712,4.76845,38.9447,0,98,78,77,2461,1000,6.03291,271,8.30094,0.000106812,0,4441,91400392936
197.958,5.05158,38.9447,0,98,78,77,2461,1000,6.03291,271,8.30094,0.000106812,0,4441,91504483962
223.82,4.46787,39.1139,0,99,78,77,2465,1000,6.03291,271,8.30094,0.000106812,0,4416,91608604153
167.236,5.97959,39.1139,0,99,78,77,2465,1000,6.03291,271,8.30094,0.000106812,0,4416,91712714815
206.493,4.84279,39.1139,0,99,78,77,2465,1000,6.03291,271,8.30094,0.000106812,0,4416,91816804579
171.358,5.83572,39.1139,0,99,78,77,2465,1000,6.03291,271,8.30094,0.000106812,0,4416,91920868094
136.755,7.31232,40.4282,0,98,78,77,2464,1000,6.03291,271,8.30295,0.000106812,0,4421,92024963798
177.888,5.62153,40.4282,0,98,78,77,2464,1000,6.03291,271,8.30295,0.000106812,0,4421,92129111721
195.286,5.1207,40.4282,0,98,78,77,2464,1000,6.03291,271,8.30295,0.000106812,0,4421,92233193239
224.282,4.45867,40.4282,0,98,78,77,2464,1000,6.03291,271,8.30295,0.000106812,0,4421,92337290096
175.565,5.69589,40.4282,0,98,78,77,2464,1000,6.03291,271,8.30295,0.000106812,0,4421,92442274707
178.063,5.61598,41.8663,0,98,78,77,2479,1000,6.03291,271,8.30378,0.000106812,0,4416,92546358440
198.69,5.03298,41.8663,0,98,78,77,2479,1000,6.03291,271,8.30378,0.000106812,0,4416,92650455607
202.946,4.92743,41.8663,0,98,78,77,2479,1000,6.03291,271,8.30378,0.000106812,0,4416,92754547435
173.954,5.74865,41.8663,0,98,78,77,2479,1000,6.03291,271,8.30378,0.000106812,0,4416,92858668407
186.236,5.36954,41.8663,0,98,78,77,2479,1000,6.03291,271,8.30378,0.000106812,0,4416,92962753923
169.749,5.89107,41.4053,0,98,78,77,2478,1000,6.03291,271,8.30002,0.000106812,0,4440,93066841743
202.46,4.93925,41.4053,0,98,78,77,2478,1000,6.03291,271,8.30002,0.000106812,0,4440,93170942166
194.56,5.13981,41.4053,0,98,78,77,2478,1000,6.03291,271,8.30002,0.000106812,0,4440,93275064401
241.753,4.13646,41.4053,0,98,78,77,2478,1000,6.03291,271,8.30002,0.000106812,0,4440,93379158152
182.271,5.48635,41.4053,0,98,78,77,2478,1000,6.03291,271,8.30002,0.000106812,0,4440,93484178200
187.012,5.34726,42.7136,0,99,78,77,2478,1000,6.03291,271,8.30435,0.000106812,0,4427,93588268755
207.723,4.81411,42.7136,0,99,78,77,2478,1000,6.03291,271,8.30435,0.000106812,0,4427,93692360192
168,5.95239,42.7136,0,99,78,77,2478,1000,6.03291,271,8.30435,0.000106812,0,4427,93796446689
195.8,5.10726,42.7136,0,99,78,77,2478,1000,6.03291,271,8.30435,0.000106812,0,4427,93900543055
194.372,5.14478,42.7136,0,99,78,77,2478,1000,6.03291,271,8.30435,0.000106812,0,4427,94004652145
208.158,4.80404,42.7854,0,98,78,77,2477,1000,6.03291,271,8.30879,0.000106812,0,4423,94108738663
187.578,5.33111,42.7854,0,98,78,77,2477,1000,6.03291,271,8.30879,0.000106812,0,4423,94212837774
195.755,5.10842,42.7854,0,98,78,77,2477,1000,6.03291,271,8.30879,0.000106812,0,4423,94316932747
199.674,5.00817,42.7854,0,98,78,77,2477,1000,6.03291,271,8.30879,0.000106812,0,4423,94421360394
173.928,5.74951,42.7854,0,98,78,77,2477,1000,6.03291,271,8.30879,0.000106812,0,4423,94525454556
192.33,5.19941,41.6771,0,98,78,77,2478,1000,6.03291,271,8.30341,0.000106812,0,4421,94629542046
191.976,5.20898,41.6771,0,98,78,77,2478,1000,6.03291,271,8.30341,0.000106812,0,4421,94733682995
190.854,5.2396,41.6771,0,98,78,77,2478,1000,6.03291,271,8.30341,0.000106812,0,4421,94837769583
194.507,5.1412,41.6771,0,98,78,77,2478,1000,6.03291,271,8.30341,0.000106812,0,4421,94941826264
182.971,5.46534,40.7035,0,98,78,77,2479,1000,6.03291,271,8.30313,0.000106812,0,4438,95045914796
189.72,5.27092,40.7035,0,98,78,77,2479,1000,6.03291,271,8.30313,0.000106812,0,4438,95150256382
182.183,5.489,40.7035,0,98,78,77,2479,1000,6.03291,271,8.30313,0.000106812,0,4438,95254342789
197.667,5.05901,40.7035,0,98,78,77,2479,1000,6.03291,271,8.30313,0.000106812,0,4438,95358427363
186.634,5.35808,40.7035,0,98,78,77,2479,1000,6.03291,271,8.30313,0.000106812,0,4438,95462513860
189.242,5.28423,41.0063,0,98,78,77,2479,1000,6.03291,271,8.30395,0.000106812,0,4436,95566625846
206.788,4.83588,41.0063,0,98,78,77,2479,1000,6.03291,271,8.30395,0.000106812,0,4436,95670963684
156.631,6.38443,41.0063,0,98,78,77,2479,1000,6.03291,271,8.30395,0.000106812,0,4436,95775049220
173.246,5.77215,41.0063,0,98,78,77,2479,1000,6.03291,271,8.30395,0.000106812,0,4436,95879142140
160.892,6.21536,41.0063,0,98,78,77,2479,1000,6.03291,271,8.30395,0.000106812,0,4436,95983395450
199.008,5.02492,41,0,99,78,77,2474,1000,6.03291,271,8.30662,0.000106812,0,4417,96087491966
184.116,5.43136,41,0,99,78,77,2474,1000,6.03291,271,8.30662,0.000106812,0,4417,96191610133
183.357,5.45386,41,0,99,78,77,2474,1000,6.03291,271,8.30662,0.000106812,0,4417,96295705347
209.587,4.7713,41,0,99,78,77,2474,1000,6.03291,271,8.30662,0.000106812,0,4417,96399789871
219.086,4.56443,41,0,99,78,77,2474,1000,6.03291,271,8.30662,0.000106812,0,4417,96504060113
146.379,6.83156,42.1973,0,98,78,77,2477,1000,6.03291,271,8.31335,0.000106812,0,4419,96608118988
198.95,5.02639,42.1973,0,98,78,77,2477,1000,6.03291,271,8.31335,0.000106812,0,4419,96712203653
173.14,5.77568,42.1973,0,98,78,77,2477,1000,6.03291,271,8.31335,0.000106812,0,4419,96816292945
234.671,4.26128,42.1973,0,98,78,77,2477,1000,6.03291,271,8.31335,0.000106812,0,4419,96920382729
189.03,5.29016,42.1973,0,98,78,77,2477,1000,6.03291,271,8.31335,0.000106812,0,4419,97024665785
191.714,5.21611,41.3879,0,98,78,77,2479,1000,6.03291,271,8.31346,0.000106812,0,4416,97128752022
226.568,4.41368,41.3879,0,98,78,77,2479,1000,6.03291,271,8.31346,0.000106812,0,4416,97232839992
194.795,5.1336,41.3879,0,98,78,77,2479,1000,6.03291,271,8.31346,0.000106812,0,4416,97336934735
212.37,4.70876,41.3879,0,98,78,77,2479,1000,6.03291,271,8.31346,0.000106812,0,4416,97441766530
191.635,5.21824,41.3879,0,98,78,77,2479,1000,6.03291,271,8.31346,0.000106812,0,4416,97545851745
147.884,6.76207,41.4392,0,98,78,77,2469,1000,6.03291,271,8.30665,0.000106812,0,4440,97649941980
190.384,5.25254,41.4392,0,98,78,77,2469,1000,6.03291,271,8.30665,0.000106812,0,4440,97754009432
236.828,4.22247,41.4392,0,98,78,77,2469,1000,6.03291,271,8.30665,0.000106812,0,4440,97858060062
176.391,5.66924,41.4392,0,98,78,77,2469,1000,6.03291,271,8.30665,0.000106812,0,4440,97962158061
178.131,5.61385,43.5866,0,98,78,77,2473,1000,6.0446,271,8.30761,0.000106812,0,4413,98066259587
217.99,4.58736,43.5866,0,98,78,77,2473,1000,6.0446,271,8.30761,0.000106812,0,4413,98170345613
152.892,6.54056,43.5866,0,98,78,77,2473,1000,6.0446,271,8.30761,0.000106812,0,4413,98274428334
190.064,5.26139,43.5866,0,98,78,77,2473,1000,6.0446,271,8.30761,0.000106812,0,4413,98378513268
185.786,5.38253,43.5866,0,98,78,77,2473,1000,6.0446,271,8.30761,0.000106812,0,4413,98482599826
186.635,5.35805,41.6352,0,98,78,77,2474,1000,6.04125,271,8.30975,0.000106812,0,4441,98586721509
198.624,5.03465,41.6352,0,98,78,77,2474,1000,6.04125,271,8.30975,0.000106812,0,4441,98691405798
260.713,3.83563,41.6352,0,98,78,77,2474,1000,6.04125,271,8.30975,0.000106812,0,4441,98795503296
193.112,5.17835,41.6352,0,98,78,77,2474,1000,6.04125,271,8.30975,0.000106812,0,4441,98900108656
233.809,4.277,41.6352,0,98,78,77,2474,1000,6.04125,271,8.30975,0.000106812,0,4441,99004207527
191.739,5.21542,39.9748,0,98,78,77,2472,1000,6.05217,271,8.30495,0.000106812,0,4441,99108398280
186.567,5.36001,39.9748,0,98,78,77,2472,1000,6.05217,271,8.30495,0.000106812,0,4441,99212710040
202.854,4.92964,39.9748,0,98,78,77,2472,1000,6.05217,271,8.30495,0.000106812,0,4441,99316797098
195.141,5.1245,39.9748,0,98,78,77,2472,1000,6.05217,271,8.30495,0.000106812,0,4441,99420884748
189.87,5.26676,39.9748,0,98,78,77,2472,1000,6.05217,271,8.30495,0.000106812,0,4441,99525569116
162.895,6.13893,42.4968,0,98,78,77,2477,1000,6.05218,271,8.30804,0.000106812,0,4416,99629665332
201.868,4.95374,42.4968,0,98,78,77,2477,1000,6.05218,271,8.30804,0.000106812,0,4416,99734649683
182.97,5.46537,42.4968,0,98,78,77,2477,1000,6.05218,271,8.30804,0.000106812,0,4416,99838734056
249.399,4.00965,42.4968,0,98,78,77,2477,1000,6.05218,271,8.30804,0.000106812,0,4416,99942822688
194.773,5.13418,42.4968,0,98,78,77,2477,1000,6.05218,271,8.30804,0.000106812,0,4416,100046912141
179.968,5.55654,41.5,0,98,78,77,2474,1000,6.04172,271,8.3112,0.000106812,0,4441,100151644750
199.643,5.00893,41.5,0,98,78,77,2474,1000,6.04172,271,8.3112,0.000106812,0,4441,100255728522
150.921,6.626,41.5,0,98,78,77,2474,1000,6.04172,271,8.3112,0.000106812,0,4441,100359814539
184.774,5.41201,41.5,0,98,78,77,2474,1000,6.04172,271,8.3112,0.000106812,0,4441,100463902629
150.226,6.65664,41.5,0,98,78,77,2474,1000,6.04172,271,8.3112,0.000106812,0,4441,100567995238
242.607,4.1219,41.0804,0,98,78,77,2474,1000,6.04125,271,8.32673,0.000106812,0,4427,100672087136
204.329,4.89406,41.0804,0,98,78,77,2474,1000,6.04125,271,8.32673,0.000106812,0,4427,100776205543
233.654,4.27982,41.0804,0,98,78,77,2474,1000,6.04125,271,8.32673,0.000106812,0,4427,100881151262
200.085,4.99787,41.0804,0,98,78,77,2474,1000,6.04125,271,8.32673,0.000106812,0,4427,100985235475
210.146,4.75859,42.5373,0,98,78,77,2474,1000,6.04125,271,8.32813,0.000106812,0,4417,101089322594
156.653,6.38355,42.5373,0,98,78,77,2474,1000,6.04125,271,8.32813,0.000106812,0,4417,101193692483
171.755,5.82225,42.5373,0,98,78,77,2474,1000,6.04125,271,8.32813,0.000106812,0,4417,101297775884
181.884,5.49802,42.5373,0,98,78,77,2474,1000,6.04125,271,8.32813,0.000106812,0,4417,101401869876
210.005,4.7618,42.5373,0,98,78,77,2474,1000,6.04125,271,8.32813,0.000106812,0,4417,101506050870
187.006,5.34744,42.0526,0,98,78,77,2474,1000,6.04125,271,8.32561,0.000106812,0,4413,101610141856
164.3,6.08644,42.0526,0,98,78,77,2474,1000,6.04125,271,8.32561,0.000106812,0,4413,101714264902
188.136,5.31531,42.0526,0,98,78,77,2474,1000,6.04125,271,8.32561,0.000106812,0,4413,101818358744
193.733,5.16175,42.0526,0,98,78,77,2474,1000,6.04125,271,8.32561,0.000106812,0,4413,101922446554
166.607,6.00214,42.0526,0,98,78,77,2474,1000,6.04125,271,8.32561,0.000106812,0,4413,102026532961
185.02,5.40482,42.0074,0,98,78,77,2476,1000,6.04172,271,8.32005,0.000106812,0,4439,102130632683
201.258,4.96875,42.0074,0,98,78,77,2476,1000,6.04172,271,8.32005,0.000106812,0,4439,102234731614
175.605,5.69459,42.0074,0,98,78,77,2476,1000,6.04172,271,8.32005,0.000106812,0,4439,102338876852
264.626,3.77892,42.0074,0,98,78,77,2476,1000,6.04172,271,8.32005,0.000106812,0,4439,102442975662
189.76,5.26981,42.0074,0,98,78,77,2476,1000,6.04172,271,8.32005,0.000106812,0,4439,102547064534
175.335,5.70338,40.7731,0,98,78,77,2468,1000,6.0339,271,8.31039,0.000106812,0,4416,102651898413
201.362,4.96619,40.7731,0,98,78,77,2468,1000,6.0339,271,8.31039,0.000106812,0,4416,102755992886
172.531,5.79605,40.7731,0,98,78,77,2468,1000,6.0339,271,8.31039,0.000106812,0,4416,102860099381
149.306,6.69767,40.7731,0,98,78,77,2468,1000,6.0339,271,8.31039,0.000106812,0,4416,102964350357
181.368,5.51366,40.7731,0,98,78,77,2468,1000,6.0339,271,8.31039,0.000106812,0,4416,103068463334
195.119,5.12509,41.3317,0,98,78,77,2476,1000,6.03437,271,8.31112,0.000106812,0,4417,103172927930
219.498,4.55584,41.3317,0,98,78,77,2476,1000,6.03437,271,8.31112,0.000106812,0,4417,103277035016
200.84,4.97908,41.3317,0,98,78,77,2476,1000,6.03437,271,8.31112,0.000106812,0,4417,103381899172
213.029,4.6942,41.3317,0,98,78,77,2476,1000,6.03437,271,8.31112,0.000106812,0,4417,103485984076
226.134,4.42216,41.2358,0,98,78,77,2472,1000,6.0339,271,8.31503,0.000106812,0,4422,103590070814
179.752,5.56323,41.2358,0,98,78,77,2472,1000,6.0339,271,8.31503,0.000106812,0,4422,103694168663
156.484,6.39043,41.2358,0,98,78,77,2472,1000,6.0339,271,8.31503,0.000106812,0,4422,103798267744
172.481,5.79773,41.2358,0,98,78,77,2472,1000,6.0339,271,8.31503,0.000106812,0,4422,103902995293
176.666,5.6604,41.2358,0,98,78,77,2472,1000,6.0339,271,8.31503,0.000106812,0,4422,104007083043
226.513,4.41476,41.5,0,98,78,77,2475,1000,6.02259,271,8.32067,0.000106812,0,4427,104111178257
219.938,4.54674,41.5,0,98,78,77,2475,1000,6.02259,271,8.32067,0.000106812,0,4427,104215264935
185.615,5.38748,41.5,0,98,78,77,2475,1000,6.02259,271,8.32067,0.000106812,0,4427,104319376349
183.714,5.44324,41.5,0,98,78,77,2475,1000,6.02259,271,8.32067,0.000106812,0,4427,104423459360
182.986,5.4649,41.5,0,98,78,77,2475,1000,6.02259,271,8.32067,0.000106812,0,4427,104527544956
192.827,5.18599,41.4907,0,98,78,77,2469,1000,6.04083,271,8.31952,0.000106812,0,4440,104631633778
195.135,5.12466,41.4907,0,98,78,77,2469,1000,6.04083,271,8.31952,0.000106812,0,4440,104735722069
188.7,5.29942,41.4907,0,98,78,77,2469,1000,6.04083,271,8.31952,0.000106812,0,4440,104839804910
164.068,6.09504,41.4907,0,98,78,77,2469,1000,6.04083,271,8.31952,0.000106812,0,4440,104943877321
197.108,5.07335,41.4907,0,98,78,77,2469,1000,6.04083,271,8.31952,0.000106812,0,4440,105048792121
185.901,5.37922,40.3004,0,98,78,77,2471,1000,6.04083,271,8.31952,0.000106812,0,4438,105152876404
199.269,5.01834,40.3004,0,98,78,77,2471,1000,6.04083,271,8.31952,0.000106812,0,4438,105257254108
258.857,3.86313,40.3004,0,98,78,77,2471,1000,6.04083,271,8.31952,0.000106812,0,4438,105361356245
168.583,5.93179,40.3004,0,98,78,77,2471,1000,6.04083,271,8.31952,0.000106812,0,4438,105465442612
216.024,4.62912,40.3004,0,98,78,77,2471,1000,6.04083,271,8.31952,0.000106812,0,4438,105569493643
206.635,4.83944,41.1911,0,98,78,77,2468,1000,6.03347,271,8.31933,0.000106812,0,4441,105673580722
173.869,5.75145,41.1911,0,98,78,77,2468,1000,6.03347,271,8.31933,0.000106812,0,4441,105777671267
173.031,5.77933,41.1911,0,98,78,77,2468,1000,6.03347,271,8.31933,0.000106812,0,4441,105881835430
214.445,4.6632,41.1911,0,98,78,77,2468,1000,6.03347,271,8.31933,0.000106812,0,4441,105985924983
164.744,6.07004,41.1911,0,98,78,77,2468,1000,6.03347,271,8.31933,0.000106812,0,4441,106090266709
203.919,4.90391,41.3965,0,98,78,77,2468,1000,6.03347,271,8.34005,0.000106812,0,4441,106194353858
169.247,5.90851,41.3965,0,98,78,77,2468,1000,6.03347,271,8.34005,0.000106812,0,4441,106298440656
177.18,5.64398,41.3965,0,98,78,77,2468,1000,6.03347,271,8.34005,0.000106812,0,4441,106402526322
139.228,7.18248,41.3965,0,98,78,77,2468,1000,6.03347,271,8.34005,0.000106812,0,4441,106506610585
221.698,4.51064,41.0737,0,98,78,77,2465,1000,6.03347,271,8.34137,0.000106812,0,4440,106610718623
212.255,4.7113,41.0737,0,98,78,77,2465,1000,6.03347,271,8.34137,0.000106812,0,4440,106715123037
184.964,5.40647,41.0737,0,98,78,77,2465,1000,6.03347,271,8.34137,0.000106812,0,4440,106819219403
209.36,4.77645,41.0737,0,98,78,77,2465,1000,6.03347,271,8.34137,0.000106812,0,4440,106923330236
170.684,5.8588,41.0737,0,98,78,77,2465,1000,6.03347,271,8.34137,0.000106812,0,4440,107027427413
168.538,5.93337,40.3226,0,99,78,77,2467,1000,6.04083,271,8.34161,0.000106812,0,4416,107131537525
174.078,5.74454,40.3226,0,99,78,77,2467,1000,6.04083,271,8.34161,0.000106812,0,4416,107235666112
229.142,4.36411,40.3226,0,99,78,77,2467,1000,6.04083,271,8.34161,0.000106812,0,4416,107339749924
233.063,4.29068,40.3226,0,99,78,77,2467,1000,6.04083,271,8.34161,0.000106812,0,4416,107443839097
226.775,4.40966,40.3226,0,99,78,77,2467,1000,6.04083,271,8.34161,0.000106812,0,4416,107548857802
165.474,6.04325,40.4969,0,98,78,77,2464,1000,6.04083,271,8.32982,0.000106812,0,4440,107652957374
189.788,5.26903,40.4969,0,98,78,77,2464,1000,6.04083,271,8.32982,0.000106812,0,4440,107757049692
198.078,5.0485,40.4969,0,98,78,77,2464,1000,6.04083,271,8.32982,0.000106812,0,4440,107861139326
176.417,5.66838,40.4969,0,98,78,77,2464,1000,6.04083,271,8.32982,0.000106812,0,4440,107965230211
158.888,6.29376,40.4969,0,98,78,77,2464,1000,6.04083,271,8.32982,0.000106812,0,4440,108069460939
196.551,5.08774,38.0476,0,98,78,77,2468,1000,6.04157,271,8.33006,0.000106812,0,4415,108173555813
182.366,5.48349,38.0476,0,98,78,77,2468,1000,6.04157,271,8.33006,0.000106812,0,4415,108277642340
213.042,4.6939,38.0476,0,98,78,77,2468,1000,6.04157,271,8.33006,0.000106812,0,4415,108381823696
185.836,5.3811,38.0476,0,98,78,77,2468,1000,6.04157,271,8.33006,0.000106812,0,4415,108485928207
206.247,4.84856,38.0476,0,98,78,77,2468,1000,6.04157,271,8.33006,0.000106812,0,4415,108590020375
170.373,5.86947,39.6552,0,99,78,77,2463,1000,6.07096,271,8.33147,0.000106812,0,4416,108694116010
129.592,7.71655,39.6552,0,99,78,77,2463,1000,6.07096,271,8.33147,0.000106812,0,4416,108798201636
198.258,5.04393,39.6552,0,99,78,77,2463,1000,6.07096,271,8.33147,0.000106812,0,4416,108902288945
166.985,5.98856,39.6552,0,99,78,77,2463,1000,6.07096,271,8.33147,0.000106812,0,4416,109006383036
177.687,5.62786,39.6552,0,99,78,77,2463,1000,6.07096,271,8.33147,0.000106812,0,4416,109110482248
190.787,5.24144,39.1468,0,98,78,77,2469,1000,6.07096,271,8.33147,0.000106812,0,4441,109214565309
227.563,4.39438,39.1468,0,98,78,77,2469,1000,6.07096,271,8.33147,0.000106812,0,4441,109318646767
195.598,5.11253,39.1468,0,98,78,77,2469,1000,6.07096,271,8.33147,0.000106812,0,4441,109422734537
170.069,5.87995,39.1468,0,98,78,77,2469,1000,6.07096,271,8.33147,0.000106812,0,4441,109526832075
186.451,5.36333,39.4437,0,98,78,77,2464,1000,6.06004,271,8.33353,0.000106812,0,4416,109630922670
200.332,4.99172,39.4437,0,98,78,77,2464,1000,6.06004,271,8.33353,0.000106812,0,4416,109735011662
161.334,6.19833,39.4437,0,98,78,77,2464,1000,6.06004,271,8.33353,0.000106812,0,4416,109839099783
184.077,5.4325,39.4437,0,98,78,77,2464,1000,6.06004,271,8.33353,0.000106812,0,4416,109943200116
163.467,6.11744,39.4437,0,98,78,77,2464,1000,6.06004,271,8.33353,0.000106812,0,4416,110047296152
189.524,5.27638,39.777,0,99,78,77,2467,1000,6.05268,271,8.31908,0.000106812,0,4413,110151392418
197.38,5.06636,39.777,0,99,78,77,2467,1000,6.05268,271,8.31908,0.000106812,0,4413,110255475879
224.069,4.46292,39.777,0,99,78,77,2467,1000,6.05268,271,8.31908,0.000106812,0,4413,110359561605
176.035,5.6807,39.777,0,99,78,77,2467,1000,6.05268,271,8.31908,0.000106812,0,4413,110463647622
196.914,5.07836,39.777,0,99,78,77,2467,1000,6.05268,271,8.31908,0.000106812,0,4413,110567732366
211.88,4.71966,40.3266,0,99,78,77,2458,1000,6.05268,271,8.32298,0.000106812,0,4393,110671822000
203.828,4.90611,40.3266,0,99,78,77,2458,1000,6.05268,271,8.32298,0.000106812,0,4393,110775888961
219.92,4.54711,40.3266,0,99,78,77,2458,1000,6.05268,271,8.32298,0.000106812,0,4393,110880007458
150.905,6.6267,40.3266,0,99,78,77,2458,1000,6.05268,271,8.32298,0.000106812,0,4393,110984092974
179.629,5.56702,40.3266,0,99,78,77,2458,1000,6.05268,271,8.32298,0.000106812,0,4393,111088264180
176.976,5.65048,41,0,99,78,77,2458,1000,6.05268,271,8.32364,0.000106812,0,4416,111192359955
191.659,5.21759,41,0,99,78,77,2458,1000,6.05268,271,8.32364,0.000106812,0,4416,111296461340
191.852,5.21234,41,0,99,78,77,2458,1000,6.05268,271,8.32364,0.000106812,0,4416,111400555963
183.779,5.44133,41,0,99,78,77,2458,1000,6.05268,271,8.32364,0.000106812,0,4416,111504648282
235.52,4.24593,41,0,99,78,77,2458,1000,6.05268,271,8.32364,0.000106812,0,4416,111608732425
152.419,6.56088,40.6991,0,98,78,77,2468,1000,6.06106,271,8.32171,0.000106812,0,4440,111712810967
140.226,7.13135,40.6991,0,98,78,77,2468,1000,6.06106,271,8.32171,0.000106812,0,4440,111816903045
210.505,4.75049,40.6991,0,98,78,77,2468,1000,6.06106,271,8.32171,0.000106812,0,4440,111921000874
188.387,5.30822,40.6991,0,98,78,77,2468,1000,6.06106,271,8.32171,0.000106812,0,4440,112025087071
223.244,4.4794,40.6991,0,98,78,77,2468,1000,6.06106,271,8.32171,0.000106812,0,4440,112129184980
185.345,5.39534,49.3734,0,98,78,77,2473,1000,6.06106,271,8.32453,0.000106812,0,4436,112233721882
169.177,5.91098,49.3734,0,98,78,77,2473,1000,6.06106,271,8.32453,0.000106812,0,4436,112337806907
221.885,4.50684,49.3734,0,98,78,77,2473,1000,6.06106,271,8.32453,0.000106812,0,4436,112442720375
199.485,5.0129,49.3734,0,98,78,77,2473,1000,6.06106,271,8.32453,0.000106812,0,4436,112546808355
168.021,5.95163,39.5702,0,94,78,77,2461,1000,6.06106,264,8.3322,0.000106812,0,4416,112650907045
170.315,5.87146,39.5702,0,94,78,77,2461,1000,6.06106,264,8.3322,0.000106812,0,4416,112754997490
188.198,5.31355,39.5702,0,94,78,77,2461,1000,6.06106,264,8.3322,0.000106812,0,4416,112859120737
191.009,5.23535,39.5702,0,94,78,77,2461,1000,6.06106,264,8.3322,0.000106812,0,4416,112963212163
155.243,6.44153,39.5702,0,94,78,77,2461,1000,6.06106,264,8.3322,0.000106812,0,4416,113067296016
173.528,5.76275,40.9091,0,98,78,77,2473,1000,6.06106,271,8.33233,0.000106812,0,4416,113171379408
221.691,4.51078,40.9091,0,98,78,77,2473,1000,6.06106,271,8.33233,0.000106812,0,4416,113275465785
195.367,5.11857,40.9091,0,98,78,77,2473,1000,6.06106,271,8.33233,0.000106812,0,4416,113379800898
167.991,5.9527,40.9091,0,98,78,77,2473,1000,6.06106,271,8.33233,0.000106812,0,4416,113483887857
169.096,5.9138,40.9091,0,98,78,77,2473,1000,6.06106,271,8.33233,0.000106812,0,4416,113588139674
186.092,5.37368,41.4573,0,98,78,77,2477,1000,6.06153,271,8.34416,0.000106812,0,4422,113692254275
179.336,5.57611,41.4573,0,98,78,77,2477,1000,6.06153,271,8.34416,0.000106812,0,4422,113796339810
181.014,5.52443,41.4573,0,98,78,77,2477,1000,6.06153,271,8.34416,0.000106812,0,4422,113900839913
166.849,5.99346,41.4573,0,98,78,77,2477,1000,6.06153,271,8.34416,0.000106812,0,4422,114004973689
161.557,6.18976,41.4573,0,98,78,77,2477,1000,6.06153,271,8.34416,0.000106812,0,4422,114109062521
155.218,6.44255,41.6877,0,99,78,77,2478,1000,6.06106,271,8.34217,0.000106812,0,4416,114213148949
174.332,5.73619,41.6877,0,99,78,77,2478,1000,6.06106,271,8.34217,0.000106812,0,4416,114317291782
169.362,5.90452,41.6877,0,99,78,77,2478,1000,6.06106,271,8.34217,0.000106812,0,4416,114421390592
164.096,6.094,41.6877,0,99,78,77,2478,1000,6.06106,271,8.34217,0.000106812,0,4416,114525481989
179.497,5.57112,41.6877,0,99,78,77,2478,1000,6.06106,271,8.34217,0.000106812,0,4416,114629574117
217.396,4.59989,42.1777,0,99,78,77,2477,1000,6.04185,271,8.34196,0.000106812,0,4427,114733680913
183.401,5.45252,42.1777,0,99,78,77,2477,1000,6.04185,271,8.34196,0.000106812,0,4427,114837781747
159.118,6.28466,42.1777,0,99,78,77,2477,1000,6.04185,271,8.34196,0.000106812,0,4427,114942314211
182.045,5.49316,42.1777,0,99,78,77,2477,1000,6.04185,271,8.34196,0.000106812,0,4427,115046412280
164.94,6.06282,40.4551,0,99,78,77,2485,1000,6.04185,271,8.3299,0.000106812,0,4418,115150497144
221.321,4.51832,40.4551,0,99,78,77,2485,1000,6.04185,271,8.3299,0.000106812,0,4418,115254590284
181.997,5.4946,40.4551,0,99,78,77,2485,1000,6.04185,271,8.3299,0.000106812,0,4418,115358675169
228.208,4.38197,40.4551,0,99,78,77,2485,1000,6.04185,271,8.3299,0.000106812,0,4418,115462760053
175.747,5.69001,40.4551,0,99,78,77,2485,1000,6.04185,271,8.3299,0.000106812,0,4418,115567357709
215.93,4.63112,41.9274,0,98,78,77,2465,1000,6.0345,271,8.32859,0.000106812,0,4420,115671444808
177.527,5.63296,41.9274,0,98,78,77,2465,1000,6.0345,271,8.32859,0.000106812,0,4420,115775528731
167.397,5.97383,41.9274,0,98,78,77,2465,1000,6.0345,271,8.32859,0.000106812,0,4420,115879617983
169.542,5.89825,41.9274,0,98,78,77,2465,1000,6.0345,271,8.32859,0.000106812,0,4420,115983713848
236.353,4.23095,41.9274,0,98,78,77,2465,1000,6.0345,271,8.32859,0.000106812,0,4420,116087770159
176.515,5.66524,42.1973,0,98,78,77,2465,1000,6.04185,271,8.32243,0.000106812,0,4426,116191829626
212.655,4.70246,42.1973,0,98,78,77,2465,1000,6.04185,271,8.32243,0.000106812,0,4426,116296081955
194.957,5.12935,42.1973,0,98,78,77,2465,1000,6.04185,271,8.32243,0.000106812,0,4426,116400166408
181.492,5.50987,42.1973,0,98,78,77,2465,1000,6.04185,271,8.32243,0.000106812,0,4426,116504766298
150.38,6.64981,42.1973,0,98,78,77,2465,1000,6.04185,271,8.32243,0.000106812,0,4426,116608824052
191.166,5.23106,41.9274,0,98,78,77,2465,1000,6.04185,271,8.32277,0.000106812,0,4424,116712918524
150.793,6.63162,41.9274,0,98,78,77,2465,1000,6.04185,271,8.32277,0.000106812,0,4424,116817002487
180.115,5.552,41.9274,0,98,78,77,2465,1000,6.04185,271,8.32277,0.000106812,0,4424,116921085418
183.261,5.4567,41.9274,0,98,78,77,2465,1000,6.04185,271,8.32277,0.000106812,0,4424,117025359768
148.871,6.71722,41.9274,0,98,78,77,2465,1000,6.04185,271,8.32277,0.000106812,0,4424,117129450253
182.729,5.4726,41.5617,0,99,78,77,2466,1000,6.04283,271,8.32335,0.000106812,0,4411,117233685519
185.483,5.39133,41.5617,0,99,78,77,2466,1000,6.04283,271,8.32335,0.000106812,0,4411,117337762138
192.007,5.20814,41.5617,0,99,78,77,2466,1000,6.04283,271,8.32335,0.000106812,0,4411,117441825592
184.626,5.41635,41.5617,0,99,78,77,2466,1000,6.04283,271,8.32335,0.000106812,0,4411,117545910707
162.922,6.13789,41.5617,0,99,78,77,2466,1000,6.04283,271,8.32335,0.000106812,0,4411,117650267812
181.469,5.51057,40.5542,0,98,78,77,2463,1000,6.04185,271,8.32081,0.000106812,0,4416,117754366132
187.816,5.32435,40.5542,0,98,78,77,2463,1000,6.04185,271,8.32081,0.000106812,0,4416,117858487865
203.568,4.91237,40.5542,0,98,78,77,2463,1000,6.04185,271,8.32081,0.000106812,0,4416,117962566588
175.25,5.70612,40.5542,0,98,78,77,2463,1000,6.04185,271,8.32081,0.000106812,0,4416,118066649730
177.811,5.62394,41.625,0,99,78,77,2467,1000,6.0345,271,8.31227,0.000106812,0,4422,118171314742
199.694,5.00766,41.625,0,99,78,77,2467,1000,6.0345,271,8.31227,0.000106812,0,4422,118275403524
195.476,5.11572,41.625,0,99,78,77,2467,1000,6.0345,271,8.31227,0.000106812,0,4422,118379493988
185.699,5.38505,41.625,0,99,78,77,2467,1000,6.0345,271,8.31227,0.000106812,0,4422,118483583291
214.411,4.66393,41.625,0,99,78,77,2467,1000,6.0345,271,8.31227,0.000106812,0,4422,118587678846
194.067,5.15285,41.4975,0,98,78,77,2463,1000,6.0345,271,8.32584,0.000106812,0,4434,118691745416
210.903,4.74152,41.4975,0,98,78,77,2463,1000,6.0345,271,8.32584,0.000106812,0,4434,118795823798
221.367,4.51739,41.4975,0,98,78,77,2463,1000,6.0345,271,8.32584,0.000106812,0,4434,118899914233
196.015,5.10164,41.4975,0,98,78,77,2463,1000,6.0345,271,8.32584,0.000106812,0,4434,119004175198
181.595,5.50677,41.4975,0,98,78,77,2463,1000,6.0345,271,8.32584,0.000106812,0,4434,119108269039
186.767,5.35427,41.594,0,98,78,77,2464,1000,6.0345,271,8.32584,0.000106812,0,4429,119212358061
222.684,4.49067,41.594,0,98,78,77,2464,1000,6.0345,271,8.32584,0.000106812,0,4429,119316441102
223.841,4.46747,41.594,0,98,78,77,2464,1000,6.0345,271,8.32584,0.000106812,0,4429,119421610109
187.763,5.32585,41.594,0,98,78,77,2464,1000,6.0345,271,8.32584,0.000106812,0,4429,119525691527
226.35,4.41793,41.594,0,98,78,77,2464,1000,6.0345,271,8.32584,0.000106812,0,4429,119629761674
205.129,4.87499,41.3317,0,98,78,77,2464,1000,6.03547,271,8.32933,0.000106812,0,4416,119733856387
179.19,5.58065,41.3317,0,98,78,77,2464,1000,6.03547,271,8.32933,0.000106812,0,4416,119837958895
173.267,5.77144,41.3317,0,98,78,77,2464,1000,6.03547,271,8.32933,0.000106812,0,4416,119942061983
163.116,6.13062,41.3317,0,98,78,77,2464,1000,6.03547,271,8.32933,0.000106812,0,4416,120046147178
186.774,5.35406,41.3317,0,98,78,77,2464,1000,6.03547,271,8.32933,0.000106812,0,4416,120150224980
196.095,5.09956,39.5755,0,98,78,77,2462,1000,6.0345,271,8.32898,0.000106812,0,4438,120254322488
197.407,5.06568,39.5755,0,98,78,77,2462,1000,6.0345,271,8.32898,0.000106812,0,4438,120358418904
200.879,4.97811,39.5755,0,98,78,77,2462,1000,6.0345,271,8.32898,0.000106812,0,4438,120462514899
198.615,5.03486,39.5755,0,98,78,77,2462,1000,6.0345,271,8.32898,0.000106812,0,4438,120566604092
197.26,5.06945,39.5755,0,98,78,77,2462,1000,6.0345,271,8.32898,0.000106812,0,4438,120670689888
182.519,5.47888,39.9249,0,98,78,77,2459,1000,6.0345,271,8.32785,0.000106812,0,4416,120774787366
186.124,5.37276,39.9249,0,98,78,77,2459,1000,6.0345,271,8.32785,0.000106812,0,4416,120878871269
193.539,5.16692,39.9249,0,98,78,77,2459,1000,6.0345,271,8.32785,0.000106812,0,4416,120982979347
175.013,5.71386,39.9249,0,98,78,77,2459,1000,6.0345,271,8.32785,0.000106812,0,4416,121087104206
198.594,5.0354,40.625,0,98,78,77,2463,1000,6.0345,271,8.32533,0.000106812,0,4417,121191478473
185.961,5.37747,40.625,0,98,78,77,2463,1000,6.0345,271,8.32533,0.000106812,0,4417,121295574168
181.815,5.5001,40.625,0,98,78,77,2463,1000,6.0345,271,8.32533,0.000106812,0,4417,121399632182
196.129,5.09869,40.625,0,98,78,77,2463,1000,6.0345,271,8.32533,0.000106812,0,4417,121503736683
191.671,5.21728,40.625,0,98,78,77,2463,1000,6.0345,271,8.32533,0.000106812,0,4417,121607964937
197.152,5.07222,41.5829,0,98,78,77,2463,1000,6.0345,271,8.33056,0.000106812,0,4419,121712050713
167.093,5.98468,41.5829,0,98,78,77,2463,1000,6.0345,271,8.33056,0.000106812,0,4419,121816155184
202.32,4.94267,41.5829,0,98,78,77,2463,1000,6.0345,271,8.33056,0.000106812,0,4419,121920357378
235.492,4.24642,41.5829,0,98,78,77,2463,1000,6.0345,271,8.33056,0.000106812,0,4419,122024459926
200.414,4.98967,41.5829,0,98,78,77,2463,1000,6.0345,271,8.33056,0.000106812,0,4419,122128542807
198.456,5.03891,41.3665,0,98,78,77,2470,1000,6.04083,271,8.33055,0.000106812,0,4441,122232627401
196.113,5.09909,41.3665,0,98,78,77,2470,1000,6.04083,271,8.33055,0.000106812,0,4441,122336709480
193.39,5.1709,41.3665,0,98,78,77,2470,1000,6.04083,271,8.33055,0.000106812,0,4441,122440797530
178.098,5.61489,41.3665,0,98,78,77,2470,1000,6.04083,271,8.33055,0.000106812,0,4441,122544891211
150.572,6.64132,41.3665,0,98,78,77,2470,1000,6.04083,271,8.33055,0.000106812,0,4441,122649007204
153.455,6.51659,41.6459,0,98,78,77,2474,1000,6.0413,271,8.3381,0.000106812,0,4392,122753093211
175.163,5.70896,41.6459,0,98,78,77,2474,1000,6.0413,271,8.3381,0.000106812,0,4392,122857180159
239.661,4.17256,41.6459,0,98,78,77,2474,1000,6.0413,271,8.3381,0.000106812,0,4392,122961464928
238.033,4.20111,41.6459,0,98,78,77,2474,1000,6.0413,271,8.3381,0.000106812,0,4392,123065552688
191.074,5.23358,41.6459,0,98,78,77,2474,1000,6.0413,271,8.3381,0.000106812,0,4392,123169619439
187.949,5.3206,41.3401,0,98,78,77,2469,1000,6.04083,271,8.33868,0.000106812,0,4416,123273723659
145.954,6.8515,41.3401,0,98,78,77,2469,1000,6.04083,271,8.33868,0.000106812,0,4416,123378088338
182.709,5.47318,41.3401,0,98,78,77,2469,1000,6.04083,271,8.33868,0.000106812,0,4416,123482189513
196.313,5.09391,41.3401,0,98,78,77,2469,1000,6.04083,271,8.33868,0.000106812,0,4416,123586701869
188.35,5.30928,41.8868,0,98,78,77,2478,1000,6.04083,271,8.33816,0.000106812,0,4416,123690779741
209.737,4.76787,41.8868,0,98,78,77,2478,1000,6.04083,271,8.33816,0.000106812,0,4416,123794871157
222.09,4.50267,41.8868,0,98,78,77,2478,1000,6.04083,271,8.33816,0.000106812,0,4416,123899010855
174.847,5.71929,41.8868,0,98,78,77,2478,1000,6.04083,271,8.33816,0.000106812,0,4416,124003114284
204.163,4.89804,41.8868,0,98,78,77,2478,1000,6.04083,271,8.33816,0.000106812,0,4416,124107476178
151.158,6.6156,43.4406,0,98,78,77,2474,1000,6.04157,271,8.32841,0.000106812,0,4441,124211559459
199.486,5.01288,43.4406,0,98,78,77,2474,1000,6.04157,271,8.32841,0.000106812,0,4441,124315646047
194.337,5.14571,43.4406,0,98,78,77,2474,1000,6.04157,271,8.32841,0.000106812,0,4441,124420880657
170.225,5.87457,43.4406,0,98,78,77,2474,1000,6.04157,271,8.32841,0.000106812,0,4441,124524995728
246.292,4.06022,43.4406,0,98,78,77,2474,1000,6.04157,271,8.32841,0.000106812,0,4441,124629103886
198.898,5.0277,43.1397,0,98,78,77,2475,1000,6.0413,271,8.33465,0.000106812,0,4433,124733192337
186.594,5.35923,43.1397,0,98,78,77,2475,1000,6.0413,271,8.33465,0.000106812,0,4433,124837288413
181.85,5.49903,43.1397,0,98,78,77,2475,1000,6.0413,271,8.33465,0.000106812,0,4433,124941376103
171.535,5.8297,43.1397,0,98,78,77,2475,1000,6.0413,271,8.33465,0.000106812,0,4433,125045467189
155.813,6.41796,43.1397,0,98,78,77,2475,1000,6.0413,271,8.33465,0.000106812,0,4433,125149518330
156.608,6.38535,40.3509,0,99,78,77,2475,1000,6.03347,271,8.32903,0.000106812,0,4441,125253610899
202.145,4.94694,40.3509,0,99,78,77,2475,1000,6.03347,271,8.32903,0.000106812,0,4441,125357679473
215.858,4.63268,40.3509,0,99,78,77,2475,1000,6.03347,271,8.32903,0.000106812,0,4441,125461835962
209.204,4.78001,40.3509,0,99,78,77,2475,1000,6.03347,271,8.32903,0.000106812,0,4441,125565920035
162.847,6.14072,40.3509,0,99,78,77,2475,1000,6.03347,271,8.32903,0.000106812,0,4441,125670021230
199.747,5.00633,43.3417,0,94,78,77,2484,1000,6.03347,262,8.31511,0.000106812,0,4440,125774314705
143.591,6.96424,43.3417,0,94,78,77,2484,1000,6.03347,262,8.31511,0.000106812,0,4440,125878491051
136.783,7.31088,43.3417,0,94,78,77,2484,1000,6.03347,262,8.31511,0.000106812,0,4440,125982584822
162.76,6.14403,43.3417,0,94,78,77,2484,1000,6.03347,262,8.31511,0.000106812,0,4440,126086948029
154.751,6.462,43.3417,0,94,78,77,2484,1000,6.03347,262,8.31511,0.000106812,0,4440,126191041780
181.872,5.49838,42.8035,0,96,78,77,2463,1000,6.03347,271,8.31493,0.000106812,0,4441,126295130892
205.387,4.86887,42.8035,0,96,78,77,2463,1000,6.03347,271,8.31493,0.000106812,0,4441,126399736202
196.339,5.09323,42.8035,0,96,78,77,2463,1000,6.03347,271,8.31493,0.000106812,0,4441,126503821107
199.139,5.02162,42.8035,0,96,78,77,2463,1000,6.03347,271,8.31493,0.000106812,0,4441,126607924857
181.382,5.51323,44.5283,0,96,78,77,2463,1000,6.03347,271,8.31832,0.000106812,0,4416,126712017155
203.091,4.9239,44.5283,0,96,78,77,2463,1000,6.03347,271,8.31832,0.000106812,0,4416,126816114273
127.881,7.81975,44.5283,0,96,78,77,2463,1000,6.03347,271,8.31832,0.000106812,0,4416,126920201251
180.182,5.54994,44.5283,0,96,78,77,2463,1000,6.03347,271,8.31832,0.000106812,0,4416,127024296535
197.809,5.05538,44.5283,0,96,78,77,2463,1000,6.03347,271,8.31832,0.000106812,0,4416,127128381069
176.343,5.67075,43.3249,0,96,78,77,2454,1000,6.0413,271,8.31904,0.000106812,0,4428,127233877911
223.956,4.46517,43.3249,0,96,78,77,2454,1000,6.0413,271,8.31904,0.000106812,0,4428,127337992751
181.844,5.49922,43.3249,0,96,78,77,2454,1000,6.0413,271,8.31904,0.000106812,0,4428,127442097242
168.661,5.92907,43.3249,0,96,78,77,2454,1000,6.0413,271,8.31904,0.000106812,0,4428,127546182438
145.408,6.87721,43.3249,0,96,78,77,2454,1000,6.0413,271,8.31904,0.000106812,0,4428,127650854603
178.729,5.59505,42.8394,0,97,78,77,2467,1000,6.04083,271,8.31968,0.000106812,0,4418,127754937664
164.362,6.08414,42.8394,0,97,78,77,2467,1000,6.04083,271,8.31968,0.000106812,0,4418,127859020936
213.596,4.68174,42.8394,0,97,78,77,2467,1000,6.04083,271,8.31968,0.000106812,0,4418,127963105590
219.241,4.56118,42.8394,0,97,78,77,2467,1000,6.04083,271,8.31968,0.000106812,0,4418,128067192438
248.867,4.01821,42.8394,0,97,78,77,2467,1000,6.04083,271,8.31968,0.000106812,0,4418,128171283754
170.701,5.85818,43.5162,0,97,78,77,2478,1000,6.04083,271,8.31901,0.000106812,0,4417,128275499264
212.789,4.69949,43.5162,0,97,78,77,2478,1000,6.04083,271,8.31901,0.000106812,0,4417,128379591051
172.777,5.7878,43.5162,0,97,78,77,2478,1000,6.04083,271,8.31901,0.000106812,0,4417,128483652382
154.446,6.47477,43.5162,0,97,78,77,2478,1000,6.04083,271,8.31901,0.000106812,0,4417,128587746083
178.082,5.6154,43.5162,0,97,78,77,2478,1000,6.04083,271,8.31901,0.000106812,0,4417,128691816129
183.573,5.44742,41.2137,0,98,78,77,2478,1000,6.03348,271,8.31578,0.000106812,0,4422,128795905743
225.271,4.43909,41.2137,0,98,78,77,2478,1000,6.03348,271,8.31578,0.000106812,0,4422,128899993192
222.124,4.50199,41.2137,0,98,78,77,2478,1000,6.03348,271,8.31578,0.000106812,0,4422,129004385373
207.649,4.81581,41.2137,0,98,78,77,2478,1000,6.03348,271,8.31578,0.000106812,0,4422,129108476859
223.12,4.48189,41.2137,0,98,78,77,2478,1000,6.03348,271,8.31578,0.000106812,0,4422,129212769624
204.05,4.90075,41.2935,0,98,78,77,2476,1000,6.05269,271,8.31578,0.000106812,0,4416,129316900114
200.64,4.98405,41.2935,0,98,78,77,2476,1000,6.05269,271,8.31578,0.000106812,0,4416,129420984227
94.496,10.5825,41.2935,0,98,78,77,2476,1000,6.05269,271,8.31578,0.000106812,0,4416,129525068079
201.934,4.95213,41.2935,0,98,78,77,2476,1000,6.05269,271,8.31578,0.000106812,0,4416,129629154426
209.603,4.77093,42.5216,0,98,78,77,2482,1000,6.05316,271,8.31483,0.000106812,0,4433,129733265280
233.861,4.27605,42.5216,0,98,78,77,2482,1000,6.05316,271,8.31483,0.000106812,0,4433,129837357818
195.23,5.12215,42.5216,0,98,78,77,2482,1000,6.05316,271,8.31483,0.000106812,0,4433,129941447131
228.982,4.36716,42.5216,0,98,78,77,2482,1000,6.05316,271,8.31483,0.000106812,0,4433,130045533248
190.958,5.23676,42.5216,0,98,78,77,2482,1000,6.05316,271,8.31483,0.000106812,0,4433,130149620216
196.188,5.09715,42.0988,0,99,78,77,2474,1000,6.05269,271,8.31396,0.000106812,0,4425,130253716552
68.0244,14.7006,42.0988,0,99,78,77,2474,1000,6.05269,271,8.31396,0.000106812,0,4425,130357808160
218.052,4.58606,42.0988,0,99,78,77,2474,1000,6.05269,271,8.31396,0.000106812,0,4425,130461906910
238.683,4.18965,42.0988,0,99,78,77,2474,1000,6.05269,271,8.31396,0.000106812,0,4425,130565989921
217.771,4.59198,42.0988,0,99,78,77,2474,1000,6.05269,271,8.31396,0.000106812,0,4425,130670084003
186.464,5.36295,42.5187,0,98,78,77,2480,1000,6.06004,271,8.32417,0.000106812,0,4436,130774179818
197.587,5.06106,42.5187,0,98,78,77,2480,1000,6.06004,271,8.32417,0.000106812,0,4436,130878271244
166.03,6.02299,42.5187,0,98,78,77,2480,1000,6.06004,271,8.32417,0.000106812,0,4436,130982365076
186.917,5.34997,42.5187,0,98,78,77,2480,1000,6.06004,271,8.32417,0.000106812,0,4436,131086451834
206.473,4.84324,42.5187,0,98,78,77,2480,1000,6.06004,271,8.32417,0.000106812,0,4436,131190609976
184.068,5.43278,43.3002,0,98,79,77,2476,1000,6.06004,271,8.32485,0.000106812,0,4415,131294711141
161.933,6.17538,43.3002,0,98,79,77,2476,1000,6.06004,271,8.32485,0.000106812,0,4415,131399127807
178.723,5.59525,43.3002,0,98,79,77,2476,1000,6.06004,271,8.32485,0.000106812,0,4415,131503219064
175.212,5.70737,43.3002,0,98,79,77,2476,1000,6.06004,271,8.32485,0.000106812,0,4415,131607301283
206.029,4.85369,43.3002,0,98,79,77,2476,1000,6.06004,271,8.32485,0.000106812,0,4415,131711396186
173.633,5.75926,40.8416,0,98,79,77,2476,1000,6.06004,271,8.31948,0.000106812,0,4441,131815489086
228.35,4.37924,40.8416,0,98,79,77,2476,1000,6.06004,271,8.31948,0.000106812,0,4441,131919582827
157.552,6.34713,40.8416,0,98,79,77,2476,1000,6.06004,271,8.31948,0.000106812,0,4441,132023675767
151.723,6.59094,40.8416,0,98,79,77,2476,1000,6.06004,271,8.31948,0.000106812,0,4441,132127760681
189.284,5.28307,40.8416,0,98,79,77,2476,1000,6.06004,271,8.31948,0.000106812,0,4441,132231844824
170.291,5.87231,41.3965,0,98,79,77,2476,1000,6.06004,271,8.33997,0.000106812,0,4415,132335930771
219.031,4.56557,41.3965,0,98,79,77,2476,1000,6.06004,271,8.33997,0.000106812,0,4415,132440298495
151.093,6.61843,41.3965,0,98,79,77,2476,1000,6.06004,271,8.33997,0.000106812,0,4415,132544383109
198.786,5.03053,41.3965,0,98,79,77,2476,1000,6.06004,271,8.33997,0.000106812,0,4415,132648469917
173.626,5.75951,40.9774,0,98,78,77,2475,1000,6.03395,271,8.33947,0.000106812,0,4415,132752554932
223.802,4.46823,40.9774,0,98,78,77,2475,1000,6.03395,271,8.33947,0.000106812,0,4415,132856911366
148.389,6.73904,40.9774,0,98,78,77,2475,1000,6.03395,271,8.33947,0.000106812,0,4415,132960994647
175.868,5.68607,40.9774,0,98,78,77,2475,1000,6.03395,271,8.33947,0.000106812,0,4415,133065082618
199.814,5.00466,40.9774,0,98,78,77,2475,1000,6.03395,271,8.33947,0.000106812,0,4415,133169167512
188.4,5.30785,40.6289,0,98,78,77,2475,1000,6.03348,271,8.34016,0.000106812,0,4419,133273607913
250.942,3.98499,40.6289,0,98,78,77,2475,1000,6.03348,271,8.34016,0.000106812,0,4419,133377668131
190.508,5.24912,40.6289,0,98,78,77,2475,1000,6.03348,271,8.34016,0.000106812,0,4419,133481755491
148.881,6.71676,40.6289,0,98,78,77,2475,1000,6.03348,271,8.34016,0.000106812,0,4419,133585875751
148.811,6.71992,40.6289,0,98,78,77,2475,1000,6.03348,271,8.34016,0.000106812,0,4419,133689974111
174.334,5.73611,41.761,0,98,78,77,2476,1000,6.03348,271,8.33014,0.000106812,0,4416,133794064666
132.895,7.52473,41.761,0,98,78,77,2476,1000,6.03348,271,8.33014,0.000106812,0,4416,133898168636
160.101,6.24606,41.761,0,98,78,77,2476,1000,6.03348,271,8.33014,0.000106812,0,4416,134002263930
180.432,5.54225,41.761,0,98,78,77,2476,1000,6.03348,271,8.33014,0.000106812,0,4416,134106460434
184.032,5.43383,41.761,0,98,78,77,2476,1000,6.03348,271,8.33014,0.000106812,0,4416,134210544157
217.285,4.60226,41.8023,0,98,78,77,2483,1000,6.0444,271,8.32644,0.000106812,0,4416,134316423986
170.969,5.84903,41.8023,0,98,78,77,2483,1000,6.0444,271,8.32644,0.000106812,0,4416,134420510464
157.528,6.34809,41.8023,0,98,78,77,2483,1000,6.0444,271,8.32644,0.000106812,0,4416,134524593355
166.235,6.01558,41.8023,0,98,78,77,2483,1000,6.0444,271,8.32644,0.000106812,0,4416,134628679551
177.456,5.63521,41.8023,0,98,78,77,2483,1000,6.0444,271,8.32644,0.000106812,0,4416,134733248393
208.065,4.80618,42.3899,0,95,78,77,2423,1000,6.03347,271,8.32295,0.000106812,0,4435,134837334881
188.533,5.30412,42.3899,0,95,78,77,2423,1000,6.03347,271,8.32295,0.000106812,0,4435,134941420487
181.772,5.50138,42.3899,0,95,78,77,2423,1000,6.03347,271,8.32295,0.000106812,0,4435,135045511002
231.21,4.32508,42.3899,0,95,78,77,2423,1000,6.03347,271,8.32295,0.000106812,0,4435,135149589504
166.154,6.01851,42.02,0,95,78,77,2477,1000,6.03347,271,8.3233,0.000106812,0,4422,135253645855
146.097,6.84475,42.02,0,95,78,77,2477,1000,6.03347,271,8.3233,0.000106812,0,4422,135357754915
179.006,5.58639,42.02,0,95,78,77,2477,1000,6.03347,271,8.3233,0.000106812,0,4422,135461852664
195.768,5.1081,42.02,0,95,78,77,2477,1000,6.03347,271,8.3233,0.000106812,0,4422,135566193538
183.745,5.44231,42.02,0,95,78,77,2477,1000,6.03347,271,8.3233,0.000106812,0,4422,135670255159
169.549,5.898,42.25,0,97,78,77,2478,1000,6.03347,271,8.32302,0.000106812,0,4416,135774340845
192.458,5.19593,42.25,0,97,78,77,2478,1000,6.03347,271,8.32302,0.000106812,0,4416,135878404339
192.525,5.19414,42.25,0,97,78,77,2478,1000,6.03347,271,8.32302,0.000106812,0,4416,135982490296
193.065,5.17961,42.25,0,97,78,77,2478,1000,6.03347,271,8.32302,0.000106812,0,4416,136086579308
165.43,6.04486,42.25,0,97,78,77,2478,1000,6.03347,271,8.32302,0.000106812,0,4416,136190683288
210.176,4.75792,41.1692,0,99,78,77,2481,1000,6.03347,271,8.32309,0.000106812,0,4432,136294794222
163.176,6.12836,41.1692,0,99,78,77,2481,1000,6.03347,271,8.32309,0.000106812,0,4432,136398887722
233.487,4.2829,41.1692,0,99,78,77,2481,1000,6.03347,271,8.32309,0.000106812,0,4432,136503588552
144.856,6.9034,41.1692,0,99,78,77,2481,1000,6.03347,271,8.32309,0.000106812,0,4432,136607671462
136.713,7.31459,41.1692,0,99,78,77,2481,1000,6.03347,271,8.32309,0.000106812,0,4432,136711791723
200.988,4.97543,42.3124,0,98,78,77,2452,1000,6.03347,271,8.32296,0.000106812,0,4418,136815934576
220.165,4.54205,42.3124,0,98,78,77,2452,1000,6.03347,271,8.32296,0.000106812,0,4418,136920031023
189.189,5.28573,42.3124,0,98,78,77,2452,1000,6.03347,271,8.32296,0.000106812,0,4418,137024126517
157.659,6.34282,42.3124,0,98,78,77,2452,1000,6.03347,271,8.32296,0.000106812,0,4418,137128211472
171.77,5.82174,42.3124,0,98,78,77,2452,1000,6.03347,271,8.32296,0.000106812,0,4418,137232334768
190.547,5.24804,40.9147,0,98,78,77,2452,1000,6.03347,271,8.32335,0.000106812,0,4428,137336429701
228.475,4.37685,40.9147,0,98,78,77,2452,1000,6.03347,271,8.32335,0.000106812,0,4428,137440516289
235.084,4.25381,40.9147,0,98,78,77,2452,1000,6.03347,271,8.32335,0.000106812,0,4428,137544580956
190.364,5.25309,40.9147,0,98,78,77,2452,1000,6.03347,271,8.32335,0.000106812,0,4428,137648672312
218.126,4.58452,40.9147,0,98,78,77,2452,1000,6.03347,271,8.32335,0.000106812,0,4428,137752732701
152.356,6.5636,41.4179,0,98,78,77,2476,1000,6.03347,271,8.32742,0.000106812,0,4441,137856818567
208.901,4.78695,41.4179,0,98,78,77,2476,1000,6.03347,271,8.32742,0.000106812,0,4441,137961545205
157.888,6.33361,41.4179,0,98,78,77,2476,1000,6.03347,271,8.32742,0.000106812,0,4441,138065641080
197.674,5.05884,41.4179,0,98,78,77,2476,1000,6.03347,271,8.32742,0.000106812,0,4441,138170128389
223.625,4.47177,41.0063,0,98,78,77,2475,1000,6.03347,271,8.33862,0.000106812,0,4418,138274278826
150.116,6.66151,41.0063,0,98,78,77,2475,1000,6.03347,271,8.33862,0.000106812,0,4418,138378402063
190.225,5.25695,41.0063,0,98,78,77,2475,1000,6.03347,271,8.33862,0.000106812,0,4418,138482489763
173.648,5.75877,41.0063,0,98,78,77,2475,1000,6.03347,271,8.33862,0.000106812,0,4418,138586555621
229.468,4.35791,41.0063,0,98,78,77,2475,1000,6.03347,271,8.33862,0.000106812,0,4418,138690651627
139.778,7.15422,41.9676,0,98,78,77,2467,1000,6.0636,271,8.34007,0.000106812,0,4416,138794758723
177.671,5.62839,41.9676,0,98,78,77,2467,1000,6.0636,271,8.34007,0.000106812,0,4416,138898864346
194.541,5.1403,41.9676,0,98,78,77,2467,1000,6.0636,271,8.34007,0.000106812,0,4416,139002926358
231.68,4.3163,41.9676,0,98,78,77,2467,1000,6.0636,271,8.34007,0.000106812,0,4416,139107104457
196.954,5.07732,41.9676,0,98,78,77,2467,1000,6.0636,271,8.34007,0.000106812,0,4416,139211202667
159.944,6.2522,41.3619,0,97,78,77,2485,1000,6.0636,271,8.339,0.000106812,0,4416,139315293662
212.607,4.70351,41.3619,0,97,78,77,2485,1000,6.0636,271,8.339,0.000106812,0,4416,139419383186
152.78,6.54535,41.3619,0,97,78,77,2485,1000,6.0636,271,8.339,0.000106812,0,4416,139523466026
195.056,5.12672,41.3619,0,97,78,77,2485,1000,6.0636,271,8.339,0.000106812,0,4416,139627754282
175.725,5.6907,41.3619,0,97,78,77,2485,1000,6.0636,271,8.339,0.000106812,0,4416,139731856439
177.639,5.62938,42.1836,0,98,78,77,2481,1000,6.08188,271,8.32767,0.000106812,0,4416,139835940312
171.711,5.82373,42.1836,0,98,78,77,2481,1000,6.08188,271,8.32767,0.000106812,0,4416,139940030195
187.659,5.32882,42.1836,0,98,78,77,2481,1000,6.08188,271,8.32767,0.000106812,0,4416,140044118035
207.628,4.81631,42.1836,0,98,78,77,2481,1000,6.08188,271,8.32767,0.000106812,0,4416,140148201487
210.572,4.74896,42.1836,0,98,78,77,2481,1000,6.08188,271,8.32767,0.000106812,0,4416,140252292904
185.457,5.39208,40.6524,0,98,78,77,2476,1000,6.06314,271,8.3223,0.000106812,0,4435,140356378951
189.609,5.274,40.6524,0,98,78,77,2476,1000,6.06314,271,8.3223,0.000106812,0,4435,140460480777
214.121,4.67025,40.6524,0,98,78,77,2476,1000,6.06314,271,8.3223,0.000106812,0,4435,140564558047
180.901,5.52787,40.6524,0,98,78,77,2476,1000,6.06314,271,8.3223,0.000106812,0,4435,140668674331
187.957,5.32035,40.6524,0,98,78,77,2476,1000,6.06314,271,8.3223,0.000106812,0,4435,140772760127
208.552,4.79497,41.1911,0,98,78,77,2483,1000,6.05531,271,8.32398,0.000106812,0,4416,140876848137
175.471,5.69896,41.1911,0,98,78,77,2483,1000,6.05531,271,8.32398,0.000106812,0,4416,140980936348
170.015,5.88182,41.1911,0,98,78,77,2483,1000,6.05531,271,8.32398,0.000106812,0,4416,141085020341
197.807,5.05544,41.1911,0,98,78,77,2483,1000,6.05531,271,8.32398,0.000106812,0,4416,141189108812
154.917,6.45505,41.0513,0,98,78,77,2486,1000,6.06267,271,8.31775,0.000106812,0,4417,141293219645
189.843,5.26751,41.0513,0,98,78,77,2486,1000,6.06267,271,8.31775,0.000106812,0,4417,141397319828
180.475,5.54093,41.0513,0,98,78,77,2486,1000,6.06267,271,8.31775,0.000106812,0,4417,141501403220
205.352,4.86968,41.0513,0,98,78,77,2486,1000,6.06267,271,8.31775,0.000106812,0,4417,141605487694
166.678,5.99959,41.0513,0,98,78,77,2486,1000,6.06267,271,8.31775,0.000106812,0,4417,141709590812
211.788,4.7217,41.3665,0,98,78,77,2485,1000,6.06267,271,8.31818,0.000106812,0,4417,141813711564
167.728,5.96205,41.3665,0,98,78,77,2485,1000,6.06267,271,8.31818,0.000106812,0,4417,141917810605
191.364,5.22564,41.3665,0,98,78,77,2485,1000,6.06267,271,8.31818,0.000106812,0,4417,142022244253
182.404,5.48235,41.3665,0,98,78,77,2485,1000,6.06267,271,8.31818,0.000106812,0,4417,142126337093
182.541,5.47821,41.3665,0,98,78,77,2485,1000,6.06267,271,8.31818,0.000106812,0,4417,142230436164
171.197,5.84121,40.25,0,98,78,77,2485,1000,6.06267,271,8.31806,0.000106812,0,4417,142334522551
209.665,4.7695,40.25,0,98,78,77,2485,1000,6.06267,271,8.31806,0.000106812,0,4417,142438607015
187.833,5.32387,40.25,0,98,78,77,2485,1000,6.06267,271,8.31806,0.000106812,0,4417,142542691559
213.306,4.68809,40.25,0,98,78,77,2485,1000,6.06267,271,8.31806,0.000106812,0,4417,142646784007
179.836,5.56063,40.25,0,98,78,77,2485,1000,6.06267,271,8.31806,0.000106812,0,4417,142750883599
205.388,4.86884,41.9753,0,98,78,77,2489,1000,6.05531,271,8.32399,0.000106812,0,4416,142854971259
185.624,5.38722,41.9753,0,98,78,77,2489,1000,6.05531,271,8.32399,0.000106812,0,4416,142959536114
188.912,5.29347,41.9753,0,98,78,77,2489,1000,6.05531,271,8.32399,0.000106812,0,4416,143063624755
157.101,6.36532,41.9753,0,98,78,77,2489,1000,6.05531,271,8.32399,0.000106812,0,4416,143167719859
210.772,4.74445,41.9753,0,98,78,77,2489,1000,6.05531,271,8.32399,0.000106812,0,4416,143271805194
197.143,5.07247,40.7547,0,98,78,77,2483,1000,6.05531,271,8.32249,0.000106812,0,4415,143375894286
204.405,4.89224,40.7547,0,98,78,77,2483,1000,6.05531,271,8.32249,0.000106812,0,4415,143479979191
192.905,5.1839,40.7547,0,98,78,77,2483,1000,6.05531,271,8.32249,0.000106812,0,4415,143584063635
207.888,4.81028,40.7547,0,98,78,77,2483,1000,6.05531,271,8.32249,0.000106812,0,4415,143688152577
176.8,5.65612,40.7547,0,98,78,77,2483,1000,6.05531,271,8.32249,0.000106812,0,4415,143792247761
182.041,5.49328,41.206,0,98,78,77,2488,1000,6.05531,271,8.32361,0.000106812,0,4415,143896335450
151.197,6.6139,41.206,0,98,78,77,2488,1000,6.05531,271,8.32361,0.000106812,0,4415,144000426136
186.281,5.36825,41.206,0,98,78,77,2488,1000,6.05531,271,8.32361,0.000106812,0,4415,144104503736
174.897,5.71766,41.206,0,98,78,77,2488,1000,6.05531,271,8.32361,0.000106812,0,4415,144208586126
277.65,3.60166,39.0921,0,99,78,77,2482,1000,6.06624,271,8.32824,0.000106812,0,4417,144312668747
175.709,5.69123,39.0921,0,99,78,77,2482,1000,6.06624,271,8.32824,0.000106812,0,4417,144416752118
216.69,4.61489,39.0921,0,99,78,77,2482,1000,6.06624,271,8.32824,0.000106812,0,4417,144520837494
217.11,4.60597,39.0921,0,99,78,77,2482,1000,6.06624,271,8.32824,0.000106812,0,4417,144624934972
187.303,5.33894,39.0921,0,99,78,77,2482,1000,6.06624,271,8.32824,0.000106812,0,4417,144728994398
203.52,4.91351,39.7277,0,98,78,77,2481,1000,6.05605,271,8.3248,0.000106812,0,4440,144833120520
184.09,5.43212,39.7277,0,98,78,77,2481,1000,6.05605,271,8.3248,0.000106812,0,4440,144937183243
214.386,4.66447,39.7277,0,98,78,77,2481,1000,6.05605,271,8.3248,0.000106812,0,4440,145041270001
197.69,5.05843,39.7277,0,98,78,77,2481,1000,6.05605,271,8.3248,0.000106812,0,4440,145146352696
178.104,5.61471,39.7277,0,98,78,77,2481,1000,6.05605,271,8.3248,0.000106812,0,4440,145250438603
146.348,6.83303,38.5482,0,98,78,77,2483,1000,6.05531,271,8.32509,0.000106812,0,4416,145354549917
175.778,5.689,38.5482,0,98,78,77,2483,1000,6.05531,271,8.32509,0.000106812,0,4416,145458641233
181.02,5.52425,38.5482,0,98,78,77,2483,1000,6.05531,271,8.32509,0.000106812,0,4416,145562726218
183.685,5.44411,38.5482,0,98,78,77,2483,1000,6.05531,271,8.32509,0.000106812,0,4416,145666809500
224.499,4.45436,38.5482,0,98,78,77,2483,1000,6.05531,271,8.32509,0.000106812,0,4416,145770899143
232.666,4.298,39.1468,0,98,78,77,2487,1000,6.05605,271,8.32471,0.000106812,0,4441,145875312403
221.681,4.51099,39.1468,0,98,78,77,2487,1000,6.05605,271,8.32471,0.000106812,0,4441,145979402077
186.034,5.37536,39.1468,0,98,78,77,2487,1000,6.05605,271,8.32471,0.000106812,0,4441,146083484997
158.892,6.29359,39.1468,0,98,78,77,2487,1000,6.05605,271,8.32471,0.000106812,0,4441,146187598045
206.015,4.85401,39.1468,0,98,78,77,2487,1000,6.05605,271,8.32471,0.000106812,0,4441,146291717945
184.25,5.42739,40.1506,0,99,78,77,2481,1000,6.06369,271,8.32836,0.000106812,0,4413,146395811916
168.905,5.92049,40.1506,0,99,78,77,2481,1000,6.06369,271,8.32836,0.000106812,0,4413,146499897683
165.672,6.03602,40.1506,0,99,78,77,2481,1000,6.06369,271,8.32836,0.000106812,0,4413,146604869330
206.207,4.84949,40.1506,0,99,78,77,2481,1000,6.06369,271,8.32836,0.000106812,0,4413,146708957019
185.133,5.40152,40.1506,0,99,78,77,2481,1000,6.06369,271,8.32836,0.000106812,0,4413,146813039499
182.648,5.47503,39.7727,0,98,78,77,2480,1000,6.06369,271,8.32815,0.000106812,0,4417,146917122560
240.521,4.15765,39.7727,0,98,78,77,2480,1000,6.06369,271,8.32815,0.000106812,0,4417,147021206874
211.036,4.73853,39.7727,0,98,78,77,2480,1000,6.06369,271,8.32815,0.000106812,0,4417,147125294163
157.585,6.34577,39.7727,0,98,78,77,2480,1000,6.06369,271,8.32815,0.000106812,0,4417,147229378166
176.56,5.66381,40.201,0,98,78,77,2482,1000,6.05634,271,8.32835,0.000106812,0,4416,147333512493
184.767,5.41222,40.201,0,98,78,77,2482,1000,6.05634,271,8.32835,0.000106812,0,4416,147437773247
239.216,4.18033,40.201,0,98,78,77,2482,1000,6.05634,271,8.32835,0.000106812,0,4416,147541876927
178.51,5.60193,40.201,0,98,78,77,2482,1000,6.05634,271,8.32835,0.000106812,0,4416,147645975757
191.506,5.22177,40.201,0,98,78,77,2482,1000,6.05634,271,8.32835,0.000106812,0,4416,147750103943
202.504,4.93817,41.7817,0,98,78,77,2482,1000,6.05634,271,8.32159,0.000106812,0,4432,147854192805
215.027,4.65058,41.7817,0,98,78,77,2482,1000,6.05634,271,8.32159,0.000106812,0,4432,147958282418
220.158,4.54219,41.7817,0,98,78,77,2482,1000,6.05634,271,8.32159,0.000106812,0,4432,148062367002
164.15,6.09199,41.7817,0,98,78,77,2482,1000,6.05634,271,8.32159,0.000106812,0,4432,148166462807
211.138,4.73623,41.7817,0,98,78,77,2482,1000,6.05634,271,8.32159,0.000106812,0,4432,148270581515
214.172,4.66915,41.9598,0,99,78,77,2475,1000,6.05634,271,8.32193,0.000106812,0,4417,148374685766
189.947,5.26463,41.9598,0,99,78,77,2475,1000,6.05634,271,8.32193,0.000106812,0,4417,148479706034
221.242,4.51995,41.9598,0,99,78,77,2475,1000,6.05634,271,8.32193,0.000106812,0,4417,148583789115
174.652,5.72568,41.9598,0,99,78,77,2475,1000,6.05634,271,8.32193,0.000106812,0,4417,148687874781
184.759,5.41246,41.9598,0,99,78,77,2475,1000,6.05634,271,8.32193,0.000106812,0,4417,148791964044
162.725,6.14533,42.3899,0,98,78,77,2465,1000,6.05634,271,8.3296,0.000106812,0,4416,148896047786
164.301,6.08638,42.3899,0,98,78,77,2465,1000,6.05634,271,8.3296,0.000106812,0,4416,149000594907
161.437,6.19435,42.3899,0,98,78,77,2465,1000,6.05634,271,8.3296,0.000106812,0,4416,149104685833
219.555,4.55466,42.3899,0,98,78,77,2465,1000,6.05634,271,8.3296,0.000106812,0,4416,149208795785
193.952,5.15592,42.3899,0,98,78,77,2465,1000,6.05634,271,8.3296,0.000106812,0,4416,149313038205
203.691,4.90941,42.2306,0,98,78,77,2472,1000,6.06462,271,8.33423,0.000106812,0,4418,149417132066
151.76,6.58934,42.2306,0,98,78,77,2472,1000,6.06462,271,8.33423,0.000106812,0,4418,149521222130
170.472,5.86607,42.2306,0,98,78,77,2472,1000,6.06462,271,8.33423,0.000106812,0,4418,149625317484
192.857,5.1852,42.2306,0,98,78,77,2472,1000,6.06462,271,8.33423,0.000106812,0,4418,149729466248
154.603,6.46818,43.985,0,98,78,77,2320,1000,6.06535,271,8.33923,0.000106812,0,4435,149833557665
192.112,5.2053,43.985,0,98,78,77,2320,1000,6.06535,271,8.33923,0.000106812,0,4435,149938287950
193.879,5.15786,43.985,0,98,78,77,2320,1000,6.06535,271,8.33923,0.000106812,0,4435,150042372964
