os,cpu,gpu,ram,kernel,driver,cpuscheduler
Arch Linux,AMD Ryzen 7 5800X 8-Core Processor,AMD Radeon RX 6900 XT (RADV NAVI21),32764436,7.0.9-arch2-1,,performance
fps,frametime,cpu_load,cpu_power,gpu_load,cpu_temp,gpu_temp,gpu_core_clock,gpu_mem_clock,gpu_vram_used,gpu_power,ram_used,swap_used,process_rss,cpu_mhz,elapsed
184.204,5.42878,29.5652,0,98,75,77,2478,1000,5.05432,271,6.04397,0.000106812,0,4445,121333723
178.978,5.58728,29.5652,0,98,75,77,2478,1000,5.05432,271,6.04397,0.000106812,0,4445,225471988
162.871,6.13983,29.5652,0,98,75,77,2478,1000,5.05432,271,6.04397,0.000106812,0,4445,329528269
165.737,6.03364,29.5652,0,98,75,77,2478,1000,5.05432,271,6.04397,0.000106812,0,4445,433617572
165.897,6.02782,29.1407,0,98,75,76,2478,1000,5.05432,271,6.04358,0.000106812,0,4462,537915916
189.265,5.28361,29.1407,0,98,75,76,2478,1000,5.05432,271,6.04358,0.000106812,0,4462,642526597
171.8,5.82071,29.1407,0,98,75,76,2478,1000,5.05432,271,6.04358,0.000106812,0,4462,746612523
185.268,5.39758,29.1407,0,98,75,76,2478,1000,5.05432,271,6.04358,0.000106812,0,4462,850694151
176.621,5.66186,29.1407,0,98,75,76,2478,1000,5.05432,271,6.04358,0.000106812,0,4462,954788694
153.746,6.50425,29.6621,0,98,75,77,2477,1000,5.05432,271,6.03976,0.000106812,0,4441,1060518713
162.957,6.13659,29.6621,0,98,75,77,2477,1000,5.05432,271,6.03976,0.000106812,0,4441,1164601774
174.194,5.74071,29.6621,0,98,75,77,2477,1000,5.05432,271,6.03976,0.000106812,0,4441,1268693110
180.928,5.52706,29.6621,0,98,75,77,2477,1000,5.05432,271,6.03976,0.000106812,0,4441,1372772795
183.895,5.43787,29.6621,0,98,75,77,2477,1000,5.05432,271,6.03976,0.000106812,0,4441,1476853812
184.713,5.41379,31.9149,0,98,76,77,2475,1000,5.03247,271,6.0754,0.000106812,0,4442,1580932646
175.479,5.69869,31.9149,0,98,76,77,2475,1000,5.03247,271,6.0754,0.000106812,0,4442,1685013312
197.528,5.06256,31.9149,0,98,76,77,2475,1000,5.03247,271,6.0754,0.000106812,0,4442,1789098908
179.145,5.58209,31.9149,0,98,76,77,2475,1000,5.03247,271,6.0754,0.000106812,0,4442,1893175798
212.663,4.70227,31.9149,0,98,76,77,2475,1000,5.03247,271,6.0754,0.000106812,0,4442,1997254390
174.93,5.71656,31.1333,0,98,76,77,2477,1000,5.03247,271,6.05451,0.000106812,0,4442,2101295072
149.983,6.66743,31.1333,0,98,76,77,2477,1000,5.03247,271,6.05451,0.000106812,0,4442,2205377662
173.735,5.75588,31.1333,0,98,76,77,2477,1000,5.03247,271,6.05451,0.000106812,0,4442,2309457547
193.378,5.17122,31.1333,0,98,76,77,2477,1000,5.03247,271,6.05451,0.000106812,0,4442,2413508358
156.222,6.40116,31.1333,0,98,76,77,2477,1000,5.03247,271,6.05451,0.000106812,0,4442,2517581731
163.679,6.10952,31.5136,0,99,76,76,2467,1000,5.03247,271,6.04197,0.000106812,0,4450,2621616361
173.849,5.75211,31.5136,0,99,76,76,2467,1000,5.03247,271,6.04197,0.000106812,0,4450,2725694022
153.864,6.49925,31.5136,0,99,76,76,2467,1000,5.03247,271,6.04197,0.000106812,0,4450,2829770551
166.862,5.99297,31.5136,0,99,76,76,2467,1000,5.03247,271,6.04197,0.000106812,0,4450,2934882070
182.859,5.4687,30.4893,0,98,76,77,2465,1000,5.03247,271,6.05389,0.000106812,0,4461,3038966023
175.824,5.68751,30.4893,0,98,76,77,2465,1000,5.03247,271,6.05389,0.000106812,0,4461,3143053572
165,6.06061,30.4893,0,98,76,77,2465,1000,5.03247,271,6.05389,0.000106812,0,4461,3247262409
158.414,6.31256,30.4893,0,98,76,77,2465,1000,5.03247,271,6.05389,0.000106812,0,4461,3351342645
164.082,6.09451,30.4893,0,98,76,77,2465,1000,5.03247,271,6.05389,0.000106812,0,4461,3455431296
165.343,6.04802,30.137,0,98,76,77,2465,1000,5.03247,271,6.03363,0.000106812,0,4441,3559493869
165.229,6.0522,30.137,0,98,76,77,2465,1000,5.03247,271,6.03363,0.000106812,0,4441,3663624549
146.881,6.80822,30.137,0,98,76,77,2465,1000,5.03247,271,6.03363,0.000106812,0,4441,3768150591
169.266,5.90786,30.137,0,98,76,77,2465,1000,5.03247,271,6.03363,0.000106812,0,4441,3872226399
217.493,4.59785,30.137,0,98,76,77,2465,1000,5.03247,271,6.03363,0.000106812,0,4441,3976382547
172.932,5.78262,30.9613,0,99,76,77,2467,1000,5.03294,271,6.03483,0.000106812,0,4441,4080469826
172.236,5.80599,30.9613,0,99,76,77,2467,1000,5.03294,271,6.03483,0.000106812,0,4441,4184555812
175.444,5.69982,30.9613,0,99,76,77,2467,1000,5.03294,271,6.03483,0.000106812,0,4441,4288638563
140.882,7.09814,30.9613,0,99,76,77,2467,1000,5.03294,271,6.03483,0.000106812,0,4441,4392727284
173.091,5.77732,30.9613,0,99,76,77,2467,1000,5.03294,271,6.03483,0.000106812,0,4441,4496825664
166.275,6.01414,32.7091,0,98,76,77,2479,1000,5.04028,271,6.06402,0.000106812,0,4441,4600902093
183.623,5.44595,32.7091,0,98,76,77,2479,1000,5.04028,271,6.06402,0.000106812,0,4441,4705186802
175.531,5.69701,32.7091,0,98,76,77,2479,1000,5.04028,271,6.06402,0.000106812,0,4441,4809270875
186.33,5.36683,32.7091,0,98,76,77,2479,1000,5.04028,271,6.06402,0.000106812,0,4441,4913347474
177.434,5.63589,32.7091,0,98,76,77,2479,1000,5.04028,271,6.06402,0.000106812,0,4441,5017424554
156.738,6.38009,31.25,0,98,76,77,2479,1000,5.03247,271,6.07646,0.000106812,0,4444,5121871016
171.674,5.82499,31.25,0,98,76,77,2479,1000,5.03247,271,6.07646,0.000106812,0,4444,5225948216
159.573,6.26673,31.25,0,98,76,77,2479,1000,5.03247,271,6.07646,0.000106812,0,4444,5330039483
175.849,5.68668,31.25,0,98,76,77,2479,1000,5.03247,271,6.07646,0.000106812,0,4444,5434124197
148.141,6.75035,31.25,0,98,76,77,2479,1000,5.03247,271,6.07646,0.000106812,0,4444,5538216806
176.492,5.66596,30.9912,0,98,76,77,2473,1000,5.03247,271,6.0647,0.000106812,0,4441,5642296971
198.43,5.03956,30.9912,0,98,76,77,2473,1000,5.03247,271,6.0647,0.000106812,0,4441,5746373821
192.252,5.20151,30.9912,0,98,76,77,2473,1000,5.03247,271,6.0647,0.000106812,0,4441,5850451903
162.355,6.15936,30.9912,0,98,76,77,2473,1000,5.03247,271,6.0647,0.000106812,0,4441,5954537909
193.193,5.17617,30.7116,0,99,76,77,2475,1000,5.03247,271,6.0587,0.000106812,0,4441,6058616271
171.93,5.81631,30.7116,0,99,76,77,2475,1000,5.03247,271,6.0587,0.000106812,0,4441,6162962806
163.197,6.12755,30.7116,0,99,76,77,2475,1000,5.03247,271,6.0587,0.000106812,0,4441,6267046168
162.015,6.17225,30.7116,0,99,76,77,2475,1000,5.03247,271,6.0587,0.000106812,0,4441,6371143877
198.066,5.04883,30.7116,0,99,76,77,2475,1000,5.03247,271,6.0587,0.000106812,0,4441,6475226437
167.425,5.97281,31.0861,0,99,76,77,2484,1000,5.03247,271,6.05097,0.000106812,0,4443,6579318194
200.449,4.98879,31.0861,0,99,76,77,2484,1000,5.03247,271,6.05097,0.000106812,0,4443,6683401646
176.751,5.65767,31.0861,0,99,76,77,2484,1000,5.03247,271,6.05097,0.000106812,0,4443,6787463317
178.288,5.6089,31.0861,0,99,76,77,2484,1000,5.03247,271,6.05097,0.000106812,0,4443,6891541198
169.229,5.90916,31.0861,0,99,76,77,2484,1000,5.03247,271,6.05097,0.000106812,0,4443,6996146969
225.709,4.43048,31.5,0,99,76,77,2496,1000,5.03247,271,6.04757,0.000106812,0,4443,7100226624
167.152,5.98259,31.5,0,99,76,77,2496,1000,5.03247,271,6.04757,0.000106812,0,4443,7204310707
204.827,4.88216,31.5,0,99,76,77,2496,1000,5.03247,271,6.04757,0.000106812,0,4443,7308387667
175.436,5.70009,31.5,0,99,76,77,2496,1000,5.03247,271,6.04757,0.000106812,0,4443,7412454688
179.03,5.58565,31.5,0,99,76,77,2496,1000,5.03247,271,6.04757,0.000106812,0,4443,7516534583
180.275,5.54707,32.2904,0,98,76,77,2492,1000,5.03294,271,6.05195,0.000106812,0,4441,7620614789
196.233,5.09599,32.2904,0,98,76,77,2492,1000,5.03294,271,6.05195,0.000106812,0,4441,7724697970
173.747,5.75549,32.2904,0,98,76,77,2492,1000,5.03294,271,6.05195,0.000106812,0,4441,7828778135
176.071,5.67954,32.2904,0,98,76,77,2492,1000,5.03294,271,6.05195,0.000106812,0,4441,7932862058
177.587,5.63104,32.2904,0,98,76,77,2492,1000,5.03294,271,6.05195,0.000106812,0,4441,8036949277
172.967,5.78145,31.6314,0,98,76,77,2492,1000,5.03294,271,6.05149,0.000106812,0,4441,8141110635
176.583,5.66307,31.6314,0,98,76,77,2492,1000,5.03294,271,6.05149,0.000106812,0,4441,8245189388
183.395,5.45271,31.6314,0,98,76,77,2492,1000,5.03294,271,6.05149,0.000106812,0,4441,8349267620
186.594,5.35924,31.6314,0,98,76,77,2492,1000,5.03294,271,6.05149,0.000106812,0,4441,8454298358
177.019,5.6491,31.6314,0,98,76,77,2492,1000,5.03294,271,6.05149,0.000106812,0,4441,8558374846
174.551,5.72898,31,0,99,76,77,2494,1000,5.03294,271,6.03965,0.000106812,0,4441,8662442148
158.06,6.32669,31,0,99,76,77,2494,1000,5.03294,271,6.03965,0.000106812,0,4441,8766627922
174.799,5.72086,31,0,99,76,77,2494,1000,5.03294,271,6.03965,0.000106812,0,4441,8870788197
200.138,4.99656,31,0,99,76,77,2494,1000,5.03294,271,6.03965,0.000106812,0,4441,8976335163
168.596,5.93134,31,0,99,76,76,2498,1000,5.03247,271,6.03965,0.000106812,0,4441,9080413525
188.237,5.31244,31,0,99,76,76,2498,1000,5.03247,271,6.03965,0.000106812,0,4441,9185097583
174.096,5.74395,31,0,99,76,76,2498,1000,5.03247,271,6.03965,0.000106812,0,4441,9289212314
162.366,6.15894,31,0,99,76,76,2498,1000,5.03247,271,6.03965,0.000106812,0,4441,9394435723
206.505,4.8425,31,0,99,76,76,2498,1000,5.03247,271,6.03965,0.000106812,0,4441,9498519064
171.243,5.83967,30.1266,0,98,76,76,2499,1000,5.03294,271,6.03988,0.000106812,0,4461,9602600312
171.541,5.82951,30.1266,0,98,76,76,2499,1000,5.03294,271,6.03988,0.000106812,0,4461,9706715513
197.888,5.05335,30.1266,0,98,76,76,2499,1000,5.03294,271,6.03988,0.000106812,0,4461,9810804886
192.324,5.19957,30.1266,0,98,76,76,2499,1000,5.03294,271,6.03988,0.000106812,0,4461,9914888208
203.242,4.92024,30.1266,0,98,76,76,2499,1000,5.03294,271,6.03988,0.000106812,0,4461,10018963725
183.928,5.43691,31.0174,0,98,76,77,2499,1000,5.03247,271,6.04011,0.000106812,0,4441,10123110706
184.182,5.42941,31.0174,0,98,76,77,2499,1000,5.03247,271,6.04011,0.000106812,0,4441,10227187866
200.134,4.99665,31.0174,0,98,76,77,2499,1000,5.03247,271,6.04011,0.000106812,0,4441,10331265166
181.122,5.52114,31.0174,0,98,76,77,2499,1000,5.03247,271,6.04011,0.000106812,0,4441,10435343859
180.556,5.53844,31.0174,0,98,76,77,2499,1000,5.03247,271,6.04011,0.000106812,0,4441,10539463959
181.31,5.51542,31.3507,0,99,76,76,2501,1000,5.03247,271,6.04816,0.000106812,0,4441,10643555086
174.904,5.71742,31.3507,0,99,76,76,2501,1000,5.03247,271,6.04816,0.000106812,0,4441,10747649788
168.393,5.93849,31.3507,0,99,76,76,2501,1000,5.03247,271,6.04816,0.000106812,0,4441,10852380073
206.484,4.84298,31.3507,0,99,76,76,2501,1000,5.03247,271,6.04816,0.000106812,0,4441,10956447755
161.92,6.17588,31.3507,0,99,76,76,2501,1000,5.03247,271,6.04816,0.000106812,0,4441,11060531688
304.903,3.27973,31.8182,0,98,76,77,2498,1000,5.03247,271,6.07007,0.000106812,0,4465,11164620630
154.967,6.45299,31.8182,0,98,76,77,2498,1000,5.03247,271,6.07007,0.000106812,0,4465,11268706757
183.004,5.46435,31.8182,0,98,76,77,2498,1000,5.03247,271,6.07007,0.000106812,0,4465,11372788135
188.228,5.3127,31.8182,0,98,76,77,2498,1000,5.03247,271,6.07007,0.000106812,0,4465,11476869032
177.009,5.64944,31.8182,0,98,76,77,2498,1000,5.03247,271,6.07007,0.000106812,0,4465,11580954698
251.702,3.97296,35.3308,0,98,77,77,2504,1000,5.03247,271,6.08272,0.000106812,0,4441,11685030655
199.406,5.01488,35.3308,0,98,77,77,2504,1000,5.03247,271,6.08272,0.000106812,0,4441,11789106834
184.061,5.43298,35.3308,0,98,77,77,2504,1000,5.03247,271,6.08272,0.000106812,0,4441,11893181759
179.467,5.57206,35.3308,0,98,77,77,2504,1000,5.03247,271,6.08272,0.000106812,0,4441,11997544425
184.868,5.40925,34.0025,0,98,77,77,2510,1000,5.03321,271,6.08777,0.000106812,0,4441,12101639639
187.948,5.32063,34.0025,0,98,77,77,2510,1000,5.03321,271,6.08777,0.000106812,0,4441,12205746294
176.965,5.65083,34.0025,0,98,77,77,2510,1000,5.03321,271,6.08777,0.000106812,0,4441,12309833753
228.337,4.37949,34.0025,0,98,77,77,2510,1000,5.03321,271,6.08777,0.000106812,0,4441,12413911975
195.947,5.10341,34.0025,0,98,77,77,2510,1000,5.03321,271,6.08777,0.000106812,0,4441,12517991500
213.817,4.67689,33.4165,0,99,77,77,2510,1000,5.03247,271,6.09172,0.000106812,0,4441,12622035788
215.404,4.64243,33.4165,0,99,77,77,2510,1000,5.03247,271,6.09172,0.000106812,0,4441,12726112267
183.164,5.45959,33.4165,0,99,77,77,2510,1000,5.03247,271,6.09172,0.000106812,0,4441,12830193615
181.665,5.50463,33.4165,0,99,77,77,2510,1000,5.03247,271,6.09172,0.000106812,0,4441,12934271326
183.606,5.44645,33.4165,0,99,77,77,2510,1000,5.03247,271,6.09172,0.000106812,0,4441,13038350079
160.95,6.21312,33.1218,0,99,77,77,2510,1000,5.03247,271,6.10344,0.000106812,0,4433,13142402061
163.52,6.11546,33.1218,0,99,77,77,2510,1000,5.03247,271,6.10344,0.000106812,0,4433,13246801456
222.654,4.49128,33.1218,0,99,77,77,2510,1000,5.03247,271,6.10344,0.000106812,0,4433,13350889216
183.022,5.46382,33.1218,0,99,77,77,2510,1000,5.03247,271,6.10344,0.000106812,0,4433,13454980502
181.655,5.50494,33.1218,0,99,77,77,2510,1000,5.03247,271,6.10344,0.000106812,0,4433,13559069224
179.865,5.55973,35.0063,0,99,77,77,2509,1000,5.03247,271,6.10348,0.000106812,0,4441,13663147195
159.834,6.25648,35.0063,0,99,77,77,2509,1000,5.03247,271,6.10348,0.000106812,0,4441,13767225117
186.405,5.36466,35.0063,0,99,77,77,2509,1000,5.03247,271,6.10348,0.000106812,0,4441,13871304210
178.296,5.60866,35.0063,0,99,77,77,2509,1000,5.03247,271,6.10348,0.000106812,0,4441,13975381901
157.768,6.33842,35.0063,0,99,77,77,2509,1000,5.03247,271,6.10348,0.000106812,0,4441,14079479740
193.662,5.16364,35.2723,0,98,77,77,2510,1000,5.03321,271,6.08531,0.000106812,0,4441,14183559224
175.716,5.69099,35.2723,0,98,77,77,2510,1000,5.03321,271,6.08531,0.000106812,0,4441,14287649559
179.821,5.56108,35.2723,0,98,77,77,2510,1000,5.03321,271,6.08531,0.000106812,0,4441,14391728783
173.913,5.74999,35.2723,0,98,77,77,2510,1000,5.03321,271,6.08531,0.000106812,0,4441,14496385099
163.244,6.12579,34.9127,0,99,77,77,2513,1000,5.03294,271,6.08706,0.000106812,0,4441,14600468521
180.372,5.54411,34.9127,0,99,77,77,2513,1000,5.03294,271,6.08706,0.000106812,0,4441,14704546693
174.632,5.72634,34.9127,0,99,77,77,2513,1000,5.03294,271,6.08706,0.000106812,0,4441,14809309698
156.269,6.39923,34.9127,0,99,77,77,2513,1000,5.03294,271,6.08706,0.000106812,0,4441,14913384294
177.306,5.63997,34.9127,0,99,77,77,2513,1000,5.03294,271,6.08706,0.000106812,0,4441,15017472404
196.218,5.09639,36.5578,0,98,77,77,2518,1000,5.03247,271,6.13856,0.000106812,0,4432,15121559603
167.505,5.96998,36.5578,0,98,77,77,2518,1000,5.03247,271,6.13856,0.000106812,0,4432,15225644718
157.407,6.35294,36.5578,0,98,77,77,2518,1000,5.03247,271,6.13856,0.000106812,0,4432,15329721627
156.77,6.37878,36.5578,0,98,77,77,2518,1000,5.03247,271,6.13856,0.000106812,0,4432,15433804879
183.433,5.45159,36.5578,0,98,77,77,2518,1000,5.03247,271,6.13856,0.000106812,0,4432,15537887760
189.015,5.29059,37.284,0,98,77,77,2507,1000,5.03247,271,6.10334,0.000106812,0,4440,15642490224
165.338,6.0482,37.284,0,98,77,77,2507,1000,5.03247,271,6.10334,0.000106812,0,4440,15746576291
184.262,5.42704,37.284,0,98,77,77,2507,1000,5.03247,271,6.10334,0.000106812,0,4440,15850663290
182.996,5.46459,37.284,0,98,77,77,2507,1000,5.03247,271,6.10334,0.000106812,0,4440,15954743145
180.317,5.5458,37.284,0,98,77,77,2507,1000,5.03247,271,6.10334,0.000106812,0,4440,16058822318
162.734,6.14501,35.4193,0,98,77,77,2506,1000,5.03248,271,6.11163,0.000106812,0,4416,16163887892
194.974,5.12889,35.4193,0,98,77,77,2506,1000,5.03248,271,6.11163,0.000106812,0,4416,16267997743
174.437,5.73273,35.4193,0,98,77,77,2506,1000,5.03248,271,6.11163,0.000106812,0,4416,16372093979
179.8,5.56174,35.4193,0,98,77,77,2506,1000,5.03248,271,6.11163,0.000106812,0,4416,16476176950
155.861,6.41596,35.4193,0,98,77,77,2506,1000,5.03248,271,6.11163,0.000106812,0,4416,16580272033
154.714,6.46354,35.9551,0,99,77,77,2510,1000,5.04029,271,6.10831,0.000106812,0,4439,16684366576
174.242,5.73916,35.9551,0,99,77,77,2510,1000,5.04029,271,6.10831,0.000106812,0,4439,16788446691
141.359,7.07416,35.9551,0,99,77,77,2510,1000,5.04029,271,6.10831,0.000106812,0,4439,16892537186
173.455,5.7652,35.9551,0,99,77,77,2510,1000,5.04029,271,6.10831,0.000106812,0,4439,16996949916
179.768,5.56274,35.9551,0,99,77,77,2510,1000,5.04029,271,6.10831,0.000106812,0,4439,17101394394
155.668,6.42394,37.2525,0,99,77,77,2496,1000,5.03322,271,6.11031,0.000106812,0,4441,17205482966
186.727,5.35542,37.2525,0,99,77,77,2496,1000,5.03322,271,6.11031,0.000106812,0,4441,17309580554
165.705,6.0348,37.2525,0,99,77,77,2496,1000,5.03322,271,6.11031,0.000106812,0,4441,17413660760
159.468,6.27087,37.2525,0,99,77,77,2496,1000,5.03322,271,6.11031,0.000106812,0,4441,17517737158
180.009,5.55528,39.7343,0,99,77,77,2496,1000,5.03322,271,6.09694,0.000106812,0,4441,17622273509
178.91,5.58939,39.7343,0,99,77,77,2496,1000,5.03322,271,6.09694,0.000106812,0,4441,17726364685
163.804,6.10485,39.7343,0,99,77,77,2496,1000,5.03322,271,6.09694,0.000106812,0,4441,17830463416
177.097,5.64664,39.7343,0,99,77,77,2496,1000,5.03322,271,6.09694,0.000106812,0,4441,17934552959
186.594,5.35923,39.7343,0,99,77,77,2496,1000,5.03322,271,6.09694,0.000106812,0,4441,18038638605
177.895,5.62129,36.5314,0,99,77,77,2501,1000,5.03248,271,6.09694,0.000106812,0,4441,18142724411
168.794,5.9244,36.5314,0,99,77,77,2501,1000,5.03248,271,6.09694,0.000106812,0,4441,18246809416
168.231,5.94422,36.5314,0,99,77,77,2501,1000,5.03248,271,6.09694,0.000106812,0,4441,18350889812
183.898,5.43779,36.5314,0,99,77,77,2501,1000,5.03248,271,6.09694,0.000106812,0,4441,18454975378
177.93,5.62019,36.5314,0,99,77,77,2501,1000,5.03248,271,6.09694,0.000106812,0,4441,18559070401
170.881,5.85201,34.9383,0,98,77,77,2496,1000,5.03295,271,6.09732,0.000106812,0,4440,18663152581
191.818,5.21326,34.9383,0,98,77,77,2496,1000,5.03295,271,6.09732,0.000106812,0,4440,18767231734
162.045,6.17112,34.9383,0,98,77,77,2496,1000,5.03295,271,6.09732,0.000106812,0,4440,18871310107
170.081,5.87954,34.9383,0,98,77,77,2496,1000,5.03295,271,6.09732,0.000106812,0,4440,18975343154
170.989,5.84831,34.9383,0,98,77,77,2496,1000,5.03295,271,6.09732,0.000106812,0,4440,19079428339
177.662,5.62866,33.6218,0,98,77,77,2495,1000,5.03248,271,6.09732,0.000106812,0,4442,19183505409
237.056,4.21841,33.6218,0,98,77,77,2495,1000,5.03248,271,6.09732,0.000106812,0,4442,19287582399
171.434,5.83316,33.6218,0,98,77,77,2495,1000,5.03248,271,6.09732,0.000106812,0,4442,19391661402
185.047,5.40403,33.6218,0,98,77,77,2495,1000,5.03248,271,6.09732,0.000106812,0,4442,19495971880
167.629,5.96556,33.6218,0,98,77,77,2495,1000,5.03248,271,6.09732,0.000106812,0,4442,19600056183
177.683,5.62801,33.6671,0,99,77,77,2500,1000,5.03295,271,6.09829,0.000106812,0,4441,19704133804
163.056,6.13286,33.6671,0,99,77,77,2500,1000,5.03295,271,6.09829,0.000106812,0,4441,19808213739
169.609,5.8959,33.6671,0,99,77,77,2500,1000,5.03295,271,6.09829,0.000106812,0,4441,19912292682
164.717,6.07103,33.6671,0,99,77,77,2500,1000,5.03295,271,6.09829,0.000106812,0,4441,20016552044
155.119,6.44666,33.6671,0,99,77,77,2500,1000,5.03295,271,6.09829,0.000106812,0,4441,20120643591
189.998,5.26322,35.3733,0,99,77,77,2499,1000,5.03248,271,6.09901,0.000106812,0,4441,20224739466
158.424,6.31216,35.3733,0,99,77,77,2499,1000,5.03248,271,6.09901,0.000106812,0,4441,20328828078
151.729,6.59071,35.3733,0,99,77,77,2499,1000,5.03248,271,6.09901,0.000106812,0,4441,20432909385
172.536,5.7959,35.3733,0,99,77,77,2499,1000,5.03248,271,6.09901,0.000106812,0,4441,20536987006
186.8,5.35332,33.875,0,99,77,77,2502,1000,5.03248,271,6.08844,0.000106812,0,4441,20641066561
164.74,6.07017,33.875,0,99,77,77,2502,1000,5.03248,271,6.08844,0.000106812,0,4441,20745222879
145.759,6.86063,33.875,0,99,77,77,2502,1000,5.03248,271,6.08844,0.000106812,0,4441,20849355974
211.384,4.73073,33.875,0,99,77,77,2502,1000,5.03248,271,6.08844,0.000106812,0,4441,20953445838
178.385,5.60584,33.875,0,99,77,77,2502,1000,5.03248,271,6.08844,0.000106812,0,4441,21057522888
142.04,7.04028,35.2428,0,98,77,77,2502,1000,5.03248,271,6.08868,0.000106812,0,4441,21161744839
153.541,6.51291,35.2428,0,98,77,77,2502,1000,5.03248,271,6.08868,0.000106812,0,4441,21265829914
165.401,6.04591,35.2428,0,98,77,77,2502,1000,5.03248,271,6.08868,0.000106812,0,4441,21369921551
169.305,5.9065,35.2428,0,98,77,77,2502,1000,5.03248,271,6.08868,0.000106812,0,4441,21474066959
162.117,6.16838,35.2428,0,98,77,77,2502,1000,5.03248,271,6.08868,0.000106812,0,4441,21578158586
158.962,6.29082,34.8894,0,98,77,77,2503,1000,5.03249,271,6.09243,0.000106812,0,4438,21682271834
192.143,5.20446,34.8894,0,98,77,77,2503,1000,5.03249,271,6.09243,0.000106812,0,4438,21786313036
244.364,4.09226,34.8894,0,98,77,77,2503,1000,5.03249,271,6.09243,0.000106812,0,4438,21890390046
227.303,4.39942,34.8894,0,98,77,77,2503,1000,5.03249,271,6.09243,0.000106812,0,4438,21994467877
173.312,5.76995,34.8894,0,98,77,77,2503,1000,5.03249,271,6.09243,0.000106812,0,4438,22098549786
177.161,5.64459,34.5387,0,98,78,77,2506,1000,5.03249,271,6.09,0.000106812,0,4441,22202594856
171.206,5.84092,34.5387,0,98,78,77,2506,1000,5.03249,271,6.09,0.000106812,0,4441,22306682295
171.925,5.81648,34.5387,0,98,78,77,2506,1000,5.03249,271,6.09,0.000106812,0,4441,22411166198
172.299,5.80387,34.5387,0,98,78,77,2506,1000,5.03249,271,6.09,0.000106812,0,4441,22515256182
140.817,7.1014,34.5387,0,98,78,77,2506,1000,5.03249,271,6.09,0.000106812,0,4441,22619308986
170.17,5.87649,34.5342,0,98,78,77,2506,1000,5.03249,271,6.09052,0.000106812,0,4441,22723386177
196.154,5.09805,34.5342,0,98,78,77,2506,1000,5.03249,271,6.09052,0.000106812,0,4441,22827466502
161.769,6.18165,34.5342,0,98,78,77,2506,1000,5.03249,271,6.09052,0.000106812,0,4441,22931558901
171.675,5.82495,34.5342,0,98,78,77,2506,1000,5.03249,271,6.09052,0.000106812,0,4441,23036301198
179.601,5.56789,34,0,98,78,77,2502,1000,5.03323,271,6.08941,0.000106812,0,4441,23140381394
186.369,5.3657,34,0,98,78,77,2502,1000,5.03323,271,6.08941,0.000106812,0,4441,23244460698
192.919,5.18352,34,0,98,78,77,2502,1000,5.03323,271,6.08941,0.000106812,0,4441,23348544110
139.366,7.17535,34,0,98,78,77,2502,1000,5.03323,271,6.08941,0.000106812,0,4441,23452624676
231.019,4.32866,34,0,98,78,77,2502,1000,5.03323,271,6.08941,0.000106812,0,4441,23556699732
189.276,5.2833,34.8259,0,98,78,77,2505,1000,5.03249,271,6.08941,0.000106812,0,4439,23660781711
226.07,4.4234,34.8259,0,98,78,77,2505,1000,5.03249,271,6.08941,0.000106812,0,4439,23764867197
183.228,5.45769,34.8259,0,98,78,77,2505,1000,5.03249,271,6.08941,0.000106812,0,4439,23868948795
178.161,5.6129,34.8259,0,98,78,77,2505,1000,5.03249,271,6.08941,0.000106812,0,4439,23973049169
154.309,6.48052,34.8259,0,98,78,77,2505,1000,5.03249,271,6.08941,0.000106812,0,4439,24077130867
191.632,5.21832,35,0,98,78,77,2505,1000,5.03249,271,6.07987,0.000106812,0,4416,24181215621
205.333,4.87013,35,0,98,78,77,2505,1000,5.03249,271,6.07987,0.000106812,0,4416,24285297821
182.199,5.48851,35,0,98,78,77,2505,1000,5.03249,271,6.07987,0.000106812,0,4416,24389384579
145.845,6.85659,35,0,98,78,77,2505,1000,5.03249,271,6.07987,0.000106812,0,4416,24493483219
173.908,5.75018,35,0,98,78,77,2505,1000,5.03249,271,6.07987,0.000106812,0,4416,24597574736
175.743,5.69013,34.4612,0,98,78,77,2510,1000,5.03249,271,6.09231,0.000106812,0,4441,24701662125
159.959,6.25162,34.4612,0,98,78,77,2510,1000,5.03249,271,6.09231,0.000106812,0,4441,24805754073
218.74,4.57164,34.4612,0,98,78,77,2510,1000,5.03249,271,6.09231,0.000106812,0,4441,24909841222
177.462,5.63503,34.4612,0,98,78,77,2510,1000,5.03249,271,6.09231,0.000106812,0,4441,25013917740
168.102,5.94875,34.4612,0,98,78,77,2510,1000,5.03249,271,6.09231,0.000106812,0,4441,25118467887
148.562,6.7312,34.5387,0,98,78,77,2504,1000,5.03249,271,6.09255,0.000106812,0,4441,25222551900
211.32,4.73215,34.5387,0,98,78,77,2504,1000,5.03249,271,6.09255,0.000106812,0,4441,25326630363
185.537,5.38976,34.5387,0,98,78,77,2504,1000,5.03249,271,6.09255,0.000106812,0,4441,25430667528
225.572,4.43318,34.5387,0,98,78,77,2504,1000,5.03249,271,6.09255,0.000106812,0,4441,25534748425
213.118,4.69225,34.5387,0,98,78,77,2504,1000,5.03249,271,6.09255,0.000106812,0,4441,25638832237
187.898,5.32205,34.788,0,99,78,77,2510,1000,5.03249,271,6.10866,0.000106812,0,4443,25742912914
179.181,5.58094,34.788,0,99,78,77,2510,1000,5.03249,271,6.10866,0.000106812,0,4443,25846991657
209.552,4.77209,34.788,0,99,78,77,2510,1000,5.03249,271,6.10866,0.000106812,0,4443,25951093753
160.679,6.2236,34.788,0,99,78,77,2510,1000,5.03249,271,6.10866,0.000106812,0,4443,26055186853
198.846,5.02903,35.1183,0,98,78,77,2505,1000,5.03297,271,6.10024,0.000106812,0,4441,26159281927
178.101,5.6148,35.1183,0,98,78,77,2505,1000,5.03297,271,6.10024,0.000106812,0,4441,26263731816
192.92,5.18351,35.1183,0,98,78,77,2505,1000,5.03297,271,6.10024,0.000106812,0,4441,26367810729
253.338,3.9473,35.1183,0,98,78,77,2505,1000,5.03297,271,6.10024,0.000106812,0,4441,26471888971
127.598,7.8371,35.1183,0,98,78,77,2505,1000,5.03297,271,6.10024,0.000106812,0,4441,26575971551
211.073,4.73769,36.0248,0,98,78,77,2495,1000,5.03249,271,6.10505,0.000106812,0,4437,26680054312
167.125,5.98356,36.0248,0,98,78,77,2495,1000,5.03249,271,6.10505,0.000106812,0,4437,26784256005
190.101,5.26036,36.0248,0,98,78,77,2495,1000,5.03249,271,6.10505,0.000106812,0,4437,26888348825
172.131,5.80954,36.0248,0,98,78,77,2495,1000,5.03249,271,6.10505,0.000106812,0,4437,26992427808
193.099,5.17869,36.0248,0,98,78,77,2495,1000,5.03249,271,6.10505,0.000106812,0,4437,27096506050
241.43,4.14199,36.7702,0,98,78,77,2496,1000,5.03249,271,6.08526,0.000106812,0,4444,27200582799
196.239,5.09582,36.7702,0,98,78,77,2496,1000,5.03249,271,6.08526,0.000106812,0,4444,27304660340
200.476,4.98813,36.7702,0,98,78,77,2496,1000,5.03249,271,6.08526,0.000106812,0,4444,27408736789
221.53,4.51405,36.7702,0,98,78,77,2496,1000,5.03249,271,6.08526,0.000106812,0,4444,27513607897
208.234,4.80228,36.7702,0,98,78,77,2496,1000,5.03249,271,6.08526,0.000106812,0,4444,27617704674
168.488,5.93515,35.4271,0,99,78,77,2496,1000,5.03249,271,6.08279,0.000106812,0,4441,27721882423
172.359,5.80184,35.4271,0,99,78,77,2496,1000,5.03249,271,6.08279,0.000106812,0,4441,27825963199
167.061,5.98585,35.4271,0,99,78,77,2496,1000,5.03249,271,6.08279,0.000106812,0,4441,27930049316
181.196,5.51888,35.4271,0,99,78,77,2496,1000,5.03249,271,6.08279,0.000106812,0,4441,28034139290
174.184,5.74104,35.4271,0,99,78,77,2496,1000,5.03249,271,6.08279,0.000106812,0,4441,28138216440
198.906,5.0275,35.6336,0,99,78,77,2496,1000,5.03249,271,6.09129,0.000106812,0,4439,28242259536
175.946,5.68357,35.6336,0,99,78,77,2496,1000,5.03249,271,6.09129,0.000106812,0,4439,28346349250
159.344,6.27572,35.6336,0,99,78,77,2496,1000,5.03249,271,6.09129,0.000106812,0,4439,28450432251
156.968,6.37073,35.6336,0,99,78,77,2496,1000,5.03249,271,6.09129,0.000106812,0,4439,28554558864
161.128,6.20625,35.6336,0,99,78,77,2496,1000,5.03249,271,6.09129,0.000106812,0,4439,28658643217
168.134,5.94763,35.1621,0,99,78,77,2502,1000,5.0325,271,6.09094,0.000106812,0,4437,28763234591
167.253,5.97895,35.1621,0,99,78,77,2502,1000,5.0325,271,6.09094,0.000106812,0,4437,28867321850
173.995,5.74731,35.1621,0,99,78,77,2502,1000,5.0325,271,6.09094,0.000106812,0,4437,28971404380
194.789,5.13376,35.1621,0,99,78,77,2502,1000,5.0325,271,6.09094,0.000106812,0,4437,29075803554
155.054,6.44935,35.3535,0,98,78,77,2504,1000,5.0325,271,6.09177,0.000106812,0,4441,29179885513
155.421,6.43414,35.3535,0,98,78,77,2504,1000,5.0325,271,6.09177,0.000106812,0,4441,29283964997
166.788,5.99565,35.3535,0,98,78,77,2504,1000,5.0325,271,6.09177,0.000106812,0,4441,29388047347
184.709,5.41393,35.3535,0,98,78,77,2504,1000,5.0325,271,6.09177,0.000106812,0,4441,29492498949
177.103,5.64645,35.3535,0,98,78,77,2504,1000,5.0325,271,6.09177,0.000106812,0,4441,29596593862
182.867,5.46846,36.712,0,99,78,77,2509,1000,5.0325,271,6.10094,0.000106812,0,4460,29700683225
198.822,5.02962,36.712,0,99,78,77,2509,1000,5.0325,271,6.10094,0.000106812,0,4460,29804769182
170.148,5.87724,36.712,0,99,78,77,2509,1000,5.0325,271,6.10094,0.000106812,0,4460,29908864175
176.23,5.67439,36.712,0,99,78,77,2509,1000,5.0325,271,6.10094,0.000106812,0,4460,30013334803
174.487,5.73109,36.712,0,99,78,77,2509,1000,5.0325,271,6.10094,0.000106812,0,4460,30117419768
158.833,6.29591,35.6164,0,98,78,77,2506,1000,5.0325,271,6.08164,0.000106812,0,4440,30221497258
175.927,5.68419,35.6164,0,98,78,77,2506,1000,5.0325,271,6.08164,0.000106812,0,4440,30325621607
179.107,5.58327,35.6164,0,98,78,77,2506,1000,5.0325,271,6.08164,0.000106812,0,4440,30429725707
186.606,5.35889,35.6164,0,98,78,77,2506,1000,5.0325,271,6.08164,0.000106812,0,4440,30534101317
171.467,5.83202,35.6164,0,98,78,77,2506,1000,5.0325,271,6.08164,0.000106812,0,4440,30638193565
169.831,5.88821,36.0248,0,98,78,77,2503,1000,5.0325,271,6.07579,0.000106812,0,4440,30742534329
170.671,5.85923,36.0248,0,98,78,77,2503,1000,5.0325,271,6.07579,0.000106812,0,4440,30846618883
186.402,5.36475,36.0248,0,98,78,77,2503,1000,5.0325,271,6.07579,0.000106812,0,4440,30950703026
161.309,6.19927,36.0248,0,98,78,77,2503,1000,5.0325,271,6.07579,0.000106812,0,4440,31054789123
156.357,6.39561,36.0248,0,98,78,77,2503,1000,5.0325,271,6.07579,0.000106812,0,4440,31158873757
188.212,5.31317,34.5088,0,98,78,77,2505,1000,5.0325,271,6.07579,0.000106812,0,4429,31262957499
187.977,5.31979,34.5088,0,98,78,77,2505,1000,5.0325,271,6.07579,0.000106812,0,4429,31367009322
166.712,5.99837,34.5088,0,98,78,77,2505,1000,5.0325,271,6.07579,0.000106812,0,4429,31471100949
157.895,6.3333,34.5088,0,98,78,77,2505,1000,5.0325,271,6.07579,0.000106812,0,4429,31575184100
155.175,6.44435,34.5088,0,98,78,77,2505,1000,5.0325,271,6.07579,0.000106812,0,4429,31679282841
166.515,6.00548,35.2428,0,98,78,77,2500,1000,5.0325,271,6.05323,0.000106812,0,4430,31783365751
154.553,6.47029,35.2428,0,98,78,77,2500,1000,5.0325,271,6.05323,0.000106812,0,4430,31887486333
152.67,6.55006,35.2428,0,98,78,77,2500,1000,5.0325,271,6.05323,0.000106812,0,4430,31991566849
168.517,5.93412,35.2428,0,98,78,77,2500,1000,5.0325,271,6.05323,0.000106812,0,4430,32095647977
188.02,5.31858,36.6915,0,99,78,77,2505,1000,5.03324,271,6.05497,0.000106812,0,4441,32199738101
166.775,5.99609,36.6915,0,99,78,77,2505,1000,5.03324,271,6.05497,0.000106812,0,4441,32303818427
169.944,5.88429,36.6915,0,99,78,77,2505,1000,5.03324,271,6.05497,0.000106812,0,4441,32407902390
169.858,5.88726,36.6915,0,99,78,77,2505,1000,5.03324,271,6.05497,0.000106812,0,4441,32511998956
184.728,5.41337,36.6915,0,99,78,77,2505,1000,5.03324,271,6.05497,0.000106812,0,4441,32616082097
158.012,6.32863,36.1355,0,99,78,77,2505,1000,5.03324,271,6.05545,0.000106812,0,4435,32720163114
147.068,6.7996,36.1355,0,99,78,77,2505,1000,5.03324,271,6.05545,0.000106812,0,4435,32824256665
171.943,5.81587,36.1355,0,99,78,77,2505,1000,5.03324,271,6.05545,0.000106812,0,4435,32929556978
156.015,6.40966,36.1355,0,99,78,77,2505,1000,5.03324,271,6.05545,0.000106812,0,4435,33033638677
164.434,6.08148,36.1355,0,99,78,77,2505,1000,5.03324,271,6.05545,0.000106812,0,4435,33137721488
179.107,5.58327,36.7041,0,99,78,77,2503,1000,5.0325,271,6.07004,0.000106812,0,4441,33241818485
162.022,6.17199,36.7041,0,99,78,77,2503,1000,5.0325,271,6.07004,0.000106812,0,4441,33345903149
173.284,5.77089,36.7041,0,99,78,77,2503,1000,5.0325,271,6.07004,0.000106812,0,4441,33451760386
194.528,5.14064,36.7041,0,99,78,77,2503,1000,5.0325,271,6.07004,0.000106812,0,4441,33555849749
124.393,8.03901,36.7041,0,99,78,77,2503,1000,5.0325,271,6.07004,0.000106812,0,4441,33659938581
159.079,6.28618,37.9653,0,99,78,77,2496,1000,5.03348,271,6.10466,0.000106812,0,4433,33764017655
200.22,4.99449,37.9653,0,99,78,77,2496,1000,5.03348,271,6.10466,0.000106812,0,4433,33868097289
176.61,5.66219,37.9653,0,99,78,77,2496,1000,5.03348,271,6.10466,0.000106812,0,4433,33972143662
189.605,5.27412,37.9653,0,99,78,77,2496,1000,5.03348,271,6.10466,0.000106812,0,4433,34076204661
164.797,6.06806,37.9653,0,99,78,77,2496,1000,5.03348,271,6.10466,0.000106812,0,4433,34180299605
170.798,5.85487,37.9093,0,98,78,77,2508,1000,5.0325,271,6.07623,0.000106812,0,4441,34284390691
165.75,6.03317,37.9093,0,98,78,77,2508,1000,5.0325,271,6.07623,0.000106812,0,4441,34388481967
161.153,6.20527,37.9093,0,98,78,77,2508,1000,5.0325,271,6.07623,0.000106812,0,4441,34492576279
148.857,6.71783,37.9093,0,98,78,77,2508,1000,5.0325,271,6.07623,0.000106812,0,4441,34596647989
171.435,5.83311,37.9093,0,98,78,77,2508,1000,5.0325,271,6.07623,0.000106812,0,4441,34700727844
182.794,5.47065,38.0176,0,99,78,77,2506,1000,5.0325,271,6.06499,0.000106812,0,4434,34804808661
184.937,5.40724,38.0176,0,99,78,77,2506,1000,5.0325,271,6.06499,0.000106812,0,4434,34908891201
161.064,6.2087,38.0176,0,99,78,77,2506,1000,5.0325,271,6.06499,0.000106812,0,4434,35012977017
197.379,5.06639,38.0176,0,99,78,77,2506,1000,5.0325,271,6.06499,0.000106812,0,4434,35117071780
210.523,4.75009,38.2316,0,98,78,77,2511,1000,5.03299,271,6.07495,0.000106812,0,4441,35221155022
166.461,6.0074,38.2316,0,98,78,77,2511,1000,5.03299,271,6.07495,0.000106812,0,4441,35325238684
213.058,4.69355,38.2316,0,98,78,77,2511,1000,5.03299,271,6.07495,0.000106812,0,4441,35429323008
168.236,5.94402,38.2316,0,98,78,77,2511,1000,5.03299,271,6.07495,0.000106812,0,4441,35533407892
165.608,6.03836,38.2316,0,98,78,77,2511,1000,5.03299,271,6.07495,0.000106812,0,4441,35637487867
181.845,5.49919,37.5157,0,99,78,77,2505,1000,5.03252,271,6.07886,0.000106812,0,4418,35741799607
191.965,5.20928,37.5157,0,99,78,77,2505,1000,5.03252,271,6.07886,0.000106812,0,4418,35845888970
168.63,5.93016,37.5157,0,99,78,77,2505,1000,5.03252,271,6.07886,0.000106812,0,4418,35949979034
182.401,5.48244,37.5157,0,99,78,77,2505,1000,5.03252,271,6.07886,0.000106812,0,4418,36055048986
153.198,6.52749,37.5157,0,99,78,77,2505,1000,5.03252,271,6.07886,0.000106812,0,4418,36159139741
137.702,7.26203,37.8141,0,99,78,77,2502,1000,5.03642,271,6.08691,0.000106812,0,4440,36263243000
164.891,6.0646,37.8141,0,99,78,77,2502,1000,5.03642,271,6.08691,0.000106812,0,4440,36367323136
167.831,5.95838,37.8141,0,99,78,77,2502,1000,5.03642,271,6.08691,0.000106812,0,4440,36471421385
165.652,6.03675,37.8141,0,99,78,77,2502,1000,5.03642,271,6.08691,0.000106812,0,4440,36575501431
159.721,6.26091,37.8141,0,99,78,77,2502,1000,5.03642,271,6.08691,0.000106812,0,4440,36679796178
165.822,6.03056,38.2609,0,98,78,77,2499,1000,5.03252,271,6.09812,0.000106812,0,4416,36783883387
167.778,5.96026,38.2609,0,98,78,77,2499,1000,5.03252,271,6.09812,0.000106812,0,4416,36887996214
162.127,6.16801,38.2609,0,98,78,77,2499,1000,5.03252,271,6.09812,0.000106812,0,4416,36992095666
175.203,5.70765,38.2609,0,98,78,77,2499,1000,5.03252,271,6.09812,0.000106812,0,4416,37096163198
190.363,5.25313,38.2609,0,98,78,77,2499,1000,5.03252,271,6.09812,0.000106812,0,4416,37200243734
163.216,6.12685,35.375,0,98,78,77,2499,1000,5.03252,271,6.08904,0.000106812,0,4441,37304312138
179.172,5.58123,35.375,0,98,78,77,2499,1000,5.03252,271,6.08904,0.000106812,0,4441,37408391482
159.669,6.26296,35.375,0,98,78,77,2499,1000,5.03252,271,6.08904,0.000106812,0,4441,37512469444
177.313,5.63973,35.375,0,98,78,77,2499,1000,5.03252,271,6.08904,0.000106812,0,4441,37616549629
219.165,4.56277,35.375,0,98,78,77,2499,1000,5.03252,271,6.08904,0.000106812,0,4441,37720637109
165.974,6.02503,35.7683,0,98,78,77,2507,1000,5.03252,271,6.08668,0.000106812,0,4417,37824720630
163.013,6.13448,35.7683,0,98,78,77,2507,1000,5.03252,271,6.08668,0.000106812,0,4417,37928804463
197.011,5.07585,35.7683,0,98,78,77,2507,1000,5.03252,271,6.08668,0.000106812,0,4417,38032899667
164.356,6.08437,35.7683,0,98,78,77,2507,1000,5.03252,271,6.08668,0.000106812,0,4417,38136983610
230.99,4.3292,35.5444,0,98,78,77,2506,1000,5.03299,271,6.08634,0.000106812,0,4430,38241062884
221.988,4.50475,35.5444,0,98,78,77,2506,1000,5.03299,271,6.08634,0.000106812,0,4430,38345139503
171.126,5.84364,35.5444,0,98,78,77,2506,1000,5.03299,271,6.08634,0.000106812,0,4430,38449225740
224.24,4.45951,35.5444,0,98,78,77,2506,1000,5.03299,271,6.08634,0.000106812,0,4430,38553305615
223.674,4.4708,35.5444,0,98,78,77,2506,1000,5.03299,271,6.08634,0.000106812,0,4430,38657383185
177.803,5.62421,35.7054,0,98,78,77,2484,1000,5.03252,271,6.08676,0.000106812,0,4441,38761459905
188.824,5.29594,35.7054,0,98,78,77,2484,1000,5.03252,271,6.08676,0.000106812,0,4441,38865539118
200.689,4.98282,35.7054,0,98,78,77,2484,1000,5.03252,271,6.08676,0.000106812,0,4441,38969625366
202.413,4.94039,35.7054,0,98,78,77,2484,1000,5.03252,271,6.08676,0.000106812,0,4441,39073704810
234.997,4.25537,35.7054,0,98,78,77,2484,1000,5.03252,271,6.08676,0.000106812,0,4441,39178086120
226.574,4.41357,34.788,0,98,78,77,2487,1000,5.03252,271,6.08292,0.000106812,0,4419,39282143373
195.429,5.11695,34.788,0,98,78,77,2487,1000,5.03252,271,6.08292,0.000106812,0,4419,39386224160
203.063,4.92458,34.788,0,98,78,77,2487,1000,5.03252,271,6.08292,0.000106812,0,4419,39490304936
167.382,5.97435,34.788,0,98,78,77,2487,1000,5.03252,271,6.08292,0.000106812,0,4419,39594625182
177.398,5.63703,34.788,0,98,78,77,2487,1000,5.03252,271,6.08292,0.000106812,0,4419,39698712461
200.59,4.9853,34.7607,0,98,78,77,2486,1000,5.03299,271,6.08316,0.000106812,0,4441,39802794039
157.286,6.35784,34.7607,0,98,78,77,2486,1000,5.03299,271,6.08316,0.000106812,0,4441,39906882340
206.918,4.83284,34.7607,0,98,78,77,2486,1000,5.03299,271,6.08316,0.000106812,0,4441,40010960162
207.699,4.81466,34.7607,0,98,78,77,2486,1000,5.03299,271,6.08316,0.000106812,0,4441,40115038333
197.703,5.0581,34.7607,0,98,78,77,2486,1000,5.03299,271,6.08316,0.000106812,0,4441,40219130552
226.953,4.40619,34.5912,0,98,78,77,2487,1000,5.03252,271,6.08355,0.000106812,0,4418,40323220105
174.993,5.7145,34.5912,0,98,78,77,2487,1000,5.03252,271,6.08355,0.000106812,0,4418,40427427549
180.751,5.53247,34.5912,0,98,78,77,2487,1000,5.03252,271,6.08355,0.000106812,0,4418,40531579970
194.504,5.14129,34.5912,0,98,78,77,2487,1000,5.03252,271,6.08355,0.000106812,0,4418,40635665716
206.006,4.85423,34.5912,0,98,78,77,2487,1000,5.03252,271,6.08355,0.000106812,0,4418,40739752334
200.153,4.99617,34.6633,0,98,78,77,2483,1000,5.03252,271,6.08451,0.000106812,0,4419,40843852798
191.209,5.22987,34.6633,0,98,78,77,2483,1000,5.03252,271,6.08451,0.000106812,0,4419,40947930068
164.693,6.07191,34.6633,0,98,78,77,2483,1000,5.03252,271,6.08451,0.000106812,0,4419,41052398832
225.117,4.44213,34.6633,0,98,78,77,2483,1000,5.03252,271,6.08451,0.000106812,0,4419,41156491662
181.753,5.50197,33.5013,0,98,78,77,2482,1000,5.03299,271,6.08446,0.000106812,0,4441,41260573120
180.667,5.53504,33.5013,0,98,78,77,2482,1000,5.03299,271,6.08446,0.000106812,0,4441,41364652845
230.816,4.33246,33.5013,0,98,78,77,2482,1000,5.03299,271,6.08446,0.000106812,0,4441,41468738320
155.929,6.41319,33.5013,0,98,78,77,2482,1000,5.03299,271,6.08446,0.000106812,0,4441,41573583941
186.078,5.3741,33.5013,0,98,78,77,2482,1000,5.03299,271,6.08446,0.000106812,0,4441,41677661401
202.311,4.94288,33.6272,0,98,78,77,2485,1000,5.03252,271,6.08296,0.000106812,0,4441,41782494839
231.682,4.31625,33.6272,0,98,78,77,2485,1000,5.03252,271,6.08296,0.000106812,0,4441,41886575706
198.818,5.02972,33.6272,0,98,78,77,2485,1000,5.03252,271,6.08296,0.000106812,0,4441,41990660080
183.575,5.44736,33.6272,0,98,78,77,2485,1000,5.03252,271,6.08296,0.000106812,0,4441,42094740967
172.565,5.79493,33.6272,0,98,78,77,2485,1000,5.03252,271,6.08296,0.000106812,0,4441,42198792849
230.936,4.33021,32.834,0,98,78,77,2485,1000,5.03252,271,6.0841,0.000106812,0,4448,42302881351
169.198,5.91022,32.834,0,98,78,77,2485,1000,5.03252,271,6.0841,0.000106812,0,4448,42407348662
187.512,5.33298,32.834,0,98,78,77,2485,1000,5.03252,271,6.0841,0.000106812,0,4448,42511425512
223.489,4.4745,32.834,0,98,78,77,2485,1000,5.03252,271,6.0841,0.000106812,0,4448,42615504475
166.944,5.99003,32.834,0,98,78,77,2485,1000,5.03252,271,6.0841,0.000106812,0,4448,42719593417
195.135,5.12466,32.6658,0,98,78,77,2477,1000,5.04033,271,6.07616,0.000106812,0,4445,42823683121
200.121,4.99699,32.6658,0,98,78,77,2477,1000,5.04033,271,6.07616,0.000106812,0,4445,42927934918
202.329,4.94244,32.6658,0,98,78,77,2477,1000,5.04033,271,6.07616,0.000106812,0,4445,43032014392
151.141,6.61634,32.6658,0,98,78,77,2477,1000,5.04033,271,6.07616,0.000106812,0,4445,43136107312
197.167,5.07184,32.6658,0,98,78,77,2477,1000,5.04033,271,6.07616,0.000106812,0,4445,43240207034
265.793,3.76233,33.2497,0,98,78,77,2478,1000,5.03252,271,6.07177,0.000106812,0,4441,43344292861
167.26,5.9787,33.2497,0,98,78,77,2478,1000,5.03252,271,6.07177,0.000106812,0,4441,43448380069
190.539,5.24827,33.2497,0,98,78,77,2478,1000,5.03252,271,6.07177,0.000106812,0,4441,43552456157
264.395,3.78222,33.2497,0,98,78,77,2478,1000,5.03252,271,6.07177,0.000106812,0,4441,43656531704
174.186,5.741,33.6671,0,98,78,77,2479,1000,5.03252,271,6.08812,0.000106812,0,4441,43760815281
169.091,5.91399,33.6671,0,98,78,77,2479,1000,5.03252,271,6.08812,0.000106812,0,4441,43864896128
178.457,5.60361,33.6671,0,98,78,77,2479,1000,5.03252,271,6.08812,0.000106812,0,4441,43968974951
214.263,4.66717,33.6671,0,98,78,77,2479,1000,5.03252,271,6.08812,0.000106812,0,4441,44073057662
158.623,6.30424,33.6671,0,98,78,77,2479,1000,5.03252,271,6.08812,0.000106812,0,4441,44177322694
182.691,5.47373,32.3714,0,98,78,77,2474,1000,5.03349,271,6.08788,0.000106812,0,4441,44281388783
176.788,5.65649,32.3714,0,98,78,77,2474,1000,5.03349,271,6.08788,0.000106812,0,4441,44385477144
172.727,5.78947,32.3714,0,98,78,77,2474,1000,5.03349,271,6.08788,0.000106812,0,4441,44489554134
159.27,6.27866,32.3714,0,98,78,77,2474,1000,5.03349,271,6.08788,0.000106812,0,4441,44593780704
192.123,5.205,32.3714,0,98,78,77,2474,1000,5.03349,271,6.08788,0.000106812,0,4441,44697871951
191.866,5.21198,31.3283,0,98,78,77,2476,1000,5.04033,271,6.09959,0.000106812,0,4441,44801961293
156.142,6.40441,31.3283,0,98,78,77,2476,1000,5.04033,271,6.09959,0.000106812,0,4441,44906040016
213.791,4.67747,31.3283,0,98,78,77,2476,1000,5.04033,271,6.09959,0.000106812,0,4441,45010090476
257.35,3.88577,31.3283,0,98,78,77,2476,1000,5.04033,271,6.09959,0.000106812,0,4441,45114175201
171.027,5.84703,31.3283,0,98,78,77,2476,1000,5.04033,271,6.09959,0.000106812,0,4441,45218255286
161.081,6.20806,32.1739,0,98,78,77,2470,1000,5.03252,271,6.1059,0.000106812,0,4447,45322600398
157.769,6.33836,32.1739,0,98,78,77,2470,1000,5.03252,271,6.1059,0.000106812,0,4447,45426679171
190.519,5.24882,32.1739,0,98,78,77,2470,1000,5.03252,271,6.1059,0.000106812,0,4447,45530761140
189.425,5.27915,32.1739,0,98,78,77,2470,1000,5.03252,271,6.1059,0.000106812,0,4447,45634849602
177.072,5.64743,32.1739,0,98,78,77,2470,1000,5.03252,271,6.1059,0.000106812,0,4447,45738940207
171.971,5.81492,32.3786,0,98,78,77,2480,1000,5.03642,271,6.10216,0.000106812,0,4438,45843017146
229.849,4.35069,32.3786,0,98,78,77,2480,1000,5.03642,271,6.10216,0.000106812,0,4438,45947681568
202.572,4.93651,32.3786,0,98,78,77,2480,1000,5.03642,271,6.10216,0.000106812,0,4438,46051757495
179.178,5.58104,32.3786,0,98,78,77,2480,1000,5.03642,271,6.10216,0.000106812,0,4438,46155836278
171.494,5.8311,32.3786,0,98,78,77,2480,1000,5.03642,271,6.10216,0.000106812,0,4438,46259916855
203.167,4.92207,32.2222,0,98,78,77,2474,1000,5.03252,271,6.10215,0.000106812,0,4446,46364004114
172.53,5.7961,32.2222,0,98,78,77,2474,1000,5.03252,271,6.10215,0.000106812,0,4446,46468390033
148.762,6.72214,32.2222,0,98,78,77,2474,1000,5.03252,271,6.10215,0.000106812,0,4446,46572471010
165.429,6.0449,32.2222,0,98,78,77,2474,1000,5.03252,271,6.10215,0.000106812,0,4446,46676512443
173.089,5.77736,32.5786,0,98,78,77,2465,1000,5.03252,271,6.11681,0.000106812,0,4441,46780590314
191.06,5.23396,32.5786,0,98,78,77,2465,1000,5.03252,271,6.11681,0.000106812,0,4441,46884671902
182.24,5.48726,32.5786,0,98,78,77,2465,1000,5.03252,271,6.11681,0.000106812,0,4441,46988751497
145.77,6.86011,32.5786,0,98,78,77,2465,1000,5.03252,271,6.11681,0.000106812,0,4441,47092842683
199.656,5.00861,32.5786,0,98,78,77,2465,1000,5.03252,271,6.11681,0.000106812,0,4441,47196920535
196.638,5.08549,31.7897,0,98,78,77,2465,1000,5.03252,271,6.11528,0.000106812,0,4441,47301000039
175.932,5.68403,31.7897,0,98,78,77,2465,1000,5.03252,271,6.11528,0.000106812,0,4441,47405140518
177.33,5.6392,31.7897,0,98,78,77,2465,1000,5.03252,271,6.11528,0.000106812,0,4441,47509217467
185.713,5.38464,31.7897,0,98,78,77,2465,1000,5.03252,271,6.11528,0.000106812,0,4441,47613297102
139.427,7.1722,31.7897,0,98,78,77,2465,1000,5.03252,271,6.11528,0.000106812,0,4441,47717338224
154.454,6.47441,31.0474,0,99,78,77,2471,1000,5.03252,271,6.11621,0.000106812,0,4441,47821417649
129.637,7.71384,31.0474,0,99,78,77,2471,1000,5.03252,271,6.11621,0.000106812,0,4441,47925506501
150.729,6.63442,31.0474,0,99,78,77,2471,1000,5.03252,271,6.11621,0.000106812,0,4441,48029586907
178.258,5.60986,31.0474,0,99,78,77,2471,1000,5.03252,271,6.11621,0.000106812,0,4441,48133692941
153.015,6.53532,31.0474,0,99,78,77,2471,1000,5.03252,271,6.11621,0.000106812,0,4441,48237772595
173.895,5.75061,31.1801,0,98,78,77,2486,1000,5.03252,271,6.10286,0.000106812,0,4441,48341852581
197.249,5.06975,31.1801,0,98,78,77,2486,1000,5.03252,271,6.10286,0.000106812,0,4441,48447051885
169.546,5.89809,31.1801,0,98,78,77,2486,1000,5.03252,271,6.10286,0.000106812,0,4441,48551130738
175.397,5.70134,31.1801,0,98,78,77,2486,1000,5.03252,271,6.10286,0.000106812,0,4441,48655488243
178.064,5.61597,31.1801,0,98,78,77,2486,1000,5.03252,271,6.10286,0.000106812,0,4441,48759570633
143.453,6.97092,32.6683,0,99,78,77,2483,1000,5.03252,271,6.09108,0.000106812,0,4441,48865123791
144.796,6.90626,32.6683,0,99,78,77,2483,1000,5.03252,271,6.09108,0.000106812,0,4441,48969203455
144.218,6.93396,32.6683,0,99,78,77,2483,1000,5.03252,271,6.09108,0.000106812,0,4441,49073291886
172.937,5.78245,32.6683,0,99,78,77,2483,1000,5.03252,271,6.09108,0.000106812,0,4441,49177388994
183.231,5.45758,32.6683,0,99,78,77,2483,1000,5.03252,271,6.09108,0.000106812,0,4441,49281476353
175.624,5.69398,36.646,0,98,78,77,2499,1000,5.03252,271,6.13386,0.000106812,0,4435,49385554585
174.328,5.73631,36.646,0,98,78,77,2499,1000,5.03252,271,6.13386,0.000106812,0,4435,49489632246
167.49,5.97051,36.646,0,98,78,77,2499,1000,5.03252,271,6.13386,0.000106812,0,4435,49593969323
171.834,5.81958,36.646,0,98,78,77,2499,1000,5.03252,271,6.13386,0.000106812,0,4435,49698040131
171.947,5.81573,36.646,0,98,78,77,2499,1000,5.03252,271,6.13386,0.000106812,0,4435,49802098696
175.092,5.71127,37.764,0,98,78,77,2495,1000,5.03254,271,6.12534,0.000106812,0,4441,49906179253
166.134,6.01923,37.764,0,98,78,77,2495,1000,5.03254,271,6.12534,0.000106812,0,4441,50010259549
157.681,6.34193,37.764,0,98,78,77,2495,1000,5.03254,271,6.12534,0.000106812,0,4441,50114355684
176.747,5.65782,37.764,0,98,78,77,2495,1000,5.03254,271,6.12534,0.000106812,0,4441,50218443194
157.552,6.34713,39.0547,0,98,79,77,2490,1000,5.03252,271,6.11649,0.000106812,0,4441,50322514603
179.823,5.56102,39.0547,0,98,79,77,2490,1000,5.03252,271,6.11649,0.000106812,0,4441,50426606501
164.363,6.0841,39.0547,0,98,79,77,2490,1000,5.03252,271,6.11649,0.000106812,0,4441,50530685544
148.03,6.75537,39.0547,0,98,79,77,2490,1000,5.03252,271,6.11649,0.000106812,0,4441,50634765259
159.045,6.28752,39.0547,0,98,79,77,2490,1000,5.03252,271,6.11649,0.000106812,0,4441,50738865362
161.519,6.19124,39.5755,0,99,79,77,2493,1000,5.03252,271,6.12857,0.000106812,0,4441,50842956318
193.441,5.16954,39.5755,0,99,79,77,2493,1000,5.03252,271,6.12857,0.000106812,0,4441,50947027687
167.923,5.95509,39.5755,0,99,79,77,2493,1000,5.03252,271,6.12857,0.000106812,0,4441,51051110177
196.621,5.08593,39.5755,0,99,79,77,2493,1000,5.03252,271,6.12857,0.000106812,0,4441,51155192036
186.387,5.36519,39.5755,0,99,79,77,2493,1000,5.03252,271,6.12857,0.000106812,0,4441,51259298090
159.688,6.26222,38.2206,0,99,79,77,2491,1000,5.03252,271,6.12715,0.000106812,0,4449,51363384698
174.238,5.73928,38.2206,0,99,79,77,2491,1000,5.03252,271,6.12715,0.000106812,0,4449,51467465314
126.676,7.89416,38.2206,0,99,79,77,2491,1000,5.03252,271,6.12715,0.000106812,0,4449,51571553785
153.66,6.50788,38.2206,0,99,79,77,2491,1000,5.03252,271,6.12715,0.000106812,0,4449,51675925938
65.4079,15.2887,38.2206,0,99,79,77,2491,1000,5.03252,271,6.12715,0.000106812,0,4449,51780007877
72.7676,13.7424,42.8571,0,92,79,77,1462,1000,5.28252,264,6.15838,0.000106812,0,4441,51884111748
76.2317,13.1179,42.8571,0,92,79,77,1462,1000,5.28252,264,6.15838,0.000106812,0,4441,51988196832
79.3704,12.5992,42.8571,0,92,79,77,1462,1000,5.28252,264,6.15838,0.000106812,0,4441,52092280935
81.4751,12.2737,42.8571,0,92,79,77,1462,1000,5.28252,264,6.15838,0.000106812,0,4441,52196392310
81.4685,12.2747,42.8571,0,92,79,77,1462,1000,5.28252,264,6.15838,0.000106812,0,4441,52300483386
60.4575,16.5405,42.2466,0,92,79,77,1462,1000,5.28252,264,6.1771,0.000106812,0,4441,52404755020
74.1487,13.4864,42.2466,0,92,79,77,1462,1000,5.28252,264,6.1771,0.000106812,0,4441,52510360095
76.8361,13.0147,42.2466,0,92,79,77,1462,1000,5.28252,264,6.1771,0.000106812,0,4441,52614478242
77.0217,12.9834,42.2466,0,92,79,77,1462,1000,5.28252,264,6.1771,0.000106812,0,4441,52718562866
80.8312,12.3715,42.2466,0,92,79,77,1462,1000,5.28252,264,6.1771,0.000106812,0,4441,52822678478
105.204,9.50533,44.8954,0,70,79,74,1340,1000,5.28252,126,6.21099,0.000106812,0,4441,52926787167
117.97,8.4767,44.8954,0,70,79,74,1340,1000,5.28252,126,6.21099,0.000106812,0,4441,53030952001
214.669,4.65834,44.8954,0,70,79,74,1340,1000,5.28252,126,6.21099,0.000106812,0,4441,53135005427
117.719,8.4948,44.8954,0,70,79,74,1340,1000,5.28252,126,6.21099,0.000106812,0,4441,53239094980
123.242,8.11414,44.8954,0,70,79,74,1340,1000,5.28252,126,6.21099,0.000106812,0,4441,53343547895
158.591,6.30553,41.206,0,73,79,73,1626,1000,5.29034,108,6.20591,0.000106812,0,4420,53447667264
181.9,5.49753,41.206,0,73,79,73,1626,1000,5.29034,108,6.20591,0.000106812,0,4420,53551759252
135.368,7.38729,41.206,0,73,79,73,1626,1000,5.29034,108,6.20591,0.000106812,0,4420,53655853193
147.729,6.76915,41.206,0,73,79,73,1626,1000,5.29034,108,6.20591,0.000106812,0,4420,53759949188
174.146,5.74232,35.019,0,93,79,75,2445,1000,5.28253,241,6.20639,0.000106812,0,4416,53863997755
142.717,7.0069,35.019,0,93,79,75,2445,1000,5.28253,241,6.20639,0.000106812,0,4416,53968076167
141.874,7.04848,35.019,0,93,79,75,2445,1000,5.28253,241,6.20639,0.000106812,0,4416,54072159298
160.15,6.24415,35.019,0,93,79,75,2445,1000,5.28253,241,6.20639,0.000106812,0,4416,54176242179
161.173,6.20452,35.019,0,93,79,75,2445,1000,5.28253,241,6.20639,0.000106812,0,4416,54280333556
101.072,9.8939,37.8412,0,99,79,76,2444,1000,5.28253,271,6.3165,0.000106812,0,4442,54384787272
158.005,6.32893,37.8412,0,99,79,76,2444,1000,5.28253,271,6.3165,0.000106812,0,4442,54488889639
161.782,6.18116,37.8412,0,99,79,76,2444,1000,5.28253,271,6.3165,0.000106812,0,4442,54592978200
169.122,5.91289,37.8412,0,99,79,76,2444,1000,5.28253,271,6.3165,0.000106812,0,4442,54697072082
158.384,6.31379,37.8412,0,99,79,76,2444,1000,5.28253,271,6.3165,0.000106812,0,4442,54801102484
148.775,6.72155,42.2167,0,94,79,76,2496,1000,5.53253,250,6.27089,0.000106812,0,4441,54905184393
165.078,6.05775,42.2167,0,94,79,76,2496,1000,5.53253,250,6.27089,0.000106812,0,4441,55009267644
166.853,5.99332,42.2167,0,94,79,76,2496,1000,5.53253,250,6.27089,0.000106812,0,4441,55113924521
200.569,4.98582,42.2167,0,94,79,76,2496,1000,5.53253,250,6.27089,0.000106812,0,4441,55218010267
188.27,5.31153,42.2167,0,94,79,76,2496,1000,5.53253,250,6.27089,0.000106812,0,4441,55322103788
253.787,3.94031,40.0749,0,93,79,76,2489,1000,5.53253,252,6.27162,0.000106812,0,4439,55426190516
164.072,6.09489,40.0749,0,93,79,76,2489,1000,5.53253,252,6.27162,0.000106812,0,4439,55530271573
179.623,5.56721,40.0749,0,93,79,76,2489,1000,5.53253,252,6.27162,0.000106812,0,4439,55634354394
171.952,5.81556,40.0749,0,93,79,76,2489,1000,5.53253,252,6.27162,0.000106812,0,4439,55738446312
151.226,6.61261,40.0749,0,93,79,76,2489,1000,5.53253,252,6.27162,0.000106812,0,4439,55842529222
182.806,5.47027,36.8421,0,98,79,77,2455,1000,5.53253,271,6.25453,0.000106812,0,4441,55946620669
195.4,5.1177,36.8421,0,98,79,77,2455,1000,5.53253,271,6.25453,0.000106812,0,4441,56050711826
190.33,5.25403,36.8421,0,98,79,77,2455,1000,5.53253,271,6.25453,0.000106812,0,4441,56154801860
150.934,6.62541,36.8421,0,98,79,77,2455,1000,5.53253,271,6.25453,0.000106812,0,4441,56258886614
165.895,6.02789,36.8421,0,98,79,77,2455,1000,5.53253,271,6.25453,0.000106812,0,4441,56362981046
165.66,6.03645,38.166,0,97,79,77,2501,1000,5.53253,263,6.26735,0.000106812,0,4441,56467056894
183.818,5.44017,38.166,0,97,79,77,2501,1000,5.53253,263,6.26735,0.000106812,0,4441,56571333358
176.861,5.65416,38.166,0,97,79,77,2501,1000,5.53253,263,6.26735,0.000106812,0,4441,56675485548
200.854,4.97874,38.166,0,97,79,77,2501,1000,5.53253,263,6.26735,0.000106812,0,4441,56779583547
175.703,5.69143,36.3975,0,97,79,77,2501,1000,5.53253,263,6.28175,0.000106812,0,4430,56883665546
160.603,6.22654,36.3975,0,97,79,77,2501,1000,5.53253,263,6.28175,0.000106812,0,4430,56988078446
164.469,6.08018,36.3975,0,97,79,77,2501,1000,5.53253,263,6.28175,0.000106812,0,4430,57092171185
160.162,6.24368,36.3975,0,97,79,77,2501,1000,5.53253,263,6.28175,0.000106812,0,4430,57196258855
153.523,6.51367,36.3975,0,97,79,77,2501,1000,5.53253,263,6.28175,0.000106812,0,4430,57300337768
161.113,6.20682,34.2466,0,98,79,77,2442,1000,5.55174,271,6.24631,0.000106812,0,4452,57404923962
146.059,6.84655,34.2466,0,98,79,77,2442,1000,5.55174,271,6.24631,0.000106812,0,4452,57508970335
221.432,4.51606,34.2466,0,98,79,77,2442,1000,5.55174,271,6.24631,0.000106812,0,4452,57613609138
176.107,5.67836,34.2466,0,98,79,77,2442,1000,5.55174,271,6.24631,0.000106812,0,4452,57717704091
158.636,6.30375,34.2466,0,98,79,77,2442,1000,5.55174,271,6.24631,0.000106812,0,4452,57821865289
175.638,5.69351,32.963,0,96,78,77,2457,1000,5.55174,264,6.24714,0.000106812,0,4441,57925945194
180.491,5.54046,32.963,0,96,78,77,2457,1000,5.55174,264,6.24714,0.000106812,0,4441,58030358053
138.556,7.21728,32.963,0,96,78,77,2457,1000,5.55174,264,6.24714,0.000106812,0,4441,58134447667
163.618,6.11181,32.963,0,96,78,77,2457,1000,5.55174,264,6.24714,0.000106812,0,4441,58238527872
207.494,4.81941,32.963,0,96,78,77,2457,1000,5.55174,264,6.24714,0.000106812,0,4441,58342609681
153.57,6.51169,31.7618,0,99,78,77,2466,1000,5.53253,271,6.22322,0.000106812,0,4449,58446697070
172.161,5.80851,31.7618,0,99,78,77,2466,1000,5.53253,271,6.22322,0.000106812,0,4449,58550775493
172.143,5.80913,31.7618,0,99,78,77,2466,1000,5.53253,271,6.22322,0.000106812,0,4449,58654855197
167.157,5.98239,31.7618,0,99,78,77,2466,1000,5.53253,271,6.22322,0.000106812,0,4449,58758933980
172.443,5.79903,31.7618,0,99,78,77,2466,1000,5.53253,271,6.22322,0.000106812,0,4449,58864682634
210.788,4.74411,30.7116,0,99,78,77,2468,1000,5.53253,271,6.22356,0.000106812,0,4441,58968769633
167.1,5.98443,30.7116,0,99,78,77,2468,1000,5.53253,271,6.22356,0.000106812,0,4441,59072860398
147.585,6.77576,30.7116,0,99,78,77,2468,1000,5.53253,271,6.22356,0.000106812,0,4441,59176947697
178.913,5.5893,30.7116,0,99,78,77,2468,1000,5.53253,271,6.22356,0.000106812,0,4441,59281026400
164.996,6.06076,30.7116,0,99,78,77,2468,1000,5.53253,271,6.22356,0.000106812,0,4441,59385104031
173.29,5.77068,31.0302,0,99,78,77,2474,1000,5.533,271,6.20325,0.000106812,0,4441,59489943520
195.758,5.10834,31.0302,0,99,78,77,2474,1000,5.533,271,6.20325,0.000106812,0,4441,59594030869
172.944,5.78222,31.0302,0,99,78,77,2474,1000,5.533,271,6.20325,0.000106812,0,4441,59698115113
171.719,5.82348,31.0302,0,99,78,77,2474,1000,5.533,271,6.20325,0.000106812,0,4441,59802192213
203.005,4.926,31.3283,0,99,78,77,2478,1000,5.53253,271,6.2042,0.000106812,0,4429,59906767066
157.634,6.34382,31.3283,0,99,78,77,2478,1000,5.53253,271,6.2042,0.000106812,0,4429,60010846239
177.692,5.62773,31.3283,0,99,78,77,2478,1000,5.53253,271,6.2042,0.000106812,0,4429,60114923720
161.124,6.2064,31.3283,0,99,78,77,2478,1000,5.53253,271,6.2042,0.000106812,0,4429,60219015067
160.419,6.23367,31.3283,0,99,78,77,2478,1000,5.53253,271,6.2042,0.000106812,0,4429,60323179701
201.459,4.96379,31.3358,0,99,78,77,2478,1000,5.53253,271,6.19748,0.000106812,0,4444,60427268983
168.048,5.95069,31.3358,0,99,78,77,2478,1000,5.53253,271,6.19748,0.000106812,0,4444,60531492848
222.891,4.48649,31.3358,0,99,78,77,2478,1000,5.53253,271,6.19748,0.000106812,0,4444,60635577643
238.941,4.18514,31.3358,0,99,78,77,2478,1000,5.53253,271,6.19748,0.000106812,0,4444,60739965004
263.283,3.7982,31.3358,0,99,78,77,2478,1000,5.53253,271,6.19748,0.000106812,0,4444,60844045030
167.86,5.95733,32.3821,0,99,78,77,2478,1000,5.53448,271,6.14334,0.000106812,0,4441,60948129594
192.541,5.19369,32.3821,0,99,78,77,2478,1000,5.53448,271,6.14334,0.000106812,0,4441,61052208998
189.633,5.27335,32.3821,0,99,78,77,2478,1000,5.53448,271,6.14334,0.000106812,0,4441,61156287130
179.865,5.55972,32.3821,0,99,78,77,2478,1000,5.53448,271,6.14334,0.000106812,0,4441,61260364841
181.472,5.51049,32.3821,0,99,78,77,2478,1000,5.53448,271,6.14334,0.000106812,0,4441,61364441610
178.336,5.60739,32.7478,0,99,78,77,2479,1000,5.53253,271,6.13321,0.000106812,0,4428,61468723624
169.916,5.88526,32.7478,0,99,78,77,2479,1000,5.53253,271,6.13321,0.000106812,0,4428,61572814570
172.723,5.78961,32.7478,0,99,78,77,2479,1000,5.53253,271,6.13321,0.000106812,0,4428,61677201160
213.953,4.67391,32.7478,0,99,78,77,2479,1000,5.53253,271,6.13321,0.000106812,0,4428,61781284171
194.589,5.13904,32.7478,0,99,78,77,2479,1000,5.53253,271,6.13321,0.000106812,0,4428,61885367453
173.953,5.74868,32.8715,0,99,79,77,2479,1000,5.53253,271,6.13106,0.000106812,0,4416,61989445995
184.533,5.41908,32.8715,0,99,79,77,2479,1000,5.53253,271,6.13106,0.000106812,0,4416,62093532072
174.481,5.7313,32.8715,0,99,79,77,2479,1000,5.53253,271,6.13106,0.000106812,0,4416,62197611957
167.983,5.95298,32.8715,0,99,79,77,2479,1000,5.53253,271,6.13106,0.000106812,0,4416,62301705908
209.896,4.76427,32.8715,0,99,79,77,2479,1000,5.53253,271,6.13106,0.000106812,0,4416,62405787076
209.463,4.77412,33.2919,0,98,79,77,2477,1000,5.53253,271,6.13025,0.000106812,0,4433,62509878232
200.109,4.99728,33.2919,0,98,79,77,2477,1000,5.53253,271,6.13025,0.000106812,0,4433,62613969579
205.776,4.85965,33.2919,0,98,79,77,2477,1000,5.53253,271,6.13025,0.000106812,0,4433,62718049224
181.391,5.51297,33.2919,0,98,79,77,2477,1000,5.53253,271,6.13025,0.000106812,0,4433,62822131383
187.896,5.32209,32.625,0,98,79,77,2475,1000,5.53253,271,6.12857,0.000106812,0,4441,62926468771
171.676,5.82494,32.625,0,98,79,77,2475,1000,5.53253,271,6.12857,0.000106812,0,4441,63030555920
179.012,5.5862,32.625,0,98,79,77,2475,1000,5.53253,271,6.12857,0.000106812,0,4441,63134634853
177.399,5.63702,32.625,0,98,79,77,2475,1000,5.53253,271,6.12857,0.000106812,0,4441,63239715665
167.649,5.96483,32.625,0,98,79,77,2475,1000,5.53253,271,6.12857,0.000106812,0,4441,63343799728
207.576,4.8175,32.1696,0,99,79,77,2470,1000,5.53253,271,6.12857,0.000106812,0,4445,63448018804
175.681,5.69213,32.1696,0,99,79,77,2470,1000,5.53253,271,6.12857,0.000106812,0,4445,63552101955
192.142,5.20448,32.1696,0,99,79,77,2470,1000,5.53253,271,6.12857,0.000106812,0,4445,63656316593
172.898,5.78375,32.1696,0,99,79,77,2470,1000,5.53253,271,6.12857,0.000106812,0,4445,63760394644
145.837,6.85696,32.1696,0,99,79,77,2470,1000,5.53253,271,6.12857,0.000106812,0,4445,63865345803
143.278,6.97945,32.834,0,98,79,77,2474,1000,5.53253,271,6.12984,0.000106812,0,4436,63969428063
179.939,5.55744,32.834,0,98,79,77,2474,1000,5.53253,271,6.12984,0.000106812,0,4436,64073511805
154.095,6.4895,32.834,0,98,79,77,2474,1000,5.53253,271,6.12984,0.000106812,0,4436,64177656491
198.587,5.03557,32.834,0,98,79,77,2474,1000,5.53253,271,6.12984,0.000106812,0,4436,64281747558
220.857,4.52782,32.834,0,98,79,77,2474,1000,5.53253,271,6.12984,0.000106812,0,4436,64385827863
170.86,5.85274,31.5985,0,98,79,77,2456,1000,5.533,271,6.12909,0.000106812,0,4441,64490087736
167.488,5.97059,31.5985,0,98,79,77,2456,1000,5.533,271,6.12909,0.000106812,0,4441,64594180505
164.875,6.06521,31.5985,0,98,79,77,2456,1000,5.533,271,6.12909,0.000106812,0,4441,64698263847
155.858,6.4161,31.5985,0,98,79,77,2456,1000,5.533,271,6.12909,0.000106812,0,4441,64803656734
193.243,5.17483,31.5985,0,98,79,77,2456,1000,5.533,271,6.12909,0.000106812,0,4441,64907739915
184.387,5.42337,32.4627,0,98,79,77,2453,1000,5.533,271,6.12904,0.000106812,0,4443,65011829619
172.437,5.79922,32.4627,0,98,79,77,2453,1000,5.533,271,6.12904,0.000106812,0,4443,65115891851
211.322,4.73212,32.4627,0,98,79,77,2453,1000,5.533,271,6.12904,0.000106812,0,4443,65219975924
216.945,4.60947,32.4627,0,98,79,77,2453,1000,5.533,271,6.12904,0.000106812,0,4443,65324055648
158.434,6.31176,31.407,0,98,78,77,2448,1000,5.53253,271,6.12904,0.000106812,0,4441,65428610744
131.541,7.60218,31.407,0,98,78,77,2448,1000,5.53253,271,6.12904,0.000106812,0,4441,65532686432
167.646,5.96496,31.407,0,98,78,77,2448,1000,5.53253,271,6.12904,0.000106812,0,4441,65636772979
150.565,6.64165,31.407,0,98,78,77,2448,1000,5.53253,271,6.12904,0.000106812,0,4441,65740852243
154.709,6.46374,31.407,0,98,78,77,2448,1000,5.53253,271,6.12904,0.000106812,0,4441,65845652419
144.054,6.94182,31.211,0,98,78,77,2467,1000,5.53253,271,6.11776,0.000106812,0,4441,65949745589
167.531,5.96904,31.211,0,98,78,77,2467,1000,5.53253,271,6.11776,0.000106812,0,4441,66053800617
158.455,6.31095,31.211,0,98,78,77,2467,1000,5.53253,271,6.11776,0.000106812,0,4441,66157878368
147.134,6.79651,31.211,0,98,78,77,2467,1000,5.53253,271,6.11776,0.000106812,0,4441,66262596981
152.568,6.55447,31.211,0,98,78,77,2467,1000,5.53253,271,6.11776,0.000106812,0,4441,66366687977
173.361,5.76831,30.9524,0,99,78,77,2472,1000,5.53253,271,6.12654,0.000106812,0,4441,66470767952
78.8154,12.6879,30.9524,0,99,78,77,2472,1000,5.53253,271,6.12654,0.000106812,0,4441,66576881320
165.406,6.04571,30.9524,0,99,78,77,2472,1000,5.53253,271,6.12654,0.000106812,0,4441,66680993896
184.636,5.41606,30.9524,0,99,78,77,2472,1000,5.53253,271,6.12654,0.000106812,0,4441,66785078641
200.996,4.97522,30.9524,0,99,78,77,2472,1000,5.53253,271,6.12654,0.000106812,0,4441,66889154328
231.882,4.31253,36.7041,0,99,79,77,2472,1000,5.53253,271,6.19077,0.000106812,0,4441,66993238441
197.912,5.05275,36.7041,0,99,79,77,2472,1000,5.53253,271,6.19077,0.000106812,0,4441,67097328245
211.21,4.73462,36.7041,0,99,79,77,2472,1000,5.53253,271,6.19077,0.000106812,0,4441,67201408320
194.919,5.13034,36.7041,0,99,79,77,2472,1000,5.53253,271,6.19077,0.000106812,0,4441,67305490289
199.89,5.00276,36.7041,0,99,79,77,2472,1000,5.53253,271,6.19077,0.000106812,0,4441,67409543935
189.305,5.28247,35.0374,0,95,79,77,2483,1000,5.78253,263,6.19048,0.000106812,0,4441,67513631384
161.683,6.18493,35.0374,0,95,79,77,2483,1000,5.78253,263,6.19048,0.000106812,0,4441,67618036098
162.039,6.17134,35.0374,0,95,79,77,2483,1000,5.78253,263,6.19048,0.000106812,0,4441,67722114130
156.665,6.38306,35.0374,0,95,79,77,2483,1000,5.78253,263,6.19048,0.000106812,0,4441,67826201489
181.205,5.51862,35.0374,0,95,79,77,2483,1000,5.78253,263,6.19048,0.000106812,0,4441,67930294870
162.983,6.13559,34.6299,0,99,79,77,2482,1000,5.78448,271,6.19048,0.000106812,0,4435,68034798780
244.564,4.08891,34.6299,0,99,79,77,2482,1000,5.78448,271,6.19048,0.000106812,0,4435,68138859058
186.148,5.37206,34.6299,0,99,79,77,2482,1000,5.78448,271,6.19048,0.000106812,0,4435,68242995599
160.572,6.22774,34.6299,0,99,79,77,2482,1000,5.78448,271,6.19048,0.000106812,0,4435,68347077057
139.05,7.19168,34.6202,0,98,79,77,2481,1000,5.78448,271,6.1912,0.000106812,0,4441,68451158445
177.615,5.63016,34.6202,0,98,79,77,2481,1000,5.78448,271,6.1912,0.000106812,0,4441,68555236978
203.28,4.91933,34.6202,0,98,79,77,2481,1000,5.78448,271,6.1912,0.000106812,0,4441,68659317134
156.545,6.38793,34.6202,0,98,79,77,2481,1000,5.78448,271,6.1912,0.000106812,0,4441,68763407208
201.374,4.96589,34.6202,0,98,79,77,2481,1000,5.78448,271,6.1912,0.000106812,0,4441,68867490219
180.637,5.53597,35.206,0,98,79,77,2479,1000,5.78253,271,6.1912,0.000106812,0,4441,68971589761
210.034,4.76114,35.206,0,98,79,77,2479,1000,5.78253,271,6.1912,0.000106812,0,4441,69075679244
150.239,6.65606,35.206,0,98,79,77,2479,1000,5.78253,271,6.1912,0.000106812,0,4441,69179759289
192.941,5.18292,35.206,0,98,79,77,2479,1000,5.78253,271,6.1912,0.000106812,0,4441,69283846989
153.394,6.51915,35.206,0,98,79,77,2479,1000,5.78253,271,6.1912,0.000106812,0,4441,69387926884
212.569,4.70436,34.5387,0,99,79,77,2481,1000,5.78253,271,6.1912,0.000106812,0,4442,69492012600
175.213,5.70735,34.5387,0,99,79,77,2481,1000,5.78253,271,6.1912,0.000106812,0,4442,69596108085
160.515,6.22996,34.5387,0,99,79,77,2481,1000,5.78253,271,6.1912,0.000106812,0,4442,69700431837
143.538,6.96677,34.5387,0,99,79,77,2481,1000,5.78253,271,6.1912,0.000106812,0,4442,69805115724
178.639,5.5979,34.5387,0,99,79,77,2481,1000,5.78253,271,6.1912,0.000106812,0,4442,69909199757
189.301,5.28259,34.125,0,99,79,77,2481,1000,5.78253,271,6.1912,0.000106812,0,4440,70013275835
180.792,5.53123,34.125,0,99,79,77,2481,1000,5.78253,271,6.1912,0.000106812,0,4440,70117352635
179.65,5.56638,34.125,0,99,79,77,2481,1000,5.78253,271,6.1912,0.000106812,0,4440,70221429915
172.404,5.80031,34.125,0,99,79,77,2481,1000,5.78253,271,6.1912,0.000106812,0,4440,70325581284
197.443,5.06476,34.125,0,99,79,77,2481,1000,5.78253,271,6.1912,0.000106812,0,4440,70429661550
182.506,5.47926,34.1584,0,98,79,77,2479,1000,5.78253,271,6.19064,0.000106812,0,4441,70533746505
198.387,5.04066,34.1584,0,98,79,77,2479,1000,5.78253,271,6.19064,0.000106812,0,4441,70638741726
172.504,5.79696,34.1584,0,98,79,77,2479,1000,5.78253,271,6.19064,0.000106812,0,4441,70742830628
184.91,5.40803,34.1584,0,98,79,77,2479,1000,5.78253,271,6.19064,0.000106812,0,4441,70846916204
159.087,6.28586,34.1584,0,98,79,77,2479,1000,5.78253,271,6.19064,0.000106812,0,4441,70951005877
167.703,5.96291,34.4486,0,99,79,77,2478,1000,5.78253,271,6.16792,0.000106812,0,4425,71055095400
162.747,6.14452,34.4486,0,99,79,77,2478,1000,5.78253,271,6.16792,0.000106812,0,4425,71159180956
226.333,4.41826,34.4486,0,99,79,77,2478,1000,5.78253,271,6.16792,0.000106812,0,4425,71263270639
166.3,6.01324,34.4486,0,99,79,77,2478,1000,5.78253,271,6.16792,0.000106812,0,4425,71367356526
165.164,6.05459,34.4486,0,99,79,77,2478,1000,5.78253,271,6.16792,0.000106812,0,4425,71471449465
164.04,6.09609,35.2795,0,98,79,77,2468,1000,5.78253,271,6.1573,0.000106812,0,4441,71575538207
168.569,5.93228,35.2795,0,98,79,77,2468,1000,5.78253,271,6.1573,0.000106812,0,4441,71679629023
160.687,6.22328,35.2795,0,98,79,77,2468,1000,5.78253,271,6.1573,0.000106812,0,4441,71783710140
177.762,5.62549,35.2795,0,98,79,77,2468,1000,5.78253,271,6.1573,0.000106812,0,4441,71887792380
166.26,6.01468,33.869,0,98,79,77,2468,1000,5.78253,271,6.1556,0.000106812,0,4441,71991885369
175.006,5.71409,33.869,0,98,79,77,2468,1000,5.78253,271,6.1556,0.000106812,0,4441,72095964122
171.315,5.83721,33.869,0,98,79,77,2468,1000,5.78253,271,6.1556,0.000106812,0,4441,72200052924
164.465,6.08033,33.869,0,98,79,77,2468,1000,5.78253,271,6.1556,0.000106812,0,4441,72304150002
180.171,5.55028,33.869,0,98,79,77,2468,1000,5.78253,271,6.1556,0.000106812,0,4441,72408437175
169.706,5.89254,32.005,0,99,79,77,2473,1000,5.78253,271,6.15577,0.000106812,0,4441,72512526067
191.865,5.21199,32.005,0,99,79,77,2473,1000,5.78253,271,6.15577,0.000106812,0,4441,72616613677
191.853,5.21232,32.005,0,99,79,77,2473,1000,5.78253,271,6.15577,0.000106812,0,4441,72721830744
117.148,8.53621,32.005,0,99,79,77,2473,1000,5.78253,271,6.15577,0.000106812,0,4441,72825952979
95.4501,10.4767,32.005,0,99,79,77,2473,1000,5.78253,271,6.15577,0.000106812,0,4441,72930033375
119.406,8.37482,36.6708,0,99,79,77,2477,1000,5.783,271,6.19622,0.000106812,0,4431,73034516366
135.158,7.39876,36.6708,0,99,79,77,2477,1000,5.783,271,6.19622,0.000106812,0,4431,73138605919
72.1579,13.8585,36.6708,0,99,79,77,2477,1000,5.783,271,6.19622,0.000106812,0,4431,73242694290
158.546,6.3073,36.6708,0,99,79,77,2477,1000,5.783,271,6.19622,0.000106812,0,4431,73346808509
218.035,4.58643,36.6708,0,99,79,77,2477,1000,5.783,271,6.19622,0.000106812,0,4431,73450889797
152.676,6.54983,38.3166,0,82,79,76,2326,1000,5.78253,205,6.20806,0.000106812,0,4440,73554969572
168.213,5.94486,38.3166,0,82,79,76,2326,1000,5.78253,205,6.20806,0.000106812,0,4440,73659030281
185.546,5.38949,38.3166,0,82,79,76,2326,1000,5.78253,205,6.20806,0.000106812,0,4440,73763109776
137.387,7.2787,38.3166,0,82,79,76,2326,1000,5.78253,205,6.20806,0.000106812,0,4440,73867139968
134.351,7.4432,38.3166,0,82,79,76,2326,1000,5.78253,205,6.20806,0.000106812,0,4440,73971219602
197.257,5.06953,40.1266,0,93,79,76,2504,1000,5.78253,242,6.20878,0.000106812,0,4417,74075299838
187.741,5.3265,40.1266,0,93,79,76,2504,1000,5.78253,242,6.20878,0.000106812,0,4417,74179384191
207.071,4.82926,40.1266,0,93,79,76,2504,1000,5.78253,242,6.20878,0.000106812,0,4417,74283473344
161.251,6.20153,40.1266,0,93,79,76,2504,1000,5.78253,242,6.20878,0.000106812,0,4417,74387561555
173.495,5.76387,42.0398,0,94,79,77,2464,1000,5.78253,266,6.24168,0.000106812,0,4419,74491647100
197.649,5.05947,42.0398,0,94,79,77,2464,1000,5.78253,266,6.24168,0.000106812,0,4419,74595746773
145.683,6.86423,42.0398,0,94,79,77,2464,1000,5.78253,266,6.24168,0.000106812,0,4419,74699796090
101.16,9.88529,42.0398,0,94,79,77,2464,1000,5.78253,266,6.24168,0.000106812,0,4419,74803900361
196.518,5.0886,42.0398,0,94,79,77,2464,1000,5.78253,266,6.24168,0.000106812,0,4419,74908009261
156.634,6.38433,40.875,0,95,79,77,1569,1000,5.78253,269,6.2221,0.000106812,0,4441,75012149589
176.023,5.68107,40.875,0,95,79,77,1569,1000,5.78253,269,6.2221,0.000106812,0,4441,75116236968
176.207,5.67514,40.875,0,95,79,77,1569,1000,5.78253,269,6.2221,0.000106812,0,4441,75220327544
202.92,4.92804,40.875,0,95,79,77,1569,1000,5.78253,269,6.2221,0.000106812,0,4441,75324472901
189.174,5.28613,40.875,0,95,79,77,1569,1000,5.78253,269,6.2221,0.000106812,0,4441,75428549390
161.287,6.20014,38.7856,0,97,79,77,2487,1000,5.78253,252,6.19886,0.000106812,0,4437,75532629155
180.412,5.54286,38.7856,0,97,79,77,2487,1000,5.78253,252,6.19886,0.000106812,0,4437,75636709862
143.741,6.95695,38.7856,0,97,79,77,2487,1000,5.78253,252,6.19886,0.000106812,0,4437,75740785789
44.4659,22.4892,38.7856,0,97,79,77,2487,1000,5.78253,252,6.19886,0.000106812,0,4437,75844870063
178.758,5.59415,38.7856,0,97,79,77,2487,1000,5.78253,252,6.19886,0.000106812,0,4437,75948959656
211.269,4.7333,40.7268,0,93,79,77,2520,1000,5.78253,261,6.19118,0.000106812,0,4432,76053062154
159.753,6.25966,40.7268,0,93,79,77,2520,1000,5.78253,261,6.19118,0.000106812,0,4432,76157143451
200.658,4.9836,40.7268,0,93,79,77,2520,1000,5.78253,261,6.19118,0.000106812,0,4432,76261232123
155.751,6.4205,40.7268,0,93,79,77,2520,1000,5.78253,261,6.19118,0.000106812,0,4432,76365312549
211.873,4.7198,40.7268,0,93,79,77,2520,1000,5.78253,261,6.19118,0.000106812,0,4432,76469399417
236.368,4.23069,39.7756,0,98,79,77,2488,1000,5.78253,269,6.19041,0.000106812,0,4441,76573481927
178.833,5.5918,39.7756,0,98,79,77,2488,1000,5.78253,269,6.19041,0.000106812,0,4441,76677580477
234.703,4.2607,39.7756,0,98,79,77,2488,1000,5.78253,269,6.19041,0.000106812,0,4441,76781660733
169.747,5.89114,39.7756,0,98,79,77,2488,1000,5.78253,269,6.19041,0.000106812,0,4441,76885746369
195.145,5.12439,39.7756,0,98,79,77,2488,1000,5.78253,269,6.19041,0.000106812,0,4441,76989837004
141.981,7.04319,40.8291,0,98,80,77,2488,1000,5.78253,269,6.19342,0.000106812,0,4440,77093926247
173.33,5.76933,40.8291,0,98,80,77,2488,1000,5.78253,269,6.19342,0.000106812,0,4440,77198005130
169.467,5.90086,40.8291,0,98,80,77,2488,1000,5.78253,269,6.19342,0.000106812,0,4440,77302084755
172.249,5.80556,40.8291,0,98,80,77,2488,1000,5.78253,269,6.19342,0.000106812,0,4440,77406177965
156.718,6.38089,39.6746,0,98,80,77,2489,1000,5.78253,271,6.1925,0.000106812,0,4440,77510266356
186.173,5.37136,39.6746,0,98,80,77,2489,1000,5.78253,271,6.1925,0.000106812,0,4440,77614357512
179.984,5.55606,39.6746,0,98,80,77,2489,1000,5.78253,271,6.1925,0.000106812,0,4440,77718435434
190.951,5.23696,39.6746,0,98,80,77,2489,1000,5.78253,271,6.1925,0.000106812,0,4440,77822523825
155.455,6.43274,39.6746,0,98,80,77,2489,1000,5.78253,271,6.1925,0.000106812,0,4440,77926608729
155.494,6.43113,40.0251,0,98,80,77,2495,1000,5.783,271,6.1925,0.000106812,0,4441,78030694005
187.561,5.33159,40.0251,0,98,80,77,2495,1000,5.783,271,6.1925,0.000106812,0,4441,78134766947
197.85,5.05434,40.0251,0,98,80,77,2495,1000,5.783,271,6.1925,0.000106812,0,4441,78238851741
150.515,6.64386,40.0251,0,98,80,77,2495,1000,5.783,271,6.1925,0.000106812,0,4441,78342937908
225.067,4.44312,40.0251,0,98,80,77,2495,1000,5.783,271,6.1925,0.000106812,0,4441,78447019085
182.995,5.46463,41.118,0,99,80,77,2501,1000,5.78253,271,6.19008,0.000106812,0,4426,78551104260
187.352,5.33755,41.118,0,99,80,77,2501,1000,5.78253,271,6.19008,0.000106812,0,4426,78655191690
171.819,5.82009,41.118,0,99,80,77,2501,1000,5.78253,271,6.19008,0.000106812,0,4426,78759271304
160.341,6.23671,41.118,0,99,80,77,2501,1000,5.78253,271,6.19008,0.000106812,0,4426,78863351751
166.866,5.99284,41.118,0,99,80,77,2501,1000,5.78253,271,6.19008,0.000106812,0,4426,78967432678
165.545,6.04065,39.477,0,98,80,77,2506,1000,5.78327,271,6.19003,0.000106812,0,4426,79071513444
163.677,6.10959,39.477,0,98,80,77,2506,1000,5.78327,271,6.19003,0.000106812,0,4426,79175599882
181.75,5.50208,39.477,0,98,80,77,2506,1000,5.78327,271,6.19003,0.000106812,0,4426,79279717267
171.713,5.82368,39.477,0,98,80,77,2506,1000,5.78327,271,6.19003,0.000106812,0,4426,79383799877
172.304,5.80368,39.477,0,98,80,77,2506,1000,5.78327,271,6.19003,0.000106812,0,4426,79488136664
187.952,5.3205,38.4519,0,98,80,77,2493,1000,5.783,271,6.18884,0.000106812,0,4441,79592262415
159.757,6.2595,38.4519,0,98,80,77,2493,1000,5.783,271,6.18884,0.000106812,0,4441,79696346478
140.378,7.12361,38.4519,0,98,80,77,2493,1000,5.783,271,6.18884,0.000106812,0,4441,79800427626
197.565,5.06163,38.4519,0,98,80,77,2493,1000,5.783,271,6.18884,0.000106812,0,4441,79904512861
198.72,5.03219,38.4519,0,98,80,77,2493,1000,5.783,271,6.18884,0.000106812,0,4441,80008591113
165.76,6.0328,39.653,0,99,80,77,2507,1000,5.78253,271,6.18763,0.000106812,0,4441,80112673793
173.436,5.76583,39.653,0,99,80,77,2507,1000,5.78253,271,6.18763,0.000106812,0,4441,80216741435
174.277,5.73801,39.653,0,99,80,77,2507,1000,5.78253,271,6.18763,0.000106812,0,4441,80320825909
210.913,4.74128,39.653,0,99,80,77,2507,1000,5.78253,271,6.18763,0.000106812,0,4441,80424912216
150.277,6.65439,39.653,0,99,80,77,2507,1000,5.78253,271,6.18763,0.000106812,0,4441,80529474275
180.237,5.54826,39.3939,0,99,80,77,2502,1000,5.78253,271,6.17859,0.000106812,0,4441,80633564440
168.423,5.93744,39.3939,0,99,80,77,2502,1000,5.78253,271,6.17859,0.000106812,0,4441,80737660565
175.263,5.70572,39.3939,0,99,80,77,2502,1000,5.78253,271,6.17859,0.000106812,0,4441,80841809420
201.654,4.959,39.3939,0,99,80,77,2502,1000,5.78253,271,6.17859,0.000106812,0,4441,80946282873
174.143,5.74242,39.9751,0,99,80,77,2508,1000,5.783,271,6.18224,0.000106812,0,4433,81050373789
213.338,4.68739,39.9751,0,99,80,77,2508,1000,5.783,271,6.18224,0.000106812,0,4433,81154674127
175.027,5.7134,39.9751,0,99,80,77,2508,1000,5.783,271,6.18224,0.000106812,0,4433,81258744564
200.71,4.98231,39.9751,0,99,80,77,2508,1000,5.783,271,6.18224,0.000106812,0,4433,81362832004
164.242,6.08856,39.9751,0,99,80,77,2508,1000,5.783,271,6.18224,0.000106812,0,4433,81466915726
146.416,6.82983,38.4131,0,98,80,77,2506,1000,5.78253,271,6.17764,0.000106812,0,4438,81571000861
162.807,6.14226,38.4131,0,98,80,77,2506,1000,5.78253,271,6.17764,0.000106812,0,4438,81675080866
214.287,4.66665,38.4131,0,98,80,77,2506,1000,5.78253,271,6.17764,0.000106812,0,4438,81779170089
204.278,4.89528,38.4131,0,98,80,77,2506,1000,5.78253,271,6.17764,0.000106812,0,4438,81883254202
193.696,5.16273,38.4131,0,98,80,77,2506,1000,5.78253,271,6.17764,0.000106812,0,4438,81987332083
178.555,5.60051,38.375,0,98,80,77,2501,1000,5.78253,271,6.17493,0.000106812,0,4422,82091414052
171.013,5.84749,38.375,0,98,80,77,2501,1000,5.78253,271,6.17493,0.000106812,0,4422,82195494008
171.872,5.81827,38.375,0,98,80,77,2501,1000,5.78253,271,6.17493,0.000106812,0,4422,82299577409
168.759,5.92562,38.375,0,98,80,77,2501,1000,5.78253,271,6.17493,0.000106812,0,4422,82403962457
163.156,6.12912,38.375,0,98,80,77,2501,1000,5.78253,271,6.17493,0.000106812,0,4422,82508061448
165.876,6.02859,39.7742,0,98,80,77,2501,1000,5.78253,271,6.17422,0.000106812,0,4437,82612205673
162.072,6.1701,39.7742,0,98,80,77,2501,1000,5.78253,271,6.17422,0.000106812,0,4437,82716814911
167.226,5.97992,39.7742,0,98,80,77,2501,1000,5.78253,271,6.17422,0.000106812,0,4437,82820898112
110.572,9.0439,39.7742,0,98,80,77,2501,1000,5.78253,271,6.17422,0.000106812,0,4437,82924986573
172.789,5.78742,39.7742,0,98,80,77,2501,1000,5.78253,271,6.17422,0.000106812,0,4437,83029069324
114.943,8.69997,40.399,0,98,80,77,2498,1000,5.76862,271,6.18534,0.000106812,0,4435,83133155771
136.948,7.30204,40.399,0,98,80,77,2498,1000,5.76862,271,6.18534,0.000106812,0,4435,83237265062
206.14,4.85108,40.399,0,98,80,77,2498,1000,5.76862,271,6.18534,0.000106812,0,4435,83341350487
165.851,6.02952,40.399,0,98,80,77,2498,1000,5.76862,271,6.18534,0.000106812,0,4435,83445442866
178.136,5.61368,39.9244,0,98,80,77,2501,1000,5.76788,271,6.18539,0.000106812,0,4438,83549538500
205.835,4.85827,39.9244,0,98,80,77,2501,1000,5.76788,271,6.18539,0.000106812,0,4438,83653637131
204.267,4.89555,39.9244,0,98,80,77,2501,1000,5.76788,271,6.18539,0.000106812,0,4438,83757703981
198.798,5.03022,39.9244,0,98,80,77,2501,1000,5.76788,271,6.18539,0.000106812,0,4438,83861792442
192.295,5.20035,39.9244,0,98,80,77,2501,1000,5.76788,271,6.18539,0.000106812,0,4438,83965871446
165.554,6.04034,39.7022,0,99,80,77,2503,1000,5.76788,271,6.18537,0.000106812,0,4441,84069950650
151.481,6.60147,39.7022,0,99,80,77,2503,1000,5.76788,271,6.18537,0.000106812,0,4441,84174042056
205.213,4.873,39.7022,0,99,80,77,2503,1000,5.76788,271,6.18537,0.000106812,0,4441,84278123314
197.182,5.07146,39.7022,0,99,80,77,2503,1000,5.76788,271,6.18537,0.000106812,0,4441,84382200274
200.437,4.9891,39.7022,0,99,80,77,2503,1000,5.76788,271,6.18537,0.000106812,0,4441,84486561687
196.241,5.09577,38.8543,0,98,80,77,2502,1000,5.76788,271,6.18608,0.000106812,0,4440,84590643315
171.534,5.82976,38.8543,0,98,80,77,2502,1000,5.76788,271,6.18608,0.000106812,0,4440,84694695348
166.4,6.0096,38.8543,0,98,80,77,2502,1000,5.76788,271,6.18608,0.000106812,0,4440,84798782216
175.807,5.68805,38.8543,0,98,80,77,2502,1000,5.76788,271,6.18608,0.000106812,0,4440,84902864255
152.433,6.56028,38.8543,0,98,80,77,2502,1000,5.76788,271,6.18608,0.000106812,0,4440,85006949591
160.248,6.24034,38.5661,0,98,80,78,2496,1000,5.76788,271,6.18605,0.000106812,0,4441,85111046578
168.795,5.92436,38.5661,0,98,80,78,2496,1000,5.76788,271,6.18605,0.000106812,0,4441,85215126142
197.988,5.0508,38.5661,0,98,80,78,2496,1000,5.76788,271,6.18605,0.000106812,0,4441,85319214143
213.719,4.67903,38.5661,0,98,80,78,2496,1000,5.76788,271,6.18605,0.000106812,0,4441,85425450832
169.081,5.91432,38.5661,0,98,80,78,2496,1000,5.76788,271,6.18605,0.000106812,0,4441,85529537229
177.288,5.64055,38.875,0,99,80,77,2497,1000,5.76788,271,6.18648,0.000106812,0,4427,85633623726
165.983,6.0247,38.875,0,99,80,77,2497,1000,5.76788,271,6.18648,0.000106812,0,4427,85737684896
165.29,6.04996,38.875,0,99,80,77,2497,1000,5.76788,271,6.18648,0.000106812,0,4427,85841762838
191.72,5.21593,38.875,0,99,80,77,2497,1000,5.76788,271,6.18648,0.000106812,0,4427,85945847632
149.217,6.70163,38.875,0,99,80,77,2497,1000,5.76788,271,6.18648,0.000106812,0,4427,86049931525
171.136,5.84331,38.875,0,99,80,77,2489,1000,5.76788,271,6.18672,0.000106812,0,4416,86154017652
168.867,5.9218,38.875,0,99,80,77,2489,1000,5.76788,271,6.18672,0.000106812,0,4416,86258100422
181.932,5.49656,38.875,0,99,80,77,2489,1000,5.76788,271,6.18672,0.000106812,0,4416,86362191037
198.513,5.03746,38.875,0,99,80,77,2489,1000,5.76788,271,6.18672,0.000106812,0,4416,86466273978
160.221,6.24136,38.875,0,99,80,77,2489,1000,5.76788,271,6.18672,0.000106812,0,4416,86570364573
181.654,5.50497,39.2547,0,98,80,77,2490,1000,5.76788,271,6.18891,0.000106812,0,4441,86674453866
150.805,6.63108,39.2547,0,98,80,77,2490,1000,5.76788,271,6.18891,0.000106812,0,4441,86778579066
172.777,5.78782,39.2547,0,98,80,77,2490,1000,5.76788,271,6.18891,0.000106812,0,4441,86882673038
184.939,5.40719,39.2547,0,98,80,77,2490,1000,5.76788,271,6.18891,0.000106812,0,4441,86986757161
171.462,5.83219,38.0051,0,98,80,77,2498,1000,5.76862,271,6.18752,0.000106812,0,4439,87090836775
185.087,5.40285,38.0051,0,98,80,77,2498,1000,5.76862,271,6.18752,0.000106812,0,4439,87194920227
155.927,6.41327,38.0051,0,98,80,77,2498,1000,5.76862,271,6.18752,0.000106812,0,4439,87299005513
171.152,5.84274,38.0051,0,98,80,77,2498,1000,5.76862,271,6.18752,0.000106812,0,4439,87403083163
198.787,5.0305,38.0051,0,98,80,77,2498,1000,5.76862,271,6.18752,0.000106812,0,4439,87507164191
167.903,5.95582,37.7972,0,98,80,77,2496,1000,5.76862,271,6.17538,0.000106812,0,4441,87611250468
173.786,5.75421,37.7972,0,98,80,77,2496,1000,5.76862,271,6.17538,0.000106812,0,4441,87715332888
221.988,4.50476,37.7972,0,98,80,77,2496,1000,5.76862,271,6.17538,0.000106812,0,4441,87819427791
206.182,4.85007,37.7972,0,98,80,77,2496,1000,5.76862,271,6.17538,0.000106812,0,4441,87923510632
199.568,5.01082,37.7972,0,98,80,77,2496,1000,5.76862,271,6.17538,0.000106812,0,4441,88027734106
233.727,4.27849,40.8922,0,98,80,77,2496,1000,5.76862,271,6.20286,0.000106812,0,4441,88132281468
183.595,5.44677,40.8922,0,98,80,77,2496,1000,5.76862,271,6.20286,0.000106812,0,4441,88236371852
173.173,5.77456,40.8922,0,98,80,77,2496,1000,5.76862,271,6.20286,0.000106812,0,4441,88340451387
167.599,5.96664,40.8922,0,98,80,77,2496,1000,5.76862,271,6.20286,0.000106812,0,4441,88444527695
215.178,4.64731,40.8922,0,98,80,77,2496,1000,5.76862,271,6.20286,0.000106812,0,4441,88548605567
234.699,4.26078,37.9924,0,98,80,77,2497,1000,5.76788,271,6.20298,0.000106812,0,4441,88652676515
188.397,5.30795,37.9924,0,98,80,77,2497,1000,5.76788,271,6.20298,0.000106812,0,4441,88756756901
169.411,5.90281,37.9924,0,98,80,77,2497,1000,5.76788,271,6.20298,0.000106812,0,4441,88860835644
179.658,5.56613,37.9924,0,98,80,77,2497,1000,5.76788,271,6.20298,0.000106812,0,4441,88964919677
193.061,5.1797,37.9924,0,98,80,77,2497,1000,5.76788,271,6.20298,0.000106812,0,4441,89069004251
161.487,6.19243,38.8957,0,99,80,78,2490,1000,5.76862,271,6.20298,0.000106812,0,4441,89173151352
224.666,4.45105,38.8957,0,99,80,78,2490,1000,5.76862,271,6.20298,0.000106812,0,4441,89277239793
170.476,5.86592,38.8957,0,99,80,78,2490,1000,5.76862,271,6.20298,0.000106812,0,4441,89381320680
229.8,4.35161,38.8957,0,99,80,78,2490,1000,5.76862,271,6.20298,0.000106812,0,4441,89485411305
180.37,5.54415,38.8957,0,99,80,78,2490,1000,5.76862,271,6.20298,0.000106812,0,4441,89589498704
189.366,5.28078,37.9012,0,99,80,77,2493,1000,5.76788,271,6.20322,0.000106812,0,4441,89694643196
190.712,5.2435,37.9012,0,99,80,77,2493,1000,5.76788,271,6.20322,0.000106812,0,4441,89798726998
210.166,4.75814,37.9012,0,99,80,77,2493,1000,5.76788,271,6.20322,0.000106812,0,4441,89902806342
202.891,4.92875,37.9012,0,99,80,77,2493,1000,5.76788,271,6.20322,0.000106812,0,4441,90006902828
194.136,5.15102,38.5661,0,98,80,78,2496,1000,5.76788,271,6.19556,0.000106812,0,4448,90111001208
166.597,6.00251,38.5661,0,98,80,78,2496,1000,5.76788,271,6.19556,0.000106812,0,4448,90215079901
170.899,5.8514,38.5661,0,98,80,78,2496,1000,5.76788,271,6.19556,0.000106812,0,4448,90319118278
215.793,4.63407,38.5661,0,98,80,78,2496,1000,5.76788,271,6.19556,0.000106812,0,4448,90423197081
201.782,4.95585,38.5661,0,98,80,78,2496,1000,5.76788,271,6.19556,0.000106812,0,4448,90527282226
199.761,5.00599,38.0299,0,98,80,78,2493,1000,5.76835,271,6.19621,0.000106812,0,4441,90631361941
175.037,5.71307,38.0299,0,98,80,78,2493,1000,5.76835,271,6.19621,0.000106812,0,4441,90735447226
198.338,5.0419,38.0299,0,98,80,78,2493,1000,5.76835,271,6.19621,0.000106812,0,4441,90839533443
181.881,5.49811,38.0299,0,98,80,78,2493,1000,5.76835,271,6.19621,0.000106812,0,4441,90943622496
188.207,5.31331,38.0299,0,98,80,78,2493,1000,5.76835,271,6.19621,0.000106812,0,4441,91047714343
182.428,5.48163,38.937,0,98,80,77,2494,1000,5.76835,271,6.19645,0.000106812,0,4441,91151794960
199.682,5.00796,38.937,0,98,80,77,2494,1000,5.76835,271,6.19645,0.000106812,0,4441,91255886367
174.236,5.73935,38.937,0,98,80,77,2494,1000,5.76835,271,6.19645,0.000106812,0,4441,91360353938
174.512,5.73027,38.937,0,98,80,77,2494,1000,5.76835,271,6.19645,0.000106812,0,4441,91464441698
207.945,4.80896,38.937,0,98,80,77,2494,1000,5.76835,271,6.19645,0.000106812,0,4441,91568526503
152.207,6.57001,38.1132,0,99,80,77,2500,1000,5.76788,271,6.20059,0.000106812,0,4441,91672607971
153.823,6.50099,38.1132,0,99,80,77,2500,1000,5.76788,271,6.20059,0.000106812,0,4441,91776700870
194.222,5.14875,38.1132,0,99,80,77,2500,1000,5.76788,271,6.20059,0.000106812,0,4441,91881105705
243.951,4.09918,38.1132,0,99,80,77,2500,1000,5.76788,271,6.20059,0.000106812,0,4441,91985198895
195.215,5.12255,38.1132,0,99,80,77,2500,1000,5.76788,271,6.20059,0.000106812,0,4441,92089284531
203.816,4.90638,38.9513,0,98,80,78,2490,1000,5.76835,271,6.19343,0.000106812,0,4441,92193372832
217.493,4.59785,38.9513,0,98,80,78,2490,1000,5.76835,271,6.19343,0.000106812,0,4441,92297451795
182.741,5.47222,38.9513,0,98,80,78,2490,1000,5.76835,271,6.19343,0.000106812,0,4441,92401532502
177.401,5.63696,38.9513,0,98,80,78,2490,1000,5.76835,271,6.19343,0.000106812,0,4441,92505627625
162.164,6.16661,38.9513,0,98,80,78,2490,1000,5.76835,271,6.19343,0.000106812,0,4441,92609708913
160.383,6.23509,38.4807,0,98,80,78,2491,1000,5.76788,271,6.19343,0.000106812,0,4423,92713797885
168.312,5.94135,38.4807,0,98,80,78,2491,1000,5.76788,271,6.19343,0.000106812,0,4423,92817888591
217.623,4.5951,38.4807,0,98,80,78,2491,1000,5.76788,271,6.19343,0.000106812,0,4423,92921969367
215.933,4.63106,38.4807,0,98,80,78,2491,1000,5.76788,271,6.19343,0.000106812,0,4423,93026049974
186.012,5.37601,38.7781,0,98,80,77,2498,1000,5.76862,271,6.19343,0.000106812,0,4429,93130094132
189.713,5.27113,38.7781,0,98,80,77,2498,1000,5.76862,271,6.19343,0.000106812,0,4429,93234185649
234.661,4.26147,38.7781,0,98,80,77,2498,1000,5.76862,271,6.19343,0.000106812,0,4429,93338268399
171.624,5.82668,38.7781,0,98,80,77,2498,1000,5.76862,271,6.19343,0.000106812,0,4429,93442351701
180.348,5.54484,38.7781,0,98,80,77,2498,1000,5.76862,271,6.19343,0.000106812,0,4429,93546446584
211.255,4.73361,38.4807,0,98,80,77,2498,1000,5.76862,271,6.19391,0.000106812,0,4439,93650520999
205.416,4.86817,38.4807,0,98,80,77,2498,1000,5.76862,271,6.19391,0.000106812,0,4439,93754618908
192.096,5.20573,38.4807,0,98,80,77,2498,1000,5.76862,271,6.19391,0.000106812,0,4439,93858704373
175.077,5.71177,38.4807,0,98,80,77,2498,1000,5.76862,271,6.19391,0.000106812,0,4439,93962806570
247.402,4.04201,38.4807,0,98,80,77,2498,1000,5.76862,271,6.19391,0.000106812,0,4439,94066900181
208.923,4.78644,39.2813,0,98,80,78,2494,1000,5.76788,271,6.19391,0.000106812,0,4429,94170983433
212.656,4.70244,39.2813,0,98,80,78,2494,1000,5.76788,271,6.19391,0.000106812,0,4429,94275066333
182.677,5.47415,39.2813,0,98,80,78,2494,1000,5.76788,271,6.19391,0.000106812,0,4429,94379149535
160.306,6.23808,39.2813,0,98,80,78,2494,1000,5.76788,271,6.19391,0.000106812,0,4429,94483230742
188.813,5.29624,39.2813,0,98,80,78,2494,1000,5.76788,271,6.19391,0.000106812,0,4429,94587317621
164.196,6.0903,38.25,0,98,80,77,2493,1000,5.7757,271,6.19426,0.000106812,0,4448,94691405110
150.617,6.63937,38.25,0,98,80,77,2493,1000,5.7757,271,6.19426,0.000106812,0,4448,94795488251
172.15,5.80888,38.25,0,98,80,77,2493,1000,5.7757,271,6.19426,0.000106812,0,4448,94899568327
215.132,4.6483,38.25,0,98,80,77,2493,1000,5.7757,271,6.19426,0.000106812,0,4448,95003669502
157.417,6.35257,38.25,0,98,80,77,2493,1000,5.7757,271,6.19426,0.000106812,0,4448,95108440913
153.569,6.51173,37.218,0,98,80,77,2498,1000,5.76788,271,6.19439,0.000106812,0,4416,95212534204
154.972,6.4528,37.218,0,98,80,77,2498,1000,5.76788,271,6.19439,0.000106812,0,4416,95316589643
190.169,5.25848,37.218,0,98,80,77,2498,1000,5.76788,271,6.19439,0.000106812,0,4416,95420675078
209.579,4.77148,37.218,0,98,80,77,2498,1000,5.76788,271,6.19439,0.000106812,0,4416,95524764071
203.82,4.90629,37.218,0,98,80,77,2498,1000,5.76788,271,6.19439,0.000106812,0,4416,95629317544
192.146,5.20438,40.7223,0,98,80,78,2497,1000,5.76788,271,6.19532,0.000106812,0,4433,95733410473
164.676,6.07255,40.7223,0,98,80,78,2497,1000,5.76788,271,6.19532,0.000106812,0,4433,95837500918
168.063,5.95014,40.7223,0,98,80,78,2497,1000,5.76788,271,6.19532,0.000106812,0,4433,95941597264
164.07,6.09496,40.7223,0,98,80,78,2497,1000,5.76788,271,6.19532,0.000106812,0,4433,96045677730
165.544,6.04071,40.2743,0,98,80,78,2507,1000,5.76788,271,6.19532,0.000106812,0,4425,96149763026
162.902,6.13865,40.2743,0,98,80,78,2507,1000,5.76788,271,6.19532,0.000106812,0,4425,96253844263
194.165,5.15027,40.2743,0,98,80,78,2507,1000,5.76788,271,6.19532,0.000106812,0,4425,96357939497
173.911,5.75006,40.2743,0,98,80,78,2507,1000,5.76788,271,6.19532,0.000106812,0,4425,96462111094
233.118,4.28967,40.2743,0,98,80,78,2507,1000,5.76788,271,6.19532,0.000106812,0,4425,96566197231
189.429,5.27902,39.4437,0,99,80,77,2506,1000,5.76788,271,6.19226,0.000106812,0,4428,96670284811
189.61,5.27398,39.4437,0,99,80,77,2506,1000,5.76788,271,6.19226,0.000106812,0,4428,96774373342
196.164,5.09777,39.4437,0,99,80,77,2506,1000,5.76788,271,6.19226,0.000106812,0,4428,96878455642
170.628,5.86072,39.4437,0,99,80,77,2506,1000,5.76788,271,6.19226,0.000106812,0,4428,96982657415
171.467,5.83202,39.4437,0,99,80,77,2506,1000,5.76788,271,6.19226,0.000106812,0,4428,97086742981
171.068,5.84563,39.6786,0,99,80,77,2502,1000,5.76835,271,6.18789,0.000106812,0,4440,97190823958
180.594,5.53729,39.6786,0,99,80,77,2502,1000,5.76835,271,6.18789,0.000106812,0,4440,97294903382
181.206,5.51859,39.6786,0,99,80,77,2502,1000,5.76835,271,6.18789,0.000106812,0,4440,97398985181
172.711,5.79003,39.6786,0,99,80,77,2502,1000,5.76835,271,6.18789,0.000106812,0,4440,97503063864
210.631,4.74763,39.6786,0,99,80,77,2502,1000,5.76835,271,6.18789,0.000106812,0,4440,97607146023
198.695,5.03285,38.2685,0,98,80,78,2505,1000,5.76788,271,6.18878,0.000106812,0,4433,97711379246
167.39,5.97406,38.2685,0,98,80,78,2505,1000,5.76788,271,6.18878,0.000106812,0,4433,97815462006
159.702,6.26166,38.2685,0,98,80,78,2505,1000,5.76788,271,6.18878,0.000106812,0,4433,97919650054
184.595,5.41726,38.2685,0,98,80,78,2505,1000,5.76788,271,6.18878,0.000106812,0,4433,98024787081
149.084,6.70763,38.2685,0,98,80,78,2505,1000,5.76788,271,6.18878,0.000106812,0,4433,98128874290
238.908,4.18572,38.2022,0,99,80,78,2504,1000,5.76788,271,6.20192,0.000106812,0,4436,98232957482
218.335,4.58013,38.2022,0,99,80,78,2504,1000,5.76788,271,6.20192,0.000106812,0,4436,98337587809
191.842,5.21263,38.2022,0,99,80,78,2504,1000,5.76788,271,6.20192,0.000106812,0,4436,98441700004
187.878,5.3226,38.2022,0,99,80,78,2504,1000,5.76788,271,6.20192,0.000106812,0,4436,98545792283
163.684,6.10932,38.2022,0,99,80,78,2504,1000,5.76788,271,6.20192,0.000106812,0,4436,98649878139
213.989,4.67313,39.75,0,98,80,78,2509,1000,5.76788,271,6.20193,0.000106812,0,4441,98753966861
150.452,6.64665,39.75,0,98,80,78,2509,1000,5.76788,271,6.20193,0.000106812,0,4441,98858050082
161.513,6.19145,39.75,0,98,80,78,2509,1000,5.76788,271,6.20193,0.000106812,0,4441,98962132432
176.692,5.65957,39.75,0,98,80,78,2509,1000,5.76788,271,6.20193,0.000106812,0,4441,99066218428
178.58,5.59973,40.201,0,98,80,78,2509,1000,5.76788,271,6.20191,0.000106812,0,4427,99170304956
176.512,5.66532,40.201,0,98,80,78,2509,1000,5.76788,271,6.20191,0.000106812,0,4427,99274599353
174.34,5.7359,40.201,0,98,80,78,2509,1000,5.76788,271,6.20191,0.000106812,0,4427,99378688726
164.961,6.06206,40.201,0,98,80,78,2509,1000,5.76788,271,6.20191,0.000106812,0,4427,99482775785
166.924,5.99076,40.201,0,98,80,78,2509,1000,5.76788,271,6.20191,0.000106812,0,4427,99586861250
180.924,5.52719,38.7985,0,99,80,78,2499,1000,5.7757,271,6.20191,0.000106812,0,4416,99690946626
239.118,4.18204,38.7985,0,99,80,78,2499,1000,5.7757,271,6.20191,0.000106812,0,4416,99795027302
194.508,5.14118,38.7985,0,99,80,78,2499,1000,5.7757,271,6.20191,0.000106812,0,4416,99899111966
197.418,5.06539,38.7985,0,99,80,78,2499,1000,5.7757,271,6.20191,0.000106812,0,4416,100003203974
170.493,5.86533,38.7985,0,99,80,78,2499,1000,5.7757,271,6.20191,0.000106812,0,4416,100107298467
202.61,4.93558,39.3524,0,98,80,78,2504,1000,5.76788,271,6.20191,0.000106812,0,4441,100211382650
168.408,5.93796,39.3524,0,98,80,78,2504,1000,5.76788,271,6.20191,0.000106812,0,4441,100315466703
146.986,6.80336,39.3524,0,98,80,78,2504,1000,5.76788,271,6.20191,0.000106812,0,4441,100419537200
188.851,5.29518,39.3524,0,98,80,78,2504,1000,5.76788,271,6.20191,0.000106812,0,4441,100523617025
209.887,4.76446,39.3524,0,98,80,78,2504,1000,5.76788,271,6.20191,0.000106812,0,4441,100627741063
213.773,4.67785,39.2231,0,99,80,78,2505,1000,5.76788,271,6.19606,0.000106812,0,4438,100731826619
202.446,4.93958,39.2231,0,99,80,78,2505,1000,5.76788,271,6.19606,0.000106812,0,4438,100835905633
198.388,5.04063,39.2231,0,99,80,78,2505,1000,5.76788,271,6.19606,0.000106812,0,4438,100940402089
163.684,6.10931,39.2231,0,99,80,78,2505,1000,5.76788,271,6.19606,0.000106812,0,4438,101044480261
164.546,6.07732,39.2231,0,99,80,78,2505,1000,5.76788,271,6.19606,0.000106812,0,4438,101148546220
182.874,5.46823,39.6226,0,99,80,78,2500,1000,5.76788,271,6.17473,0.000106812,0,4427,101252626245
197.31,5.06817,39.6226,0,99,80,78,2500,1000,5.76788,271,6.17473,0.000106812,0,4427,101356741837
177.162,5.64456,39.6226,0,99,80,78,2500,1000,5.76788,271,6.17473,0.000106812,0,4427,101460889910
251.848,3.97064,39.6226,0,99,80,78,2500,1000,5.76788,271,6.17473,0.000106812,0,4427,101565075974
151.849,6.58548,39.6226,0,99,80,78,2500,1000,5.76788,271,6.17473,0.000106812,0,4427,101669158284
199.796,5.00511,40.4494,0,99,80,78,2503,1000,5.76835,271,6.1747,0.000106812,0,4416,101773238239
189.744,5.27026,40.4494,0,99,80,78,2503,1000,5.76835,271,6.1747,0.000106812,0,4416,101877321280
160.196,6.24235,40.4494,0,99,80,78,2503,1000,5.76835,271,6.1747,0.000106812,0,4416,101981405614
206.997,4.831,40.4494,0,99,80,78,2503,1000,5.76835,271,6.1747,0.000106812,0,4416,102085507149
183.902,5.43767,39.7985,0,99,80,77,2499,1000,5.76788,271,6.17416,0.000106812,0,4440,102189595059
206.189,4.84991,39.7985,0,99,80,77,2499,1000,5.76788,271,6.17416,0.000106812,0,4440,102293939100
208.298,4.80082,39.7985,0,99,80,77,2499,1000,5.76788,271,6.17416,0.000106812,0,4440,102398025978
213.307,4.68807,39.7985,0,99,80,77,2499,1000,5.76788,271,6.17416,0.000106812,0,4440,102502114149
206.401,4.84493,39.7985,0,99,80,77,2499,1000,5.76788,271,6.17416,0.000106812,0,4440,102606191299
182.42,5.48187,39.375,0,99,80,78,2497,1000,5.76788,271,6.17352,0.000106812,0,4428,102710270903
233.7,4.27899,39.375,0,99,80,78,2497,1000,5.76788,271,6.17352,0.000106812,0,4428,102814352452
222.124,4.50199,39.375,0,99,80,78,2497,1000,5.76788,271,6.17352,0.000106812,0,4428,102918450571
216.301,4.62319,39.375,0,99,80,78,2497,1000,5.76788,271,6.17352,0.000106812,0,4428,103022528292
190.524,5.24868,39.375,0,99,80,78,2497,1000,5.76788,271,6.17352,0.000106812,0,4428,103126686875
238.745,4.18857,40.4467,0,99,80,78,2495,1000,5.76788,271,6.1896,0.000106812,0,4431,103230768012
194.883,5.13128,40.4467,0,99,80,78,2495,1000,5.76788,271,6.1896,0.000106812,0,4431,103334856954
204.077,4.90012,40.4467,0,99,80,78,2495,1000,5.76788,271,6.1896,0.000106812,0,4431,103438935837
213.753,4.6783,40.4467,0,99,80,78,2495,1000,5.76788,271,6.1896,0.000106812,0,4431,103542992629
162.389,6.15807,40.4467,0,99,80,78,2495,1000,5.76788,271,6.1896,0.000106812,0,4431,103647072885
160.729,6.22165,39.5522,0,99,80,77,2499,1000,5.7757,271,6.18027,0.000106812,0,4438,103751405063
187.418,5.33565,39.5522,0,99,80,77,2499,1000,5.7757,271,6.18027,0.000106812,0,4438,103855486291
184.001,5.43474,39.5522,0,99,80,77,2499,1000,5.7757,271,6.18027,0.000106812,0,4438,103959584420
220.211,4.5411,39.5522,0,99,80,77,2499,1000,5.7757,271,6.18027,0.000106812,0,4438,104063663844
201.735,4.957,39.5522,0,99,80,77,2499,1000,5.7757,271,6.18027,0.000106812,0,4438,104167948483
173.058,5.7784,38.7016,0,98,80,78,2486,1000,5.76788,271,6.1849,0.000106812,0,4426,104272027567
197.947,5.05186,38.7016,0,98,80,78,2486,1000,5.76788,271,6.1849,0.000106812,0,4426,104376124484
169.535,5.89848,38.7016,0,98,80,78,2486,1000,5.76788,271,6.1849,0.000106812,0,4426,104480215059
207.233,4.82548,38.7016,0,98,80,78,2486,1000,5.76788,271,6.1849,0.000106812,0,4426,104584294333
142.757,7.00491,37.5315,0,98,80,78,2486,1000,5.76788,271,6.1849,0.000106812,0,4441,104688376503
217.557,4.5965,37.5315,0,98,80,78,2486,1000,5.76788,271,6.1849,0.000106812,0,4441,104792459073
174.116,5.7433,37.5315,0,98,80,78,2486,1000,5.76788,271,6.1849,0.000106812,0,4441,104896586156
229.351,4.36014,37.5315,0,98,80,78,2486,1000,5.76788,271,6.1849,0.000106812,0,4441,105000667384
169.845,5.88772,37.5315,0,98,80,78,2486,1000,5.76788,271,6.1849,0.000106812,0,4441,105104747840
167.832,5.95833,39.8996,0,99,80,78,2491,1000,5.76788,271,6.19458,0.000106812,0,4439,105208825341
181.413,5.51229,39.8996,0,99,80,78,2491,1000,5.76788,271,6.19458,0.000106812,0,4439,105312909113
153.328,6.52198,39.8996,0,99,80,78,2491,1000,5.76788,271,6.19458,0.000106812,0,4439,105416995611
196.978,5.07672,39.8996,0,99,80,78,2491,1000,5.76788,271,6.19458,0.000106812,0,4439,105521080024
186.534,5.36095,39.8996,0,99,80,78,2491,1000,5.76788,271,6.19458,0.000106812,0,4439,105625165490
203.535,4.91315,38.806,0,99,80,78,2493,1000,5.76788,271,6.17675,0.000106812,0,4429,105729302452
165.549,6.0405,38.806,0,99,80,78,2493,1000,5.76788,271,6.17675,0.000106812,0,4429,105833387296
176.317,5.67159,38.806,0,99,80,78,2493,1000,5.76788,271,6.17675,0.000106812,0,4429,105937898140
151.96,6.58068,38.806,0,99,80,78,2493,1000,5.76788,271,6.17675,0.000106812,0,4429,106041978486
168.904,5.92051,38.806,0,99,80,78,2493,1000,5.76788,271,6.17675,0.000106812,0,4429,106146056718
170.629,5.86066,36.8222,0,99,80,78,2493,1000,5.76788,271,6.17675,0.000106812,0,4440,106250166228
184.081,5.4324,36.8222,0,99,80,78,2493,1000,5.76788,271,6.17675,0.000106812,0,4440,106354244340
180.075,5.55324,36.8222,0,99,80,78,2493,1000,5.76788,271,6.17675,0.000106812,0,4440,106458331218
140.598,7.11248,36.8222,0,99,80,78,2493,1000,5.76788,271,6.17675,0.000106812,0,4440,106562420651
185.177,5.40023,36.8222,0,99,80,78,2493,1000,5.76788,271,6.17675,0.000106812,0,4440,106666476862
250.43,3.99314,37,0,98,80,78,2496,1000,5.76788,271,6.17432,0.000106812,0,4441,106770606540
195.831,5.10644,37,0,98,80,78,2496,1000,5.76788,271,6.17432,0.000106812,0,4441,106874899565
205.565,4.86465,37,0,98,80,78,2496,1000,5.76788,271,6.17432,0.000106812,0,4441,106979028262
184.817,5.41076,37,0,98,80,78,2496,1000,5.76788,271,6.17432,0.000106812,0,4441,107083115932
157.672,6.34228,37,0,98,80,78,2496,1000,5.76788,271,6.17432,0.000106812,0,4441,107187200495
184.268,5.42686,37.3283,0,99,80,78,2498,1000,5.76984,271,6.18034,0.000106812,0,4441,107291290049
174.966,5.71539,37.3283,0,99,80,78,2498,1000,5.76984,271,6.18034,0.000106812,0,4441,107395382387
185.52,5.39025,37.3283,0,99,80,78,2498,1000,5.76984,271,6.18034,0.000106812,0,4441,107499742818
180.404,5.54312,37.3283,0,99,80,78,2498,1000,5.76984,271,6.18034,0.000106812,0,4441,107603834335
175.794,5.68849,37.5465,0,98,80,78,2492,1000,5.76788,271,6.18034,0.000106812,0,4441,107707936352
148.983,6.71218,37.5465,0,98,80,78,2492,1000,5.76788,271,6.18034,0.000106812,0,4441,107812021527
186.441,5.36363,37.5465,0,98,80,78,2492,1000,5.76788,271,6.18034,0.000106812,0,4441,107916797407
172.98,5.78102,37.5465,0,98,80,78,2492,1000,5.76788,271,6.18034,0.000106812,0,4441,108020883363
167.944,5.95437,37.5465,0,98,80,78,2492,1000,5.76788,271,6.18034,0.000106812,0,4441,108124981092
206.451,4.84377,37.1429,0,98,80,78,2491,1000,5.76788,271,6.17353,0.000106812,0,4441,108229071687
221.772,4.50913,37.1429,0,98,80,78,2491,1000,5.76788,271,6.17353,0.000106812,0,4441,108333160188
194.275,5.14733,37.1429,0,98,80,78,2491,1000,5.76788,271,6.17353,0.000106812,0,4441,108437240134
178.69,5.59627,37.1429,0,98,80,78,2491,1000,5.76788,271,6.17353,0.000106812,0,4441,108541326431
174.264,5.73843,37.1429,0,98,80,78,2491,1000,5.76788,271,6.17353,0.000106812,0,4441,108645411225
177.517,5.63327,37.1859,0,98,80,78,2495,1000,5.76788,271,6.17353,0.000106812,0,4441,108749985477
165.739,6.03359,37.1859,0,98,80,78,2495,1000,5.76788,271,6.17353,0.000106812,0,4441,108854026860
174.078,5.74455,37.1859,0,98,80,78,2495,1000,5.76788,271,6.17353,0.000106812,0,4441,108958132573
190.148,5.25905,37.1859,0,98,80,78,2495,1000,5.76788,271,6.17353,0.000106812,0,4441,109062222437
204.164,4.89802,37.1859,0,98,80,78,2495,1000,5.76788,271,6.17353,0.000106812,0,4441,109166323001
245.919,4.06637,37.1069,0,98,80,78,2491,1000,5.76788,271,6.1706,0.000106812,0,4440,109270406323
188.071,5.31714,37.1069,0,98,80,78,2491,1000,5.76788,271,6.1706,0.000106812,0,4440,109374452655
184.882,5.40884,37.1069,0,98,80,78,2491,1000,5.76788,271,6.1706,0.000106812,0,4440,109478536868
196.583,5.08691,37.1069,0,98,80,78,2491,1000,5.76788,271,6.1706,0.000106812,0,4440,109582621041
175.292,5.70476,37.1069,0,98,80,78,2491,1000,5.76788,271,6.1706,0.000106812,0,4440,109686712508
172.503,5.79701,37.4687,0,98,80,78,2493,1000,5.76835,271,6.18256,0.000106812,0,4440,109790796942
175.358,5.70263,37.4687,0,98,80,78,2493,1000,5.76835,271,6.18256,0.000106812,0,4440,109895026748
195.205,5.12281,37.4687,0,98,80,78,2493,1000,5.76835,271,6.18256,0.000106812,0,4440,109999120489
182.07,5.49241,37.4687,0,98,80,78,2493,1000,5.76835,271,6.18256,0.000106812,0,4440,110103197108
201.889,4.95323,37.4687,0,98,80,78,2493,1000,5.76835,271,6.18256,0.000106812,0,4440,110207346013
173.7,5.75706,37.995,0,99,80,78,2494,1000,5.76788,271,6.18256,0.000106812,0,4441,110311428713
158.579,6.306,37.995,0,99,80,78,2494,1000,5.76788,271,6.18256,0.000106812,0,4441,110415624395
141.414,7.07143,37.995,0,99,80,78,2494,1000,5.76788,271,6.18256,0.000106812,0,4441,110519710402
135.572,7.37616,37.995,0,99,80,78,2494,1000,5.76788,271,6.18256,0.000106812,0,4441,110624881453
140.373,7.12386,37.995,0,99,80,78,2494,1000,5.76788,271,6.18256,0.000106812,0,4441,110728972399
152.726,6.54769,38.67,0,99,80,78,2494,1000,5.76788,271,6.18353,0.000106812,0,4441,110833068174
183.032,5.46351,38.67,0,99,80,78,2494,1000,5.76788,271,6.18353,0.000106812,0,4441,110937158067
163.29,6.12406,38.67,0,99,80,78,2494,1000,5.76788,271,6.18353,0.000106812,0,4441,111041248673
158.947,6.29141,38.67,0,99,80,78,2494,1000,5.76788,271,6.18353,0.000106812,0,4441,111145328868
194.498,5.14145,39.2327,0,99,80,78,2502,1000,5.76788,271,6.19994,0.000106812,0,4421,111249421036
195.631,5.11166,39.2327,0,99,80,78,2502,1000,5.76788,271,6.19994,0.000106812,0,4421,111353514828
153.844,6.50008,39.2327,0,99,80,78,2502,1000,5.76788,271,6.19994,0.000106812,0,4421,111457603319
146.724,6.81553,39.2327,0,99,80,78,2502,1000,5.76788,271,6.19994,0.000106812,0,4421,111561695066
177.691,5.62774,39.2327,0,99,80,78,2502,1000,5.76788,271,6.19994,0.000106812,0,4421,111665783888
194.808,5.13326,41.2054,0,98,80,77,2497,1000,5.76788,271,6.20793,0.000106812,0,4402,111769875034
142.589,7.01318,41.2054,0,98,80,77,2497,1000,5.76788,271,6.20793,0.000106812,0,4402,111873964077
205.304,4.87083,41.2054,0,98,80,77,2497,1000,5.76788,271,6.20793,0.000106812,0,4402,111978063308
214.713,4.65737,41.2054,0,98,80,77,2497,1000,5.76788,271,6.20793,0.000106812,0,4402,112082150557
226.618,4.4127,41.2054,0,98,80,77,2497,1000,5.76788,271,6.20793,0.000106812,0,4402,112186233538
160.352,6.23628,40.0978,0,98,80,78,2497,1000,5.76788,271,6.20065,0.000106812,0,4437,112290318783
174.586,5.72784,40.0978,0,98,80,78,2497,1000,5.76788,271,6.20065,0.000106812,0,4437,112394752842
151.751,6.58976,40.0978,0,98,80,78,2497,1000,5.76788,271,6.20065,0.000106812,0,4437,112498829702
204.832,4.88205,40.0978,0,98,80,78,2497,1000,5.76788,271,6.20065,0.000106812,0,4437,112602908084
165.51,6.04194,40.0978,0,98,80,78,2497,1000,5.76788,271,6.20065,0.000106812,0,4437,112706987889
182.256,5.48679,38.6335,0,98,80,78,2500,1000,5.76788,271,6.19118,0.000106812,0,4441,112811068055
218.448,4.57775,38.6335,0,98,80,78,2500,1000,5.76788,271,6.19118,0.000106812,0,4441,112915152638
187.652,5.32901,38.6335,0,98,80,78,2500,1000,5.76788,271,6.19118,0.000106812,0,4441,113019231281
223.859,4.46709,38.6335,0,98,80,78,2500,1000,5.76788,271,6.19118,0.000106812,0,4441,113123310445
188.542,5.30384,38.6335,0,98,80,78,2500,1000,5.76788,271,6.19118,0.000106812,0,4441,113227392985
223.153,4.48123,40.1235,0,98,80,78,2499,1000,5.76862,271,6.19166,0.000106812,0,4437,113331494811
151.334,6.60791,40.1235,0,98,80,78,2499,1000,5.76862,271,6.19166,0.000106812,0,4437,113436455718
240.492,4.15815,40.1235,0,98,80,78,2499,1000,5.76862,271,6.19166,0.000106812,0,4437,113540561031
150.778,6.63226,40.1235,0,98,80,78,2499,1000,5.76862,271,6.19166,0.000106812,0,4437,113645157264
160.279,6.23912,39.7041,0,98,80,78,2498,1000,5.76788,271,6.19166,0.000106812,0,4433,113749240005
219.846,4.54865,39.7041,0,98,80,78,2498,1000,5.76788,271,6.19166,0.000106812,0,4433,113853320441
180.772,5.53183,39.7041,0,98,80,78,2498,1000,5.76788,271,6.19166,0.000106812,0,4433,113957423800
149.13,6.70555,39.7041,0,98,80,78,2498,1000,5.76788,271,6.19166,0.000106812,0,4433,114061512612
150.338,6.65166,39.7041,0,98,80,78,2498,1000,5.76788,271,6.19166,0.000106812,0,4433,114165594791
202.089,4.94831,39.2813,0,98,80,78,2499,1000,5.76788,271,6.1919,0.000106812,0,4441,114269681910
186.384,5.36528,39.2813,0,98,80,78,2499,1000,5.76788,271,6.1919,0.000106812,0,4441,114373764891
207.69,4.81488,39.2813,0,98,80,78,2499,1000,5.76788,271,6.1919,0.000106812,0,4441,114477854474
170.797,5.85491,39.2813,0,98,80,78,2499,1000,5.76788,271,6.1919,0.000106812,0,4441,114581933277
199.427,5.01436,39.2813,0,98,80,78,2499,1000,5.76788,271,6.1919,0.000106812,0,4441,114686011099
255.971,3.90669,40.9976,0,99,80,78,2497,1000,5.76788,271,6.17993,0.000106812,0,4423,114790665110
196.356,5.0928,40.9976,0,99,80,78,2497,1000,5.76788,271,6.17993,0.000106812,0,4423,114894754964
191.789,5.21406,40.9976,0,99,80,78,2497,1000,5.76788,271,6.17993,0.000106812,0,4423,114998833717
176.896,5.65304,40.9976,0,99,80,78,2497,1000,5.76788,271,6.17993,0.000106812,0,4423,115102990707
227.588,4.39391,40.9976,0,99,80,78,2497,1000,5.76788,271,6.17993,0.000106812,0,4423,115207078647
186.895,5.35061,39.1574,0,99,80,78,2494,1000,5.7757,271,6.17514,0.000106812,0,4429,115311157500
175.56,5.69605,39.1574,0,99,80,78,2494,1000,5.7757,271,6.17514,0.000106812,0,4429,115415293500
188.986,5.2914,39.1574,0,99,80,78,2494,1000,5.7757,271,6.17514,0.000106812,0,4429,115519389355
146.84,6.81012,39.1574,0,99,80,78,2494,1000,5.7757,271,6.17514,0.000106812,0,4429,115623483527
149.276,6.69902,39.1574,0,99,80,78,2494,1000,5.7757,271,6.17514,0.000106812,0,4429,115727569073
182.067,5.49249,40.5832,0,98,80,77,2504,1000,5.76984,271,6.17479,0.000106812,0,4417,115831663736
153.814,6.50135,40.5832,0,98,80,77,2504,1000,5.76984,271,6.17479,0.000106812,0,4417,115935742930
188.17,5.31433,40.5832,0,98,80,77,2504,1000,5.76984,271,6.17479,0.000106812,0,4417,116039829617
166.282,6.01388,40.5832,0,98,80,77,2504,1000,5.76984,271,6.17479,0.000106812,0,4417,116143913330
150.61,6.63966,40.5832,0,98,80,77,2504,1000,5.76984,271,6.17479,0.000106812,0,4417,116248016398
229.938,4.34899,40.3965,0,98,80,77,2504,1000,5.76984,271,6.17463,0.000106812,0,4441,116352105621
185.389,5.39407,40.3965,0,98,80,77,2504,1000,5.76984,271,6.17463,0.000106812,0,4441,116456197228
152.663,6.55036,40.3965,0,98,80,77,2504,1000,5.76984,271,6.17463,0.000106812,0,4441,116560280590
192.28,5.20075,40.3965,0,98,80,77,2504,1000,5.76984,271,6.17463,0.000106812,0,4441,116664363541
188.437,5.30681,40.5672,0,98,80,78,2508,1000,5.76788,271,6.17285,0.000106812,0,4432,116768469845
210.665,4.74687,40.5672,0,98,80,78,2508,1000,5.76788,271,6.17285,0.000106812,0,4432,116872553708
160.302,6.23821,40.5672,0,98,80,78,2508,1000,5.76788,271,6.17285,0.000106812,0,4432,116976639424
235.465,4.24692,40.5672,0,98,80,78,2508,1000,5.76788,271,6.17285,0.000106812,0,4432,117080728927
226.973,4.4058,40.5672,0,98,80,78,2508,1000,5.76788,271,6.17285,0.000106812,0,4432,117185167114
247.38,4.04236,39.7004,0,98,80,78,2502,1000,5.78807,271,6.17277,0.000106812,0,4424,117289255705
158.149,6.32313,39.7004,0,98,80,78,2502,1000,5.78807,271,6.17277,0.000106812,0,4424,117393341812
201.04,4.97415,39.7004,0,98,80,78,2502,1000,5.78807,271,6.17277,0.000106812,0,4424,117497437166
190.549,5.24799,39.7004,0,98,80,78,2502,1000,5.78807,271,6.17277,0.000106812,0,4424,117601522041
210.789,4.74408,39.7004,0,98,80,78,2502,1000,5.78807,271,6.17277,0.000106812,0,4424,117705841114
190.352,5.25342,39.7516,0,98,80,78,2501,1000,5.78905,271,6.17253,0.000106812,0,4427,117809922562
215.978,4.63009,39.7516,0,98,80,78,2501,1000,5.78905,271,6.17253,0.000106812,0,4427,117914365769
190.71,5.24357,39.7516,0,98,80,78,2501,1000,5.78905,271,6.17253,0.000106812,0,4427,118018451034
174.205,5.74035,39.7516,0,98,80,78,2501,1000,5.78905,271,6.17253,0.000106812,0,4427,118122533323
166.547,6.00432,39.7516,0,98,80,78,2501,1000,5.78905,271,6.17253,0.000106812,0,4427,118227155084
139.577,7.16452,38.2872,0,98,80,78,2499,1000,5.78709,271,6.17245,0.000106812,0,4441,118331245610
162.168,6.16644,38.2872,0,98,80,78,2499,1000,5.78709,271,6.17245,0.000106812,0,4441,118435327508
177.142,5.64518,38.2872,0,98,80,78,2499,1000,5.78709,271,6.17245,0.000106812,0,4441,118539409898
176.768,5.65714,38.2872,0,98,80,78,2499,1000,5.78709,271,6.17245,0.000106812,0,4441,118643514139
192.496,5.1949,38.2872,0,98,80,78,2499,1000,5.78709,271,6.17245,0.000106812,0,4441,118747596669
153.699,6.50621,39.5262,0,98,80,78,2503,1000,5.7757,271,6.1721,0.000106812,0,4441,118851680071
209.123,4.78187,39.5262,0,98,80,78,2503,1000,5.7757,271,6.1721,0.000106812,0,4441,118955762921
180.963,5.52598,39.5262,0,98,80,78,2503,1000,5.7757,271,6.1721,0.000106812,0,4441,119059840612
171.166,5.84228,39.5262,0,98,80,78,2503,1000,5.7757,271,6.1721,0.000106812,0,4441,119163920718
179.152,5.58185,39.5262,0,98,80,78,2503,1000,5.7757,271,6.1721,0.000106812,0,4441,119267998720
158.351,6.31507,38.9095,0,98,80,78,2496,1000,5.76835,271,6.16692,0.000106812,0,4441,119372089124
152.721,6.5479,38.9095,0,98,80,78,2496,1000,5.76835,271,6.16692,0.000106812,0,4441,119476168669
236.138,4.23481,38.9095,0,98,80,78,2496,1000,5.76835,271,6.16692,0.000106812,0,4441,119580246841
200.755,4.9812,38.9095,0,98,80,78,2496,1000,5.76835,271,6.16692,0.000106812,0,4441,119685130773
169.766,5.89047,38.8543,0,98,80,78,2503,1000,5.76788,271,6.1674,0.000106812,0,4439,119789219465
232.284,4.30508,38.8543,0,98,80,78,2503,1000,5.76788,271,6.1674,0.000106812,0,4439,119893310120
180.006,5.55539,38.8543,0,98,80,78,2503,1000,5.76788,271,6.1674,0.000106812,0,4439,119997347937
141.951,7.04467,38.8543,0,98,80,78,2503,1000,5.76788,271,6.1674,0.000106812,0,4439,120101432771
134.564,7.43143,38.8543,0,98,80,78,2503,1000,5.76788,271,6.1674,0.000106812,0,4439,120205516594
175.506,5.6978,40.4732,0,98,80,78,2497,1000,5.76788,271,6.15654,0.000106812,0,4439,120309594034
199.005,5.02501,40.4732,0,98,80,78,2497,1000,5.76788,271,6.15654,0.000106812,0,4439,120413671174
192.204,5.20279,40.4732,0,98,80,78,2497,1000,5.76788,271,6.15654,0.000106812,0,4439,120517751290
163.834,6.10372,40.4732,0,98,80,78,2497,1000,5.76788,271,6.15654,0.000106812,0,4439,120621846343
146.508,6.82558,40.4732,0,98,80,78,2497,1000,5.76788,271,6.15654,0.000106812,0,4439,120725924555
224.618,4.452,39.0704,0,99,80,78,2502,1000,5.76788,271,6.15678,0.000106812,0,4424,120830020791
164.368,6.0839,39.0704,0,99,80,78,2502,1000,5.76788,271,6.15678,0.000106812,0,4424,120934128548
208.012,4.80742,39.0704,0,99,80,78,2502,1000,5.76788,271,6.15678,0.000106812,0,4424,121038213353
223.04,4.48351,39.0704,0,99,80,78,2502,1000,5.76788,271,6.15678,0.000106812,0,4424,121142291615
167.934,5.95473,39.0704,0,99,80,78,2502,1000,5.76788,271,6.15678,0.000106812,0,4424,121246392499
188.879,5.2944,38.191,0,99,80,78,2496,1000,5.76788,271,6.15166,0.000106812,0,4440,121350474328
221.608,4.51247,38.191,0,99,80,78,2496,1000,5.76788,271,6.15166,0.000106812,0,4440,121454851490
236.345,4.2311,38.191,0,99,80,78,2496,1000,5.76788,271,6.15166,0.000106812,0,4440,121558931205
212.207,4.71238,38.191,0,99,80,78,2496,1000,5.76788,271,6.15166,0.000106812,0,4440,121663011571
174.414,5.73347,38.191,0,99,80,78,2496,1000,5.76788,271,6.15166,0.000106812,0,4440,121767097828
164.521,6.07826,39.0488,0,99,80,78,2496,1000,5.76788,271,6.15076,0.000106812,0,4438,121871197390
188.614,5.30184,39.0488,0,99,80,78,2496,1000,5.76788,271,6.15076,0.000106812,0,4438,121975274691
171.094,5.84473,39.0488,0,99,80,78,2496,1000,5.76788,271,6.15076,0.000106812,0,4438,122079338245
201.008,4.97492,39.0488,0,99,80,78,2496,1000,5.76788,271,6.15076,0.000106812,0,4438,122183418270
230.959,4.32978,39.0488,0,99,80,78,2496,1000,5.76788,271,6.15076,0.000106812,0,4438,122287498296
229.472,4.35783,39.1034,0,99,80,78,2494,1000,5.76788,271,6.16297,0.000106812,0,4441,122391580916
165.095,6.05713,39.1034,0,99,80,78,2494,1000,5.76788,271,6.16297,0.000106812,0,4441,122495823316
173.067,5.7781,39.1034,0,99,80,78,2494,1000,5.76788,271,6.16297,0.000106812,0,4441,122599906948
173.361,5.7683,39.1034,0,99,80,78,2494,1000,5.76788,271,6.16297,0.000106812,0,4441,122704331309
173.469,5.76472,38.7218,0,99,80,78,2496,1000,5.76835,271,6.16297,0.000106812,0,4442,122808418688
151.785,6.58827,38.7218,0,99,80,78,2496,1000,5.76835,271,6.16297,0.000106812,0,4442,122912498974
209.965,4.7627,38.7218,0,99,80,78,2496,1000,5.76835,271,6.16297,0.000106812,0,4442,123016582225
214.717,4.6573,38.7218,0,99,80,78,2496,1000,5.76835,271,6.16297,0.000106812,0,4442,123120687789
223.266,4.47896,38.7218,0,99,80,78,2496,1000,5.76835,271,6.16297,0.000106812,0,4442,123224773785
204.073,4.9002,39.726,0,99,80,78,2502,1000,5.76886,271,6.20485,0.000106812,0,4440,123328877194
209.753,4.76752,39.726,0,99,80,78,2502,1000,5.76886,271,6.20485,0.000106812,0,4440,123432970615
151.504,6.60047,39.726,0,99,80,78,2502,1000,5.76886,271,6.20485,0.000106812,0,4440,123537061010
187.357,5.33741,39.726,0,99,80,78,2502,1000,5.76886,271,6.20485,0.000106812,0,4440,123641142348
197.145,5.07241,39.726,0,99,80,78,2502,1000,5.76886,271,6.20485,0.000106812,0,4440,123745229877
216.023,4.62914,38.143,0,98,80,78,2499,1000,5.76862,271,6.18417,0.000106812,0,4428,123849307227
188.354,5.30915,38.143,0,98,80,78,2499,1000,5.76862,271,6.18417,0.000106812,0,4428,123953528698
198.216,5.04501,38.143,0,98,80,78,2499,1000,5.76862,271,6.18417,0.000106812,0,4428,124057623301
186.784,5.35378,38.143,0,98,80,78,2499,1000,5.76862,271,6.18417,0.000106812,0,4428,124161703176
188.238,5.31242,38.143,0,98,80,78,2499,1000,5.76862,271,6.18417,0.000106812,0,4428,124265797628
152.795,6.5447,39.206,0,99,80,78,2496,1000,5.76984,271,6.1844,0.000106812,0,4427,124370696579
138.665,7.21163,39.206,0,99,80,78,2496,1000,5.76984,271,6.1844,0.000106812,0,4427,124474776885
165.09,6.05732,39.206,0,99,80,78,2496,1000,5.76984,271,6.1844,0.000106812,0,4427,124578860026
159.28,6.27825,39.206,0,99,80,78,2496,1000,5.76984,271,6.1844,0.000106812,0,4427,124682940372
208.158,4.80405,39.206,0,99,80,78,2496,1000,5.76984,271,6.1844,0.000106812,0,4427,124787020999
206.045,4.85332,39.3216,0,99,80,78,2494,1000,5.76835,271,6.18387,0.000106812,0,4426,124891355651
175.143,5.70963,39.3216,0,99,80,78,2494,1000,5.76835,271,6.18387,0.000106812,0,4426,124995435887
179.195,5.58051,39.3216,0,99,80,78,2494,1000,5.76835,271,6.18387,0.000106812,0,4426,125099526633
174.4,5.73396,39.3216,0,99,80,78,2494,1000,5.76835,271,6.18387,0.000106812,0,4426,125203610475
159.936,6.2525,39.3216,0,99,80,78,2494,1000,5.76835,271,6.18387,0.000106812,0,4426,125307707052
177.438,5.63576,39.5031,0,99,80,78,2494,1000,5.76788,271,6.19241,0.000106812,0,4441,125412779748
164.014,6.09704,39.5031,0,99,80,78,2494,1000,5.76788,271,6.19241,0.000106812,0,4441,125516867929
196.197,5.09692,39.5031,0,99,80,78,2494,1000,5.76788,271,6.19241,0.000106812,0,4441,125620946141
192.296,5.20032,39.5031,0,99,80,78,2494,1000,5.76788,271,6.19241,0.000106812,0,4441,125725026196
221.453,4.51564,38.5482,0,98,80,78,2491,1000,5.76788,271,6.19241,0.000106812,0,4442,125829117032
218.827,4.56983,38.5482,0,98,80,78,2491,1000,5.76788,271,6.19241,0.000106812,0,4442,125933162593
149.796,6.67576,38.5482,0,98,80,78,2491,1000,5.76788,271,6.19241,0.000106812,0,4442,126037245173
171.926,5.81646,38.5482,0,98,80,78,2491,1000,5.76788,271,6.19241,0.000106812,0,4442,126141290693
198.856,5.02877,38.5482,0,98,80,78,2491,1000,5.76788,271,6.19241,0.000106812,0,4442,126245353216
170.085,5.8794,37.9397,0,98,80,78,2494,1000,5.76788,271,6.19288,0.000106812,0,4425,126349437169
178.95,5.58817,37.9397,0,98,80,78,2494,1000,5.76788,271,6.19288,0.000106812,0,4425,126453816555
179.466,5.57208,37.9397,0,98,80,78,2494,1000,5.76788,271,6.19288,0.000106812,0,4425,126557898575
224.254,4.45922,37.9397,0,98,80,78,2494,1000,5.76788,271,6.19288,0.000106812,0,4425,126661978410
168.891,5.92099,37.9397,0,98,80,78,2494,1000,5.76788,271,6.19288,0.000106812,0,4425,126766070397
156.463,6.3913,39.3443,0,98,80,78,2491,1000,5.76788,271,6.19058,0.000106812,0,4438,126870173466
173.534,5.76255,39.3443,0,98,80,78,2491,1000,5.76788,271,6.19058,0.000106812,0,4438,126974251999
177.817,5.62375,39.3443,0,98,80,78,2491,1000,5.76788,271,6.19058,0.000106812,0,4438,127078334308
156.907,6.37321,39.3443,0,98,80,78,2491,1000,5.76788,271,6.19058,0.000106812,0,4438,127183052219
184.612,5.41677,39.3443,0,98,80,78,2491,1000,5.76788,271,6.19058,0.000106812,0,4438,127287143977
161.556,6.18982,38.9513,0,98,80,78,2491,1000,5.76788,271,6.1833,0.000106812,0,4433,127391276441
190.667,5.24475,38.9513,0,98,80,78,2491,1000,5.76788,271,6.1833,0.000106812,0,4433,127495359542
194.128,5.15123,38.9513,0,98,80,78,2491,1000,5.76788,271,6.1833,0.000106812,0,4433,127599419439
183.196,5.45863,38.9513,0,98,80,78,2491,1000,5.76788,271,6.1833,0.000106812,0,4433,127703510395
185.77,5.383,38.9513,0,98,80,78,2491,1000,5.76788,271,6.1833,0.000106812,0,4433,127807598105
189.846,5.26743,38.7298,0,98,80,78,2487,1000,5.76835,271,6.19166,0.000106812,0,4441,127911677169
143.031,6.99147,38.7298,0,98,80,78,2487,1000,5.76835,271,6.19166,0.000106812,0,4441,128015756893
203.707,4.909,38.7298,0,98,80,78,2487,1000,5.76835,271,6.19166,0.000106812,0,4441,128119844954
185.613,5.38755,38.7298,0,98,80,78,2487,1000,5.76835,271,6.19166,0.000106812,0,4441,128225262066
191.133,5.23196,38.7298,0,98,80,78,2487,1000,5.76835,271,6.19166,0.000106812,0,4441,128329347712
200.721,4.98204,39.1791,0,98,80,78,2488,1000,5.76862,271,6.18256,0.000106812,0,4423,128433435963
175.697,5.69161,39.1791,0,98,80,78,2488,1000,5.76862,271,6.18256,0.000106812,0,4423,128537520066
194.922,5.13026,39.1791,0,98,80,78,2488,1000,5.76862,271,6.18256,0.000106812,0,4423,128641616051
170.351,5.87022,39.1791,0,98,80,78,2488,1000,5.76862,271,6.18256,0.000106812,0,4423,128745708380
203.406,4.91629,38.4139,0,99,80,78,2489,1000,5.76862,271,6.18304,0.000106812,0,4437,128849858767
221.078,4.52329,38.4139,0,99,80,78,2489,1000,5.76862,271,6.18304,0.000106812,0,4437,128953948671
178.338,5.60733,38.4139,0,99,80,78,2489,1000,5.76862,271,6.18304,0.000106812,0,4437,129058254289
205.043,4.87702,38.4139,0,99,80,78,2489,1000,5.76862,271,6.18304,0.000106812,0,4437,129162337711
180.725,5.53325,38.4139,0,99,80,78,2489,1000,5.76862,271,6.18304,0.000106812,0,4437,129266418448
207.823,4.81178,38.3354,0,98,80,78,2486,1000,5.76788,271,6.18408,0.000106812,0,4432,129370501408
163.615,6.11191,38.3354,0,98,80,78,2486,1000,5.76788,271,6.18408,0.000106812,0,4432,129474602203
197.346,5.06724,38.3354,0,98,80,78,2486,1000,5.76788,271,6.18408,0.000106812,0,4432,129578692357
165.97,6.02518,38.3354,0,98,80,78,2486,1000,5.76788,271,6.18408,0.000106812,0,4432,129682786239
189.943,5.26474,38.3354,0,98,80,78,2486,1000,5.76788,271,6.18408,0.000106812,0,4432,129787097017
143.464,6.97039,37.1859,0,98,80,78,2485,1000,5.76788,271,6.19382,0.000106812,0,4438,129891177242
182.856,5.46877,37.1859,0,98,80,78,2485,1000,5.76788,271,6.19382,0.000106812,0,4438,129995257829
176.785,5.65659,37.1859,0,98,80,78,2485,1000,5.76788,271,6.19382,0.000106812,0,4438,130099342944
113.246,8.83037,37.1859,0,98,80,78,2485,1000,5.76788,271,6.19382,0.000106812,0,4438,130203713634
147.886,6.76195,37.1859,0,98,80,78,2485,1000,5.76788,271,6.19382,0.000106812,0,4438,130307829747
182.887,5.46786,39.0152,0,99,80,78,2490,1000,5.76788,271,6.18294,0.000106812,0,4422,130411915403
185.629,5.38709,39.0152,0,99,80,78,2490,1000,5.76788,271,6.18294,0.000106812,0,4422,130515976823
163.454,6.11794,39.0152,0,99,80,78,2490,1000,5.76788,271,6.18294,0.000106812,0,4422,130620348936
187.47,5.33419,39.0152,0,99,80,78,2490,1000,5.76788,271,6.18294,0.000106812,0,4422,130724440273
173.875,5.75125,39.0152,0,99,80,78,2490,1000,5.76788,271,6.18294,0.000106812,0,4422,130828533373
191.393,5.22485,37.7666,0,98,80,78,2485,1000,5.76788,271,6.18294,0.000106812,0,4440,130932613418
206.985,4.83128,37.7666,0,98,80,78,2485,1000,5.76788,271,6.18294,0.000106812,0,4440,131036696920
160.765,6.22025,37.7666,0,98,80,78,2485,1000,5.76788,271,6.18294,0.000106812,0,4440,131140782496
182.073,5.49231,37.7666,0,98,80,78,2485,1000,5.76788,271,6.18294,0.000106812,0,4440,131244870386
178.842,5.59151,37.858,0,98,80,78,2497,1000,5.76788,271,6.18371,0.000106812,0,4440,131348947506
203.85,4.90557,37.858,0,98,80,78,2497,1000,5.76788,271,6.18371,0.000106812,0,4440,131453027902
176.497,5.66582,37.858,0,98,80,78,2497,1000,5.76788,271,6.18371,0.000106812,0,4440,131557265323
193.266,5.17421,37.858,0,98,80,78,2497,1000,5.76788,271,6.18371,0.000106812,0,4440,131661344306
179.009,5.5863,37.858,0,98,80,78,2497,1000,5.76788,271,6.18371,0.000106812,0,4440,131765425934
171.142,5.84308,37.9826,0,98,80,78,2491,1000,5.76788,271,6.17243,0.000106812,0,4432,131869538681
192.417,5.19704,37.9826,0,98,80,78,2491,1000,5.76788,271,6.17243,0.000106812,0,4432,131973876370
175.011,5.71392,37.9826,0,98,80,78,2491,1000,5.76788,271,6.17243,0.000106812,0,4432,132078264262
181.836,5.49946,37.9826,0,98,80,78,2491,1000,5.76788,271,6.17243,0.000106812,0,4432,132182343306
153.653,6.50818,37.9826,0,98,80,78,2491,1000,5.76788,271,6.17243,0.000106812,0,4432,132286431506
230.954,4.32987,37.7943,0,99,80,78,2483,1000,5.76788,271,6.17276,0.000106812,0,4443,132390516171
168.449,5.93651,37.7943,0,99,80,78,2483,1000,5.76788,271,6.17276,0.000106812,0,4443,132494605063
174.01,5.74681,37.7943,0,99,80,78,2483,1000,5.76788,271,6.17276,0.000106812,0,4443,132598701459
179.694,5.56502,37.7943,0,99,80,78,2483,1000,5.76788,271,6.17276,0.000106812,0,4443,132702791443
241.449,4.14165,37.7943,0,99,80,78,2483,1000,5.76788,271,6.17276,0.000106812,0,4443,132806872189
171.503,5.83079,37.0647,0,99,80,78,2483,1000,5.76788,271,6.16926,0.000106812,0,4440,132910978795
163.852,6.10305,37.0647,0,99,80,78,2483,1000,5.76788,271,6.16926,0.000106812,0,4440,133015088215
207.1,4.82858,37.0647,0,99,80,78,2483,1000,5.76788,271,6.16926,0.000106812,0,4440,133119168601
208.706,4.79143,37.0647,0,99,80,78,2483,1000,5.76788,271,6.16926,0.000106812,0,4440,133223234470
175.012,5.71389,37.0647,0,99,80,78,2483,1000,5.76788,271,6.16926,0.000106812,0,4440,133327334553
203.286,4.91917,38.0774,0,99,80,78,2485,1000,5.76788,271,6.18317,0.000106812,0,4441,133431421702
157.273,6.35835,38.0774,0,99,80,78,2485,1000,5.76788,271,6.18317,0.000106812,0,4441,133535502959
181.592,5.50685,38.0774,0,99,80,78,2485,1000,5.76788,271,6.18317,0.000106812,0,4441,133639603553
175.143,5.70962,38.0774,0,99,80,78,2485,1000,5.76788,271,6.18317,0.000106812,0,4441,133743684450
156.812,6.37705,38.0774,0,99,80,78,2485,1000,5.76788,271,6.18317,0.000106812,0,4441,133847972275
213.326,4.68767,36.6708,0,99,80,78,2491,1000,5.76862,271,6.18317,0.000106812,0,4437,133952060396
193.722,5.16205,36.6708,0,99,80,78,2491,1000,5.76862,271,6.18317,0.000106812,0,4437,134056982430
176.105,5.67842,36.6708,0,99,80,78,2491,1000,5.76862,271,6.18317,0.000106812,0,4437,134161062155
178.819,5.59224,36.6708,0,99,80,78,2491,1000,5.76862,271,6.18317,0.000106812,0,4437,134265139535
157.54,6.34761,37.1859,0,98,80,78,2495,1000,5.76788,271,6.18341,0.000106812,0,4428,134369205314
207.344,4.8229,37.1859,0,98,80,78,2495,1000,5.76788,271,6.18341,0.000106812,0,4428,134473287664
181.067,5.52282,37.1859,0,98,80,78,2495,1000,5.76788,271,6.18341,0.000106812,0,4428,134577334697
161.442,6.19419,37.1859,0,98,80,78,2495,1000,5.76788,271,6.18341,0.000106812,0,4428,134681428448
188.529,5.30422,37.1859,0,98,80,78,2495,1000,5.76788,271,6.18341,0.000106812,0,4428,134785527399
167.368,5.97486,37.4841,0,99,80,78,2499,1000,5.76788,271,6.18515,0.000106812,0,4416,134889874175
218.537,4.57588,37.4841,0,99,80,78,2499,1000,5.76788,271,6.18515,0.000106812,0,4416,134993958648
176.512,5.66535,37.4841,0,99,80,78,2499,1000,5.76788,271,6.18515,0.000106812,0,4416,135098053742
159.274,6.27847,37.4841,0,99,80,78,2499,1000,5.76788,271,6.18515,0.000106812,0,4416,135202136332
178.237,5.61052,37.4841,0,99,80,78,2499,1000,5.76788,271,6.18515,0.000106812,0,4416,135306195208
164.046,6.09585,37.6721,0,98,80,78,2488,1000,5.76788,271,6.18555,0.000106812,0,4441,135410657921
179.341,5.57596,37.6721,0,98,80,78,2488,1000,5.76788,271,6.18555,0.000106812,0,4441,135514770597
190.324,5.25421,37.6721,0,98,80,78,2488,1000,5.76788,271,6.18555,0.000106812,0,4441,135618858247
174.677,5.72486,37.6721,0,98,80,78,2488,1000,5.76788,271,6.18555,0.000106812,0,4441,135722942340
191.092,5.23307,37.6721,0,98,80,78,2488,1000,5.76788,271,6.18555,0.000106812,0,4441,135827028327
188.702,5.29937,37.4687,0,99,80,78,2487,1000,5.76788,271,6.18579,0.000106812,0,4441,135931495748
175.04,5.71297,37.4687,0,99,80,78,2487,1000,5.76788,271,6.18579,0.000106812,0,4441,136035574581
188.384,5.30831,37.4687,0,99,80,78,2487,1000,5.76788,271,6.18579,0.000106812,0,4441,136139652483
165.394,6.04618,37.4687,0,99,80,78,2487,1000,5.76788,271,6.18579,0.000106812,0,4441,136243734211
165.331,6.04847,37.4687,0,99,80,78,2487,1000,5.76788,271,6.18579,0.000106812,0,4441,136347822262
188.713,5.29905,38.0531,0,99,80,78,2485,1000,5.76788,271,6.18578,0.000106812,0,4421,136451904141
195.009,5.12797,38.0531,0,99,80,78,2485,1000,5.76788,271,6.18578,0.000106812,0,4421,136555989296
162.259,6.16298,38.0531,0,99,80,78,2485,1000,5.76788,271,6.18578,0.000106812,0,4421,136660069782
211.153,4.7359,38.0531,0,99,80,78,2485,1000,5.76788,271,6.18578,0.000106812,0,4421,136764151601
186.81,5.35304,38.0531,0,99,80,78,2485,1000,5.76788,271,6.18578,0.000106812,0,4421,136868257915
201.415,4.96487,39.5466,0,99,80,78,2496,1000,5.76788,271,6.18935,0.000106812,0,4419,136972342219
214.622,4.65936,39.5466,0,99,80,78,2496,1000,5.76788,271,6.18935,0.000106812,0,4419,137076440799
178.459,5.60354,39.5466,0,99,80,78,2496,1000,5.76788,271,6.18935,0.000106812,0,4419,137180528068
250.511,3.99183,39.5466,0,99,80,78,2496,1000,5.76788,271,6.18935,0.000106812,0,4419,137284607672
200.626,4.9844,39.7484,0,98,80,78,2488,1000,5.76788,271,6.19032,0.000106812,0,4419,137388696935
177.661,5.6287,39.7484,0,98,80,78,2488,1000,5.76788,271,6.19032,0.000106812,0,4419,137492774686
202.907,4.92837,39.7484,0,98,80,78,2488,1000,5.76788,271,6.19032,0.000106812,0,4419,137598064550
207.573,4.81759,39.7484,0,98,80,78,2488,1000,5.76788,271,6.19032,0.000106812,0,4419,137702146439
216.672,4.61526,39.7484,0,98,80,78,2488,1000,5.76788,271,6.19032,0.000106812,0,4419,137806233157
221.217,4.52045,38.8543,0,98,80,78,2494,1000,5.76788,271,6.18377,0.000106812,0,4426,137911169137
176.817,5.65557,38.8543,0,98,80,78,2494,1000,5.76788,271,6.18377,0.000106812,0,4426,138015254392
171.229,5.84013,38.8543,0,98,80,78,2494,1000,5.76788,271,6.18377,0.000106812,0,4426,138119349225
211.62,4.72545,38.8543,0,98,80,78,2494,1000,5.76788,271,6.18377,0.000106812,0,4426,138223444048
150.236,6.65619,38.8543,0,98,80,78,2494,1000,5.76788,271,6.18377,0.000106812,0,4426,138327545845
201.357,4.96631,38.875,0,98,80,78,2494,1000,5.76788,271,6.17936,0.000106812,0,4441,138431624958
165.401,6.0459,38.875,0,98,80,78,2494,1000,5.76788,271,6.17936,0.000106812,0,4441,138535703371
197.523,5.06271,38.875,0,98,80,78,2494,1000,5.76788,271,6.17936,0.000106812,0,4441,138639783436
234.201,4.26983,38.875,0,98,80,78,2494,1000,5.76788,271,6.17936,0.000106812,0,4441,138743869974
173.561,5.76166,38.875,0,98,80,78,2494,1000,5.76788,271,6.17936,0.000106812,0,4441,138847946362
202.577,4.9364,38.7781,0,98,80,78,2493,1000,5.76788,271,6.18128,0.000106812,0,4423,138952033431
188.633,5.3013,38.7781,0,98,80,78,2493,1000,5.76788,271,6.18128,0.000106812,0,4423,139056111422
231.267,4.32401,38.7781,0,98,80,78,2493,1000,5.76788,271,6.18128,0.000106812,0,4423,139160186068
202.894,4.92868,38.7781,0,98,80,78,2493,1000,5.76788,271,6.18128,0.000106812,0,4423,139264269910
192.697,5.18949,38.7781,0,98,80,78,2493,1000,5.76788,271,6.18128,0.000106812,0,4423,139368562063
153.88,6.49857,39.4969,0,98,80,78,2496,1000,5.76788,271,6.18943,0.000106812,0,4437,139472650544
178.033,5.61693,39.4969,0,98,80,78,2496,1000,5.76788,271,6.18943,0.000106812,0,4437,139576746129
214.934,4.65259,39.4969,0,98,80,78,2496,1000,5.76788,271,6.18943,0.000106812,0,4437,139680839429
163.773,6.10603,39.4969,0,98,80,78,2496,1000,5.76788,271,6.18943,0.000106812,0,4437,139784928502
182.806,5.47027,39.4969,0,98,80,78,2496,1000,5.76788,271,6.18943,0.000106812,0,4437,139889422062
248.094,4.03073,39.5965,0,98,80,78,2493,1000,5.76788,271,6.18943,0.000106812,0,4441,139993499643
192.566,5.19304,39.5965,0,98,80,78,2493,1000,5.76788,271,6.18943,0.000106812,0,4441,140097575881
182.22,5.48786,39.5965,0,98,80,78,2493,1000,5.76788,271,6.18943,0.000106812,0,4441,140201656698
169.757,5.89077,39.5965,0,98,80,78,2493,1000,5.76788,271,6.18943,0.000106812,0,4441,140305742494
176.902,5.65285,40.6758,0,98,80,78,2491,1000,5.76788,271,6.1898,0.000106812,0,4436,140409825606
189.354,5.2811,40.6758,0,98,80,78,2491,1000,5.76788,271,6.1898,0.000106812,0,4436,140513916191
163.452,6.11801,40.6758,0,98,80,78,2491,1000,5.76788,271,6.1898,0.000106812,0,4436,140617977291
183.638,5.44549,40.6758,0,98,80,78,2491,1000,5.76788,271,6.1898,0.000106812,0,4436,140722057196
196.086,5.0998,40.6758,0,98,80,78,2491,1000,5.76788,271,6.1898,0.000106812,0,4436,140826127142
207.485,4.81962,39.625,0,98,80,78,2491,1000,5.76788,271,6.1898,0.000106812,0,4440,140930584676
204.436,4.89151,39.625,0,98,80,78,2491,1000,5.76788,271,6.1898,0.000106812,0,4440,141034663889
167.419,5.97305,39.625,0,98,80,78,2491,1000,5.76788,271,6.1898,0.000106812,0,4440,141138743133
160.018,6.24929,39.625,0,98,80,78,2491,1000,5.76788,271,6.1898,0.000106812,0,4440,141242826886
205.456,4.86723,39.625,0,98,80,78,2491,1000,5.76788,271,6.1898,0.000106812,0,4440,141346917190
159.826,6.2568,38.9447,0,98,80,78,2490,1000,5.76788,271,6.18678,0.000106812,0,4441,141451000522
188.539,5.30393,38.9447,0,98,80,78,2490,1000,5.76788,271,6.18678,0.000106812,0,4441,141555090746
180.501,5.54013,38.9447,0,98,80,78,2490,1000,5.76788,271,6.18678,0.000106812,0,4441,141659183536
183.268,5.45649,38.9447,0,98,80,78,2490,1000,5.76788,271,6.18678,0.000106812,0,4441,141763271276
210.917,4.7412,38.9447,0,98,80,78,2490,1000,5.76788,271,6.18678,0.000106812,0,4441,141867352984
161.201,6.20343,39.4243,0,99,80,78,2489,1000,5.76788,271,6.1907,0.000106812,0,4428,141971433691
208.662,4.79245,39.4243,0,99,80,78,2489,1000,5.76788,271,6.1907,0.000106812,0,4428,142075516972
165.909,6.02741,39.4243,0,99,80,78,2489,1000,5.76788,271,6.1907,0.000106812,0,4428,142179619650
157.227,6.36024,39.4243,0,99,80,78,2489,1000,5.76788,271,6.1907,0.000106812,0,4428,142283672334
180.134,5.55143,39.4243,0,99,80,78,2489,1000,5.76788,271,6.1907,0.000106812,0,4428,142387751378
225.693,4.43081,38.5287,0,98,80,78,2491,1000,5.7757,271,6.18501,0.000106812,0,4424,142491840570
185.851,5.38067,38.5287,0,98,80,78,2491,1000,5.7757,271,6.18501,0.000106812,0,4424,142595919103
183.899,5.43777,38.5287,0,98,80,78,2491,1000,5.7757,271,6.18501,0.000106812,0,4424,142699955827
226.318,4.41855,38.5287,0,98,80,78,2491,1000,5.7757,271,6.18501,0.000106812,0,4424,142804041413
188.002,5.3191,39.1034,0,98,80,78,2486,1000,5.76788,271,6.19672,0.000106812,0,4424,142908122961
191.238,5.22909,39.1034,0,98,80,78,2486,1000,5.76788,271,6.19672,0.000106812,0,4424,143013234551
172.412,5.80005,39.1034,0,98,80,78,2486,1000,5.76788,271,6.19672,0.000106812,0,4424,143117326899
164.417,6.08208,39.1034,0,98,80,78,2486,1000,5.76788,271,6.19672,0.000106812,0,4424,143221404961
177.611,5.63028,39.1034,0,98,80,78,2486,1000,5.76788,271,6.19672,0.000106812,0,4424,143325486198
243.468,4.10731,38.5965,0,99,80,78,2489,1000,5.76788,271,6.19278,0.000106812,0,4427,143429575080
165.128,6.05589,38.5965,0,99,80,78,2489,1000,5.76788,271,6.19278,0.000106812,0,4427,143533665525
200.733,4.98173,38.5965,0,99,80,78,2489,1000,5.76788,271,6.19278,0.000106812,0,4427,143637744649
203.511,4.91373,38.5965,0,99,80,78,2489,1000,5.76788,271,6.19278,0.000106812,0,4427,143741831597
180.591,5.53736,38.5965,0,99,80,78,2489,1000,5.76788,271,6.19278,0.000106812,0,4427,143845925108
171.353,5.83589,38.5768,0,99,80,78,2489,1000,5.76788,271,6.19278,0.000106812,0,4441,143950006205
170.216,5.87488,38.5768,0,99,80,78,2489,1000,5.76788,271,6.19278,0.000106812,0,4441,144054055213
193.257,5.17445,38.5768,0,99,80,78,2489,1000,5.76788,271,6.19278,0.000106812,0,4441,144158106013
178.935,5.58863,38.5768,0,99,80,78,2489,1000,5.76788,271,6.19278,0.000106812,0,4441,144262186650
181.24,5.51755,38.5768,0,99,80,78,2489,1000,5.76788,271,6.19278,0.000106812,0,4441,144366266375
173.122,5.77629,38.5378,0,99,80,78,2483,1000,5.76837,271,6.19302,0.000106812,0,4450,144470344056
177.85,5.62273,38.5378,0,99,80,78,2483,1000,5.76837,271,6.19302,0.000106812,0,4450,144574975585
209.808,4.76627,38.5378,0,99,80,78,2483,1000,5.76837,271,6.19302,0.000106812,0,4450,144679062012
201.041,4.9741,38.5378,0,99,80,78,2483,1000,5.76837,271,6.19302,0.000106812,0,4450,144783100810
158.725,6.3002,38.5378,0,99,80,78,2483,1000,5.76837,271,6.19302,0.000106812,0,4450,144887183451
169.328,5.90569,37.6884,0,99,80,78,2490,1000,5.7757,271,6.193,0.000106812,0,4435,144991261572
190.154,5.2589,37.6884,0,99,80,78,2490,1000,5.7757,271,6.193,0.000106812,0,4435,145095343111
179.059,5.58474,37.6884,0,99,80,78,2490,1000,5.7757,271,6.193,0.000106812,0,4435,145199426783
204.215,4.89681,37.6884,0,99,80,78,2490,1000,5.7757,271,6.193,0.000106812,0,4435,145303505285
171.205,5.84095,37.6884,0,99,80,78,2490,1000,5.7757,271,6.193,0.000106812,0,4435,145407584609
221.364,4.51744,37.8882,0,99,80,78,2490,1000,5.76788,271,6.19258,0.000106812,0,4435,145511662180
154.499,6.47255,37.8882,0,99,80,78,2490,1000,5.76788,271,6.19258,0.000106812,0,4435,145615741404
246.453,4.05757,37.8882,0,99,80,78,2490,1000,5.76788,271,6.19258,0.000106812,0,4435,145720089352
179.22,5.57972,37.8882,0,99,80,78,2490,1000,5.76788,271,6.19258,0.000106812,0,4435,145824167544
179.403,5.57405,38.7176,0,99,81,78,2491,1000,5.76788,271,6.19258,0.000106812,0,4432,145928246407
211.74,4.72278,38.7176,0,99,81,78,2491,1000,5.76788,271,6.19258,0.000106812,0,4432,146032330871
203.526,4.91337,38.7176,0,99,81,78,2491,1000,5.76788,271,6.19258,0.000106812,0,4432,146136871219
156.414,6.39329,38.7176,0,99,81,78,2491,1000,5.76788,271,6.19258,0.000106812,0,4432,146240950914
161.044,6.20947,38.7176,0,99,81,78,2491,1000,5.76788,271,6.19258,0.000106812,0,4432,146345035638
194.585,5.13915,37.7972,0,99,81,78,2494,1000,5.76788,271,6.19267,0.000106812,0,4424,146449087611
147.515,6.77896,37.7972,0,99,81,78,2494,1000,5.76788,271,6.19267,0.000106812,0,4424,146553175150
140.72,7.10629,37.7972,0,99,81,78,2494,1000,5.76788,271,6.19267,0.000106812,0,4424,146657259063
184.588,5.41747,37.7972,0,99,81,78,2494,1000,5.76788,271,6.19267,0.000106812,0,4424,146761342655
184.552,5.41853,37.7972,0,99,81,78,2494,1000,5.76788,271,6.19267,0.000106812,0,4424,146865423893
222.089,4.50269,38.5194,0,98,81,78,2492,1000,5.76788,271,6.18813,0.000106812,0,4441,146970895126
237.32,4.21372,38.5194,0,98,81,78,2492,1000,5.76788,271,6.18813,0.000106812,0,4441,147074975963
218.554,4.57552,38.5194,0,98,81,78,2492,1000,5.76788,271,6.18813,0.000106812,0,4441,147179064865
207.583,4.81734,38.5194,0,98,81,78,2492,1000,5.76788,271,6.18813,0.000106812,0,4441,147283148698
211.97,4.71765,38.5194,0,98,81,78,2492,1000,5.76788,271,6.18813,0.000106812,0,4441,147387231188
160.78,6.21966,38.0299,0,99,80,78,2489,1000,5.7757,271,6.18808,0.000106812,0,4437,147491315992
164.876,6.06518,38.0299,0,99,80,78,2489,1000,5.7757,271,6.18808,0.000106812,0,4437,147595404453
249.278,4.01158,38.0299,0,99,80,78,2489,1000,5.7757,271,6.18808,0.000106812,0,4437,147699490570
195.925,5.10399,38.0299,0,99,80,78,2489,1000,5.7757,271,6.18808,0.000106812,0,4437,147803579502
184.701,5.41416,38.0299,0,99,80,78,2489,1000,5.7757,271,6.18808,0.000106812,0,4437,147907673694
185.132,5.40155,36.9018,0,99,80,78,2493,1000,5.76791,271,6.17649,0.000106812,0,4441,148011750914
173.638,5.7591,36.9018,0,99,80,78,2493,1000,5.76791,271,6.17649,0.000106812,0,4441,148116356816
172.719,5.78973,36.9018,0,99,80,78,2493,1000,5.76791,271,6.17649,0.000106812,0,4441,148220448553
162.72,6.14553,36.9018,0,99,80,78,2493,1000,5.76791,271,6.17649,0.000106812,0,4441,148324528859
172.334,5.80268,36.9403,0,99,80,78,2489,1000,5.76788,271,6.17648,0.000106812,0,4442,148428616408
186.266,5.36868,36.9403,0,99,80,78,2489,1000,5.76788,271,6.17648,0.000106812,0,4442,148532678660
176.284,5.67266,36.9403,0,99,80,78,2489,1000,5.76788,271,6.17648,0.000106812,0,4442,148636763224
179.67,5.56575,36.9403,0,99,80,78,2489,1000,5.76788,271,6.17648,0.000106812,0,4442,148740844412
144.832,6.90453,36.9403,0,99,80,78,2489,1000,5.76788,271,6.17648,0.000106812,0,4442,148844929387
183.461,5.45076,37.25,0,99,80,78,2495,1000,5.76835,271,6.17718,0.000106812,0,4441,148949010664
203.917,4.90395,37.25,0,99,80,78,2495,1000,5.76835,271,6.17718,0.000106812,0,4441,149053059201
195.141,5.12451,37.25,0,99,80,78,2495,1000,5.76835,271,6.17718,0.000106812,0,4441,149157142472
207.525,4.81869,37.25,0,99,80,78,2495,1000,5.76835,271,6.17718,0.000106812,0,4441,149261224020
236.223,4.2333,37.25,0,99,80,78,2495,1000,5.76835,271,6.17718,0.000106812,0,4441,149365306200
173.257,5.77176,36.6584,0,99,80,78,2495,1000,5.76835,271,6.1772,0.000106812,0,4417,149469387037
190.41,5.25183,36.6584,0,99,80,78,2495,1000,5.76835,271,6.1772,0.000106812,0,4417,149573464868
184.732,5.41324,36.6584,0,99,80,78,2495,1000,5.76835,271,6.1772,0.000106812,0,4417,149677545995
153.515,6.514,36.6584,0,99,80,78,2495,1000,5.76835,271,6.1772,0.000106812,0,4417,149781625700
191.469,5.22278,36.6584,0,99,80,78,2495,1000,5.76835,271,6.1772,0.000106812,0,4417,149885711376
180.588,5.53747,37.3913,0,98,80,78,2489,1000,5.76788,271,6.17816,0.000106812,0,4441,149989790870
243.089,4.11372,37.3913,0,98,80,78,2489,1000,5.76788,271,6.17816,0.000106812,0,4441,150093872689
