os,cpu,gpu,ram,kernel,driver,cpuscheduler
Arch Linux,AMD Ryzen 7 5800X 8-Core Processor,AMD Radeon RX 6900 XT (RADV NAVI21),32764436,7.0.9-arch2-1,,performance
fps,frametime,cpu_load,cpu_power,gpu_load,cpu_temp,gpu_temp,gpu_core_clock,gpu_mem_clock,gpu_vram_used,gpu_power,ram_used,swap_used,process_rss,cpu_mhz,elapsed
183.989,5.4351,28.625,0,98,75,76,2470,1000,4.95515,271,5.91871,0.000106812,0,4456,533759324
210.967,4.74008,28.625,0,98,75,76,2470,1000,4.95515,271,5.91871,0.000106812,0,4456,638519564
183.57,5.44751,28.625,0,98,75,76,2470,1000,4.95515,271,5.91871,0.000106812,0,4456,742604108
180.496,5.5403,28.625,0,98,75,76,2470,1000,4.95515,271,5.91871,0.000106812,0,4456,846879740
201.392,4.96543,29.75,0,99,75,76,2471,1000,4.95468,271,5.91894,0.000106812,0,4451,950969193
183.093,5.46171,29.75,0,99,75,76,2471,1000,4.95468,271,5.91894,0.000106812,0,4451,1055034642
169.774,5.89018,29.75,0,99,75,76,2471,1000,4.95468,271,5.91894,0.000106812,0,4451,1159114547
192.993,5.18153,29.75,0,99,75,76,2471,1000,4.95468,271,5.91894,0.000106812,0,4451,1263197127
178.895,5.58988,29.75,0,99,75,76,2471,1000,4.95468,271,5.91894,0.000106812,0,4451,1367280609
167.722,5.96226,29.9252,0,98,75,76,2474,1000,4.95468,271,5.91942,0.000106812,0,4441,1471359001
170.988,5.84835,29.9252,0,98,75,76,2474,1000,4.95468,271,5.91942,0.000106812,0,4441,1575446170
171.097,5.84464,29.9252,0,98,75,76,2474,1000,4.95468,271,5.91942,0.000106812,0,4441,1679533319
178.13,5.61388,29.9252,0,98,75,76,2474,1000,4.95468,271,5.91942,0.000106812,0,4441,1784404397
159.993,6.25029,29.9252,0,98,75,76,2474,1000,4.95468,271,5.91942,0.000106812,0,4441,1888486947
177.958,5.6193,32.0401,0,98,75,76,2464,1000,4.95468,271,5.95211,0.000106812,0,4443,1993265562
169.301,5.90665,32.0401,0,98,75,76,2464,1000,4.95468,271,5.95211,0.000106812,0,4443,2097382427
180.98,5.52546,32.0401,0,98,75,76,2464,1000,4.95468,271,5.95211,0.000106812,0,4443,2201461601
171.118,5.84393,32.0401,0,98,75,76,2464,1000,4.95468,271,5.95211,0.000106812,0,4443,2305544181
172.901,5.78364,32.0401,0,98,75,76,2464,1000,4.95468,271,5.95211,0.000106812,0,4443,2409627282
177.042,5.64839,30.6832,0,99,75,76,2461,1000,4.95515,271,5.95259,0.000106812,0,4450,2513711736
169.153,5.91181,30.6832,0,99,75,76,2461,1000,4.95515,271,5.95259,0.000106812,0,4450,2617797101
171.522,5.83017,30.6832,0,99,75,76,2461,1000,4.95515,271,5.95259,0.000106812,0,4450,2721880613
186.226,5.36981,30.6832,0,99,75,76,2461,1000,4.95515,271,5.95259,0.000106812,0,4450,2825962802
176.949,5.65133,30.6832,0,99,75,76,2461,1000,4.95515,271,5.95259,0.000106812,0,4450,2930041525
165.922,6.02692,30.9613,0,99,75,76,2458,1000,4.95468,271,5.95518,0.000106812,0,4442,3034131038
171.622,5.82674,30.9613,0,99,75,76,2458,1000,4.95468,271,5.95518,0.000106812,0,4442,3138214821
187.495,5.33348,30.9613,0,99,75,76,2458,1000,4.95468,271,5.95518,0.000106812,0,4442,3242305115
171.563,5.82875,30.9613,0,99,75,76,2458,1000,4.95468,271,5.95518,0.000106812,0,4442,3346382225
157.839,6.33557,30.7311,0,99,75,76,2458,1000,4.95468,271,5.96292,0.000106812,0,4441,3450686301
153.474,6.51576,30.7311,0,99,75,76,2458,1000,4.95468,271,5.96292,0.000106812,0,4441,3554770474
173.417,5.76645,30.7311,0,99,75,76,2458,1000,4.95468,271,5.96292,0.000106812,0,4441,3658853104
184.597,5.4172,30.7311,0,99,75,76,2458,1000,4.95468,271,5.96292,0.000106812,0,4441,3762935364
161.221,6.20266,30.7311,0,99,75,76,2458,1000,4.95468,271,5.96292,0.000106812,0,4441,3867021781
183.566,5.44764,30.7692,0,99,75,76,2467,1000,4.95468,271,5.93095,0.000106812,0,4444,3971160046
196.234,5.09595,30.7692,0,99,75,76,2467,1000,4.95468,271,5.93095,0.000106812,0,4444,4075240241
195.104,5.12547,30.7692,0,99,75,76,2467,1000,4.95468,271,5.93095,0.000106812,0,4444,4179398764
163.211,6.12704,30.7692,0,99,75,76,2467,1000,4.95468,271,5.93095,0.000106812,0,4444,4283488798
174.962,5.71552,30.7692,0,99,75,76,2467,1000,4.95468,271,5.93095,0.000106812,0,4444,4387575025
168.485,5.93524,30.5868,0,99,75,76,2467,1000,4.95468,271,5.92665,0.000106812,0,4458,4491754727
175.849,5.6867,30.5868,0,99,75,76,2467,1000,4.95468,271,5.92665,0.000106812,0,4458,4595851093
168.163,5.94661,30.5868,0,99,75,76,2467,1000,4.95468,271,5.92665,0.000106812,0,4458,4699927382
175.973,5.68268,30.5868,0,99,75,76,2467,1000,4.95468,271,5.92665,0.000106812,0,4458,4804012847
182.006,5.49431,30.5868,0,99,75,76,2467,1000,4.95468,271,5.92665,0.000106812,0,4458,4908091721
158.993,6.28957,31.9255,0,99,76,76,2478,1000,4.95468,271,5.94887,0.000106812,0,4465,5012170233
145.179,6.88805,31.9255,0,99,76,76,2478,1000,4.95468,271,5.94887,0.000106812,0,4465,5116256660
149.208,6.70208,31.9255,0,99,76,76,2478,1000,4.95468,271,5.94887,0.000106812,0,4465,5220406847
224.829,4.44783,31.9255,0,99,76,76,2478,1000,4.95468,271,5.94887,0.000106812,0,4465,5324494627
174.264,5.73842,31.9255,0,99,76,76,2478,1000,4.95468,271,5.94887,0.000106812,0,4465,5428800176
164.723,6.0708,32.9588,0,99,76,76,2479,1000,4.95468,271,5.9962,0.000106812,0,4441,5532886352
202.816,4.93057,32.9588,0,99,76,76,2479,1000,4.95468,271,5.9962,0.000106812,0,4441,5636969754
185.462,5.39193,32.9588,0,99,76,76,2479,1000,4.95468,271,5.9962,0.000106812,0,4441,5741058125
174.026,5.74626,32.9588,0,99,76,76,2479,1000,4.95468,271,5.9962,0.000106812,0,4441,5845139964
175.184,5.70827,32.9588,0,99,76,76,2479,1000,4.95468,271,5.9962,0.000106812,0,4441,5950539113
171.712,5.82369,30.9136,0,98,76,76,2478,1000,4.96249,271,5.98717,0.000106812,0,4457,6054619649
172.815,5.78654,30.9136,0,98,76,76,2478,1000,4.96249,271,5.98717,0.000106812,0,4457,6158702520
168.597,5.9313,30.9136,0,98,76,76,2478,1000,4.96249,271,5.98717,0.000106812,0,4457,6262805688
172.498,5.79716,30.9136,0,98,76,76,2478,1000,4.96249,271,5.98717,0.000106812,0,4457,6366861388
193.16,5.17705,30.9701,0,99,76,76,2471,1000,4.95468,271,5.99688,0.000106812,0,4465,6470940772
169.134,5.91247,30.9701,0,99,76,76,2471,1000,4.95468,271,5.99688,0.000106812,0,4465,6575018784
171.992,5.81421,30.9701,0,99,76,76,2471,1000,4.95468,271,5.99688,0.000106812,0,4465,6679098469
171.468,5.832,30.9701,0,99,76,76,2471,1000,4.95468,271,5.99688,0.000106812,0,4465,6783179516
172.956,5.78182,30.9701,0,99,76,76,2471,1000,4.95468,271,5.99688,0.000106812,0,4465,6887846081
180.221,5.54873,30.1129,0,99,76,76,2471,1000,4.95468,271,5.99162,0.000106812,0,4441,6991926677
167.438,5.97237,30.1129,0,99,76,76,2471,1000,4.95468,271,5.99162,0.000106812,0,4441,7096163938
172.379,5.80119,30.1129,0,99,76,76,2471,1000,4.95468,271,5.99162,0.000106812,0,4441,7200252709
159.367,6.27481,30.1129,0,99,76,76,2471,1000,4.95468,271,5.99162,0.000106812,0,4441,7304332514
177.648,5.62912,30.1129,0,99,76,76,2471,1000,4.95468,271,5.99162,0.000106812,0,4441,7408411127
180.15,5.55092,29.2866,0,98,76,76,2472,1000,4.95515,271,5.99968,0.000106812,0,4458,7512511561
165.438,6.04454,29.2866,0,98,76,76,2472,1000,4.95515,271,5.99968,0.000106812,0,4458,7616600032
156.171,6.40322,29.2866,0,98,76,76,2472,1000,4.95515,271,5.99968,0.000106812,0,4458,7720679837
175.652,5.69306,29.2866,0,98,76,76,2472,1000,4.95515,271,5.99968,0.000106812,0,4458,7824737150
184.923,5.40767,29.2866,0,98,76,76,2472,1000,4.95515,271,5.99968,0.000106812,0,4458,7928831081
177.274,5.64099,28.875,0,98,76,76,2472,1000,4.95515,271,5.98648,0.000106812,0,4441,8033711347
179.339,5.57603,28.875,0,98,76,76,2472,1000,4.95515,271,5.98648,0.000106812,0,4441,8137794488
171.052,5.84618,28.875,0,98,76,76,2472,1000,4.95515,271,5.98648,0.000106812,0,4441,8241875385
204.187,4.89746,28.875,0,98,76,76,2472,1000,4.95515,271,5.98648,0.000106812,0,4441,8345953146
245.907,4.06657,28.875,0,98,76,76,2472,1000,4.95515,271,5.98648,0.000106812,0,4441,8450592330
184.007,5.43458,29.6717,0,98,76,76,2479,1000,4.95468,271,6.0023,0.000106812,0,4446,8554677194
184.05,5.43331,29.6717,0,98,76,76,2479,1000,4.95468,271,6.0023,0.000106812,0,4446,8658781916
181.432,5.51171,29.6717,0,98,76,76,2479,1000,4.95468,271,6.0023,0.000106812,0,4446,8763175850
220.422,4.53676,29.6717,0,98,76,76,2479,1000,4.95468,271,6.0023,0.000106812,0,4446,8867256266
184.735,5.41315,29.6717,0,98,76,76,2479,1000,4.95468,271,6.0023,0.000106812,0,4446,8971342924
184.509,5.41979,29.3601,0,98,76,76,2477,1000,4.95468,271,5.99064,0.000106812,0,4441,9075422478
182.705,5.4733,29.3601,0,98,76,76,2477,1000,4.95468,271,5.99064,0.000106812,0,4441,9179576452
234.179,4.27024,29.3601,0,98,76,76,2477,1000,4.95468,271,5.99064,0.000106812,0,4441,9283668641
206.958,4.83189,29.3601,0,98,76,76,2477,1000,4.95468,271,5.99064,0.000106812,0,4441,9387759005
178.037,5.61682,29.8137,0,98,76,76,2487,1000,4.95468,271,5.98197,0.000106812,0,4441,9491849090
175.151,5.70936,29.8137,0,98,76,76,2487,1000,4.95468,271,5.98197,0.000106812,0,4441,9595971454
204.466,4.8908,29.8137,0,98,76,76,2487,1000,4.95468,271,5.98197,0.000106812,0,4441,9700050258
192.864,5.185,29.8137,0,98,76,76,2487,1000,4.95468,271,5.98197,0.000106812,0,4441,9804129792
188.039,5.31805,29.8137,0,98,76,76,2487,1000,4.95468,271,5.98197,0.000106812,0,4441,9908365850
177.468,5.63482,30.6072,0,98,76,76,2486,1000,4.95515,271,5.96045,0.000106812,0,4465,10012443310
193.204,5.17588,30.6072,0,98,76,76,2486,1000,4.95515,271,5.96045,0.000106812,0,4465,10116519729
174.624,5.72659,30.6072,0,98,76,76,2486,1000,4.95515,271,5.96045,0.000106812,0,4465,10220602429
203.121,4.92318,30.6072,0,98,76,76,2486,1000,4.95515,271,5.96045,0.000106812,0,4465,10324685310
189.637,5.27323,30.6072,0,98,76,76,2486,1000,4.95515,271,5.96045,0.000106812,0,4465,10428936687
182.466,5.48046,29.6992,0,98,76,76,2485,1000,4.95542,271,5.96069,0.000106812,0,4458,10533018926
188.099,5.31636,29.6992,0,98,76,76,2485,1000,4.95542,271,5.96069,0.000106812,0,4458,10637104622
187.951,5.32053,29.6992,0,98,76,76,2485,1000,4.95542,271,5.96069,0.000106812,0,4458,10741185449
218.236,4.5822,29.6992,0,98,76,76,2485,1000,4.95542,271,5.96069,0.000106812,0,4458,10845267428
175.564,5.69594,29.6992,0,98,76,76,2485,1000,4.95542,271,5.96069,0.000106812,0,4458,10949348967
181.488,5.51001,29.5828,0,99,76,76,2492,1000,4.95468,271,5.96095,0.000106812,0,4441,11053616163
184.979,5.40601,29.5828,0,99,76,76,2492,1000,4.95468,271,5.96095,0.000106812,0,4441,11157696349
156.588,6.38619,29.5828,0,99,76,76,2492,1000,4.95468,271,5.96095,0.000106812,0,4441,11261777195
182.698,5.47351,29.5828,0,99,76,76,2492,1000,4.95468,271,5.96095,0.000106812,0,4441,11365860567
176.507,5.66549,29.5828,0,99,76,76,2492,1000,4.95468,271,5.96095,0.000106812,0,4441,11469950351
181.388,5.51304,29.625,0,98,76,76,2492,1000,4.95468,271,5.96143,0.000106812,0,4474,11574038572
180.171,5.55029,29.625,0,98,76,76,2492,1000,4.95468,271,5.96143,0.000106812,0,4474,11678116753
175.682,5.6921,29.625,0,98,76,76,2492,1000,4.95468,271,5.96143,0.000106812,0,4474,11782194344
215.759,4.6348,29.625,0,98,76,76,2492,1000,4.95468,271,5.96143,0.000106812,0,4474,11886784206
176.861,5.65415,29.625,0,98,76,76,2492,1000,4.95468,271,5.96143,0.000106812,0,4474,11990865914
204.243,4.89613,30,0,98,76,76,2493,1000,4.95468,271,5.96132,0.000106812,0,4455,12094946460
190.076,5.26105,30,0,98,76,76,2493,1000,4.95468,271,5.96132,0.000106812,0,4455,12200379392
189.548,5.27571,30,0,98,76,76,2493,1000,4.95468,271,5.96132,0.000106812,0,4455,12304455751
193.109,5.17842,30,0,98,76,76,2493,1000,4.95468,271,5.96132,0.000106812,0,4455,12408535486
199.874,5.00315,29.5,0,98,76,76,2493,1000,4.95468,271,5.96132,0.000106812,0,4453,12512612606
181.79,5.50084,29.5,0,98,76,76,2493,1000,4.95468,271,5.96132,0.000106812,0,4453,12616678795
203.772,4.90745,29.5,0,98,76,76,2493,1000,4.95468,271,5.96132,0.000106812,0,4453,12720737280
188.084,5.31678,29.5,0,98,76,76,2493,1000,4.95468,271,5.96132,0.000106812,0,4453,12824788451
173.002,5.78028,29.5,0,98,76,76,2493,1000,4.95468,271,5.96132,0.000106812,0,4453,12928871192
191.108,5.23264,29.7604,0,98,76,76,2490,1000,4.95468,271,5.96193,0.000106812,0,4441,13032950676
211.185,4.73518,29.7604,0,98,76,76,2490,1000,4.95468,271,5.96193,0.000106812,0,4441,13137031353
189.098,5.28826,29.7604,0,98,76,76,2490,1000,4.95468,271,5.96193,0.000106812,0,4441,13241668483
177.536,5.63266,29.7604,0,98,76,76,2490,1000,4.95468,271,5.96193,0.000106812,0,4441,13345748358
194.813,5.13312,29.7604,0,98,76,76,2490,1000,4.95468,271,5.96193,0.000106812,0,4441,13449837771
188.983,5.29148,30.7018,0,98,76,76,2494,1000,4.95566,271,5.97268,0.000106812,0,4441,13553923857
197.582,5.06118,30.7018,0,98,76,76,2494,1000,4.95566,271,5.97268,0.000106812,0,4441,13658001338
158.587,6.30568,30.7018,0,98,76,76,2494,1000,4.95566,271,5.97268,0.000106812,0,4441,13762089549
194.39,5.1443,30.7018,0,98,76,76,2494,1000,4.95566,271,5.97268,0.000106812,0,4441,13866175335
190.823,5.24045,30.7018,0,98,76,76,2494,1000,4.95566,271,5.97268,0.000106812,0,4441,13971131102
198.328,5.04214,31.1333,0,99,76,76,2498,1000,4.95468,271,5.97702,0.000106812,0,4447,14075215626
168.667,5.92884,31.1333,0,99,76,76,2498,1000,4.95468,271,5.97702,0.000106812,0,4447,14179744563
150.539,6.64279,31.1333,0,99,76,76,2498,1000,4.95468,271,5.97702,0.000106812,0,4447,14283822695
181.024,5.52414,31.1333,0,99,76,76,2498,1000,4.95468,271,5.97702,0.000106812,0,4447,14388273546
187.341,5.33785,31.1333,0,99,76,76,2498,1000,4.95468,271,5.97702,0.000106812,0,4447,14492366816
180.925,5.52716,37.9526,0,98,76,76,2506,1000,4.95469,271,5.99962,0.000106812,0,4440,14596454716
200.57,4.98579,37.9526,0,98,76,76,2506,1000,4.95469,271,5.99962,0.000106812,0,4440,14700544119
194.921,5.13029,37.9526,0,98,76,76,2506,1000,4.95469,271,5.99962,0.000106812,0,4440,14804719453
185.14,5.40133,37.9526,0,98,76,76,2506,1000,4.95469,271,5.99962,0.000106812,0,4440,14908798807
189.903,5.26583,36.409,0,98,76,76,2511,1000,4.95469,271,5.99929,0.000106812,0,4440,15013430366
190.562,5.24763,36.409,0,98,76,76,2511,1000,4.95469,271,5.99929,0.000106812,0,4440,15117511003
190.776,5.24174,36.409,0,98,76,76,2511,1000,4.95469,271,5.99929,0.000106812,0,4440,15221596839
189.007,5.29082,36.409,0,98,76,76,2511,1000,4.95469,271,5.99929,0.000106812,0,4440,15326214362
175.045,5.71283,36.409,0,98,76,76,2511,1000,4.95469,271,5.99929,0.000106812,0,4440,15430293907
213.839,4.67642,35.9395,0,98,77,76,2514,1000,4.95469,271,5.99607,0.000106812,0,4443,15534376166
194.021,5.15409,35.9395,0,98,77,76,2514,1000,4.95469,271,5.99607,0.000106812,0,4443,15638466231
193.712,5.1623,35.9395,0,98,77,76,2514,1000,4.95469,271,5.99607,0.000106812,0,4443,15743656578
180.077,5.55319,35.9395,0,98,77,76,2514,1000,4.95469,271,5.99607,0.000106812,0,4443,15847742214
193.265,5.17423,35.9395,0,98,77,76,2514,1000,4.95469,271,5.99607,0.000106812,0,4443,15951826838
184.36,5.42418,36.4662,0,98,77,76,2507,1000,4.95469,271,5.99691,0.000106812,0,4442,16055907424
213.479,4.6843,36.4662,0,98,77,76,2507,1000,4.95469,271,5.99691,0.000106812,0,4442,16159987740
154.907,6.45548,36.4662,0,98,77,76,2507,1000,4.95469,271,5.99691,0.000106812,0,4442,16264065040
146.545,6.82383,36.4662,0,98,77,76,2507,1000,4.95469,271,5.99691,0.000106812,0,4442,16368579921
196.69,5.08413,36.4662,0,98,77,76,2507,1000,4.95469,271,5.99691,0.000106812,0,4442,16472638346
185.723,5.38437,36.6584,0,99,77,76,2510,1000,4.95515,271,6.01788,0.000106812,0,4441,16576716367
208.202,4.80303,36.6584,0,99,77,76,2510,1000,4.95515,271,6.01788,0.000106812,0,4441,16681646477
180.664,5.53515,36.6584,0,99,77,76,2510,1000,4.95515,271,6.01788,0.000106812,0,4441,16785727925
174.816,5.72028,36.6584,0,99,77,76,2510,1000,4.95515,271,6.01788,0.000106812,0,4441,16889806648
173.878,5.75115,36.6584,0,99,77,76,2510,1000,4.95515,271,6.01788,0.000106812,0,4441,16994789806
167.168,5.98201,36.2954,0,98,77,76,2504,1000,4.95469,271,6.0273,0.000106812,0,4440,17098866866
177.619,5.63001,36.2954,0,98,77,76,2504,1000,4.95469,271,6.0273,0.000106812,0,4440,17202997787
168.503,5.93461,36.2954,0,98,77,76,2504,1000,4.95469,271,6.0273,0.000106812,0,4440,17307080517
171.489,5.83128,36.2954,0,98,77,76,2504,1000,4.95469,271,6.0273,0.000106812,0,4440,17411174849
182.777,5.47114,36.2954,0,98,77,76,2504,1000,4.95469,271,6.0273,0.000106812,0,4440,17515259473
192.302,5.20016,34.9624,0,98,77,76,2504,1000,4.95469,271,6.02428,0.000106812,0,4441,17619455556
170.126,5.87799,34.9624,0,98,77,76,2504,1000,4.95469,271,6.02428,0.000106812,0,4441,17723633014
173.545,5.7622,34.9624,0,98,77,76,2504,1000,4.95469,271,6.02428,0.000106812,0,4441,17827683204
162.527,6.15284,34.9624,0,98,77,76,2504,1000,4.95469,271,6.02428,0.000106812,0,4441,17931766325
168.201,5.94526,34.625,0,98,77,76,2510,1000,4.95859,271,6.0159,0.000106812,0,4441,18035854486
172.617,5.79317,34.625,0,98,77,76,2510,1000,4.95859,271,6.0159,0.000106812,0,4441,18139938889
159.985,6.2506,34.625,0,98,77,76,2510,1000,4.95859,271,6.0159,0.000106812,0,4441,18244078737
168.172,5.94628,34.625,0,98,77,76,2510,1000,4.95859,271,6.0159,0.000106812,0,4441,18348199138
173.916,5.74991,34.625,0,98,77,76,2510,1000,4.95859,271,6.0159,0.000106812,0,4441,18452281858
165.996,6.02423,37.1715,0,98,77,76,2505,1000,4.95469,271,6.03528,0.000106812,0,4442,18556369789
162.103,6.16894,37.1715,0,98,77,76,2505,1000,4.95469,271,6.03528,0.000106812,0,4442,18660464902
183.099,5.46152,37.1715,0,98,77,76,2505,1000,4.95469,271,6.03528,0.000106812,0,4442,18764549316
164.189,6.09053,37.1715,0,98,77,76,2505,1000,4.95469,271,6.03528,0.000106812,0,4442,18868630213
221.054,4.52379,37.1715,0,98,77,76,2505,1000,4.95469,271,6.03528,0.000106812,0,4442,18972708735
175.699,5.69156,35.7591,0,99,77,77,2509,1000,4.95469,271,6.02563,0.000106812,0,4438,19077631120
184.215,5.42844,35.7591,0,99,77,77,2509,1000,4.95469,271,6.02563,0.000106812,0,4438,19181708080
110.001,9.0908,35.7591,0,99,77,77,2509,1000,4.95469,271,6.02563,0.000106812,0,4438,19285790770
165.471,6.04337,35.7591,0,99,77,77,2509,1000,4.95469,271,6.02563,0.000106812,0,4438,19389880393
168.102,5.94875,35.7591,0,99,77,77,2509,1000,4.95469,271,6.02563,0.000106812,0,4438,19494424148
197.968,5.05133,38.2022,0,98,77,76,2505,1000,4.95543,271,6.06216,0.000106812,0,4440,19598504705
199.411,5.01477,38.2022,0,98,77,76,2505,1000,4.95543,271,6.06216,0.000106812,0,4440,19702586293
211.135,4.7363,38.2022,0,98,77,76,2505,1000,4.95543,271,6.06216,0.000106812,0,4440,19806671688
210.163,4.75822,38.2022,0,98,77,76,2505,1000,4.95543,271,6.06216,0.000106812,0,4440,19910758717
178.959,5.58788,38.2022,0,98,77,76,2505,1000,4.95543,271,6.06216,0.000106812,0,4440,20015186735
181.155,5.52012,35.804,0,98,77,76,2497,1000,4.95469,271,6.06589,0.000106812,0,4442,20119275867
176.698,5.65937,35.804,0,98,77,76,2497,1000,4.95469,271,6.06589,0.000106812,0,4442,20223364879
160.536,6.22912,35.804,0,98,77,76,2497,1000,4.95469,271,6.06589,0.000106812,0,4442,20327450375
185.091,5.40274,35.804,0,98,77,76,2497,1000,4.95469,271,6.06589,0.000106812,0,4442,20431540800
154.089,6.48978,35.804,0,98,77,76,2497,1000,4.95469,271,6.06589,0.000106812,0,4442,20535602301
226.649,4.41211,35.8561,0,99,77,76,2493,1000,4.95469,271,6.03374,0.000106812,0,4445,20639692856
197.69,5.05842,35.8561,0,99,77,76,2493,1000,4.95469,271,6.03374,0.000106812,0,4445,20743749968
204.58,4.88806,35.8561,0,99,77,76,2493,1000,4.95469,271,6.03374,0.000106812,0,4445,20847837948
254.792,3.92477,35.8561,0,99,77,76,2493,1000,4.95469,271,6.03374,0.000106812,0,4445,20951920869
188.281,5.3112,37.764,0,99,77,76,2477,1000,4.95471,271,6.02743,0.000106812,0,4441,21055994883
164.399,6.08276,37.764,0,99,77,76,2477,1000,4.95471,271,6.02743,0.000106812,0,4441,21160079668
178.308,5.60827,37.764,0,99,77,76,2477,1000,4.95471,271,6.02743,0.000106812,0,4441,21264159703
225.75,4.42969,37.764,0,99,77,76,2477,1000,4.95471,271,6.02743,0.000106812,0,4441,21368241201
154.469,6.47379,37.764,0,99,77,76,2477,1000,4.95471,271,6.02743,0.000106812,0,4441,21472329432
168.748,5.92598,37.1108,0,98,77,76,2477,1000,4.95519,271,6.01624,0.000106812,0,4441,21576534141
191.506,5.22177,37.1108,0,98,77,76,2477,1000,4.95519,271,6.01624,0.000106812,0,4441,21680589701
212.774,4.69983,37.1108,0,98,77,76,2477,1000,4.95519,271,6.01624,0.000106812,0,4441,21784668574
163.885,6.10185,37.1108,0,98,77,76,2477,1000,4.95519,271,6.01624,0.000106812,0,4441,21888747217
195.157,5.12409,37.1108,0,98,77,76,2477,1000,4.95519,271,6.01624,0.000106812,0,4441,21992826611
176.553,5.66402,34.9624,0,98,77,76,2479,1000,4.95473,271,6.02701,0.000106812,0,4430,22096910203
153.276,6.52418,34.9624,0,98,77,76,2479,1000,4.95473,271,6.02701,0.000106812,0,4430,22201001630
195.35,5.11903,34.9624,0,98,77,76,2479,1000,4.95473,271,6.02701,0.000106812,0,4430,22305083108
186.676,5.35688,34.9624,0,98,77,76,2479,1000,4.95473,271,6.02701,0.000106812,0,4430,22409709127
174.255,5.73871,34.9624,0,98,77,76,2479,1000,4.95473,271,6.02701,0.000106812,0,4430,22513788571
187.402,5.33611,33.4171,0,98,77,76,2479,1000,4.95473,271,6.02701,0.000106812,0,4441,22617865451
197.187,5.07134,33.4171,0,98,77,76,2479,1000,4.95473,271,6.02701,0.000106812,0,4441,22722006190
201.542,4.96174,33.4171,0,98,77,76,2479,1000,4.95473,271,6.02701,0.000106812,0,4441,22826087087
186.606,5.35889,33.4171,0,98,77,76,2479,1000,4.95473,271,6.02701,0.000106812,0,4441,22930173334
159.814,6.25729,33.4171,0,98,77,76,2479,1000,4.95473,271,6.02701,0.000106812,0,4441,23034222441
190.803,5.24101,33.8791,0,99,77,76,2478,1000,4.95473,271,6.02848,0.000106812,0,4434,23138301605
160.936,6.21365,33.8791,0,99,77,76,2478,1000,4.95473,271,6.02848,0.000106812,0,4434,23242382282
173.424,5.76622,33.8791,0,99,77,76,2478,1000,4.95473,271,6.02848,0.000106812,0,4434,23346744356
184.124,5.43113,33.8791,0,99,77,76,2478,1000,4.95473,271,6.02848,0.000106812,0,4434,23450823469
182.449,5.481,33.8791,0,99,77,76,2478,1000,4.95473,271,6.02848,0.000106812,0,4434,23554904326
187.93,5.32113,34.128,0,98,77,76,2474,1000,4.95473,271,6.02129,0.000106812,0,4449,23658981677
207.119,4.82813,34.128,0,98,77,76,2474,1000,4.95473,271,6.02129,0.000106812,0,4449,23764441068
182.904,5.46735,34.128,0,98,77,76,2474,1000,4.95473,271,6.02129,0.000106812,0,4449,23868537003
158.154,6.32294,34.128,0,98,77,76,2474,1000,4.95473,271,6.02129,0.000106812,0,4449,23972635964
195.482,5.11555,33.4994,0,98,77,76,2477,1000,4.95473,271,6.01329,0.000106812,0,4445,24076715138
169.072,5.91464,33.4994,0,98,77,76,2477,1000,4.95473,271,6.01329,0.000106812,0,4445,24180807256
179.671,5.56573,33.4994,0,98,77,76,2477,1000,4.95473,271,6.01329,0.000106812,0,4445,24284888474
228.786,4.37089,33.4994,0,98,77,76,2477,1000,4.95473,271,6.01329,0.000106812,0,4445,24389569857
193.394,5.17078,33.4994,0,98,77,76,2477,1000,4.95473,271,6.01329,0.000106812,0,4445,24493627280
207.457,4.82027,33.4586,0,98,77,76,2477,1000,4.95473,271,6.01494,0.000106812,0,4441,24597711683
187.712,5.32732,33.4586,0,98,77,76,2477,1000,4.95473,271,6.01494,0.000106812,0,4441,24701790867
198.185,5.04578,33.4586,0,98,77,76,2477,1000,4.95473,271,6.01494,0.000106812,0,4441,24805875481
193.051,5.17998,33.4586,0,98,77,76,2477,1000,4.95473,271,6.01494,0.000106812,0,4441,24909961548
202.082,4.94848,33.4586,0,98,77,76,2477,1000,4.95473,271,6.01494,0.000106812,0,4441,25014045551
199.973,5.00068,34.717,0,98,77,76,2480,1000,4.95473,271,6.02223,0.000106812,0,4420,25118133180
207.116,4.82821,34.717,0,98,77,76,2480,1000,4.95473,271,6.02223,0.000106812,0,4420,25222213186
200.196,4.99511,34.717,0,98,77,76,2480,1000,4.95473,271,6.02223,0.000106812,0,4420,25326295115
177.156,5.64475,34.717,0,98,77,76,2480,1000,4.95473,271,6.02223,0.000106812,0,4420,25431528021
160.179,6.24302,34.717,0,98,77,76,2480,1000,4.95473,271,6.02223,0.000106812,0,4420,25535626431
195.383,5.11816,34.204,0,98,77,76,2486,1000,4.95473,271,6.01048,0.000106812,0,4424,25639717177
148.423,6.7375,34.204,0,98,77,76,2486,1000,4.95473,271,6.01048,0.000106812,0,4424,25743804616
182.468,5.48041,34.204,0,98,77,76,2486,1000,4.95473,271,6.01048,0.000106812,0,4424,25847884551
178.739,5.59475,34.204,0,98,77,76,2486,1000,4.95473,271,6.01048,0.000106812,0,4424,25951962613
210.305,4.75499,34.204,0,98,77,76,2486,1000,4.95473,271,6.01048,0.000106812,0,4424,26056044522
182.558,5.4777,33.7531,0,99,77,76,2483,1000,4.95473,271,6.00427,0.000106812,0,4443,26160135317
207.599,4.81698,33.7531,0,99,77,76,2483,1000,4.95473,271,6.00427,0.000106812,0,4443,26264215904
216,4.62963,33.7531,0,99,77,76,2483,1000,4.95473,271,6.00427,0.000106812,0,4443,26368297402
165.668,6.03617,33.7531,0,99,77,76,2483,1000,4.95473,271,6.00427,0.000106812,0,4443,26472380433
193.541,5.16686,33.8365,0,98,77,77,2485,1000,4.95473,271,6.00499,0.000106812,0,4440,26576462432
219.851,4.54853,33.8365,0,98,77,77,2485,1000,4.95473,271,6.00499,0.000106812,0,4440,26680538400
190.285,5.25528,33.8365,0,98,77,77,2485,1000,4.95473,271,6.00499,0.000106812,0,4440,26784619327
185.999,5.37636,33.8365,0,98,77,77,2485,1000,4.95473,271,6.00499,0.000106812,0,4440,26888719580
191.886,5.21143,33.8365,0,98,77,77,2485,1000,4.95473,271,6.00499,0.000106812,0,4440,26992804946
218.21,4.58273,34.418,0,98,77,77,2485,1000,4.95473,271,6.01279,0.000106812,0,4437,27096929965
187.576,5.33118,34.418,0,98,77,77,2485,1000,4.95473,271,6.01279,0.000106812,0,4437,27201025901
171.386,5.83478,34.418,0,98,77,77,2485,1000,4.95473,271,6.01279,0.000106812,0,4437,27305106206
210.348,4.75403,34.418,0,98,77,77,2485,1000,4.95473,271,6.01279,0.000106812,0,4437,27409184849
179.934,5.55759,34.418,0,98,77,77,2485,1000,4.95473,271,6.01279,0.000106812,0,4437,27513267319
177.346,5.6387,33.7093,0,98,77,77,2485,1000,4.95473,271,6.00306,0.000106812,0,4441,27617356742
220.554,4.53403,33.7093,0,98,77,77,2485,1000,4.95473,271,6.00306,0.000106812,0,4441,27721442017
193.998,5.1547,33.7093,0,98,77,77,2485,1000,4.95473,271,6.00306,0.000106812,0,4441,27825532993
251.099,3.98249,33.7093,0,98,77,77,2485,1000,4.95473,271,6.00306,0.000106812,0,4441,27929621224
220.714,4.53075,33.7093,0,98,77,77,2485,1000,4.95473,271,6.00306,0.000106812,0,4441,28033700037
211.575,4.72646,33.4174,0,98,77,77,2487,1000,4.95473,271,6.00349,0.000106812,0,4429,28137833242
183.569,5.44753,33.4174,0,98,77,77,2487,1000,4.95473,271,6.00349,0.000106812,0,4429,28241923196
207.859,4.81095,33.4174,0,98,77,77,2487,1000,4.95473,271,6.00349,0.000106812,0,4429,28345963668
236.785,4.22324,33.4174,0,98,77,77,2487,1000,4.95473,271,6.00349,0.000106812,0,4429,28450081534
177.467,5.63485,33.4174,0,98,77,77,2487,1000,4.95473,271,6.00349,0.000106812,0,4429,28554137624
189.86,5.26704,35.0126,0,98,77,77,2494,1000,4.95473,271,6.01843,0.000106812,0,4435,28658217790
175.09,5.71134,35.0126,0,98,77,77,2494,1000,4.95473,271,6.01843,0.000106812,0,4435,28762303286
201.197,4.97025,35.0126,0,98,77,77,2494,1000,4.95473,271,6.01843,0.000106812,0,4435,28866382690
205.248,4.87215,35.0126,0,98,77,77,2494,1000,4.95473,271,6.01843,0.000106812,0,4435,28970473816
216.514,4.61863,35.0126,0,98,77,77,2494,1000,4.95473,271,6.01843,0.000106812,0,4435,29074539274
219.793,4.54973,34.1709,0,98,77,77,2494,1000,4.95473,271,6.01896,0.000106812,0,4424,29178702285
200.857,4.97867,34.1709,0,98,77,77,2494,1000,4.95473,271,6.01896,0.000106812,0,4424,29282784485
226.595,4.41317,34.1709,0,98,77,77,2494,1000,4.95473,271,6.01896,0.000106812,0,4424,29387516512
214.041,4.672,34.1709,0,98,77,77,2494,1000,4.95473,271,6.01896,0.000106812,0,4424,29491596688
192.035,5.20738,35.169,0,98,77,77,2491,1000,4.95473,271,6.0231,0.000106812,0,4441,29595678136
196.038,5.10104,35.169,0,98,77,77,2491,1000,4.95473,271,6.0231,0.000106812,0,4441,29699760235
210.848,4.74276,35.169,0,98,77,77,2491,1000,4.95473,271,6.0231,0.000106812,0,4441,29803848065
195.914,5.10427,35.169,0,98,77,77,2491,1000,4.95473,271,6.0231,0.000106812,0,4441,29907932118
218.816,4.57006,35.169,0,98,77,77,2491,1000,4.95473,271,6.0231,0.000106812,0,4441,30012011893
207.156,4.82727,34.418,0,98,77,77,2485,1000,4.95473,271,6.00331,0.000106812,0,4441,30116097239
187.359,5.33735,34.418,0,98,77,77,2485,1000,4.95473,271,6.00331,0.000106812,0,4441,30220178536
232.805,4.29543,34.418,0,98,77,77,2485,1000,4.95473,271,6.00331,0.000106812,0,4441,30324263060
284.889,3.51014,34.418,0,98,77,77,2485,1000,4.95473,271,6.00331,0.000106812,0,4441,30428344779
215.352,4.64356,34.418,0,98,77,77,2485,1000,4.95473,271,6.00331,0.000106812,0,4441,30532426597
202.2,4.94559,34.7553,0,98,77,77,2485,1000,4.95547,271,6.0038,0.000106812,0,4440,30636499580
176.401,5.66891,34.7553,0,98,77,77,2485,1000,4.95547,271,6.0038,0.000106812,0,4440,30740581468
190.266,5.25579,34.7553,0,98,77,77,2485,1000,4.95547,271,6.0038,0.000106812,0,4440,30844672605
187.947,5.32065,34.7553,0,98,77,77,2485,1000,4.95547,271,6.0038,0.000106812,0,4440,30948888545
211.538,4.72729,34.7553,0,98,77,77,2485,1000,4.95547,271,6.0038,0.000106812,0,4440,31052975143
175.812,5.68789,36.1834,0,98,77,76,2493,1000,4.95473,271,6.00596,0.000106812,0,4442,31157054156
189.234,5.28446,36.1834,0,98,77,76,2493,1000,4.95473,271,6.00596,0.000106812,0,4442,31261133300
186.416,5.36435,36.1834,0,98,77,76,2493,1000,4.95473,271,6.00596,0.000106812,0,4442,31365215870
190.983,5.23606,36.1834,0,98,77,76,2493,1000,4.95473,271,6.00596,0.000106812,0,4442,31469304151
184.05,5.43331,36.1834,0,98,77,76,2493,1000,4.95473,271,6.00596,0.000106812,0,4442,31573393514
196.724,5.08327,35.5721,0,98,77,76,2492,1000,4.95473,271,6.00596,0.000106812,0,4434,31677494098
167.537,5.96884,35.5721,0,98,77,76,2492,1000,4.95473,271,6.00596,0.000106812,0,4434,31781582078
201.779,4.95591,35.5721,0,98,77,76,2492,1000,4.95473,271,6.00596,0.000106812,0,4434,31885664418
192.685,5.18983,35.5721,0,98,77,76,2492,1000,4.95473,271,6.00596,0.000106812,0,4434,31989747158
196.432,5.09082,34.799,0,98,77,77,2490,1000,4.95473,271,6.0062,0.000106812,0,4435,32093824408
166.783,5.9958,34.799,0,98,77,77,2490,1000,4.95473,271,6.0062,0.000106812,0,4435,32197899374
212.144,4.71378,34.799,0,98,77,77,2490,1000,4.95473,271,6.0062,0.000106812,0,4435,32301977145
170.831,5.85372,34.799,0,98,77,77,2490,1000,4.95473,271,6.0062,0.000106812,0,4435,32406061158
201.087,4.97297,34.799,0,98,77,77,2490,1000,4.95473,271,6.0062,0.000106812,0,4435,32510464710
167.619,5.96593,35.1117,0,98,77,77,2489,1000,4.95547,271,6.00644,0.000106812,0,4441,32614567198
214.14,4.66985,35.1117,0,98,77,77,2489,1000,4.95547,271,6.00644,0.000106812,0,4441,32718604122
225.938,4.426,35.1117,0,98,77,77,2489,1000,4.95547,271,6.00644,0.000106812,0,4441,32822683576
158.202,6.32104,35.1117,0,98,77,77,2489,1000,4.95547,271,6.00644,0.000106812,0,4441,32926765075
238.355,4.19542,35.1117,0,98,77,77,2489,1000,4.95547,271,6.00644,0.000106812,0,4441,33030845521
193.345,5.17211,35.7054,0,98,77,77,2489,1000,4.95547,271,6.01851,0.000106812,0,4441,33134916940
244.336,4.09273,35.7054,0,98,77,77,2489,1000,4.95547,271,6.01851,0.000106812,0,4441,33239001294
152.075,6.57571,35.7054,0,98,77,77,2489,1000,4.95547,271,6.01851,0.000106812,0,4441,33343514541
165.669,6.03615,35.7054,0,98,77,77,2489,1000,4.95547,271,6.01851,0.000106812,0,4441,33447593124
185.678,5.38568,35.7054,0,98,77,77,2489,1000,4.95547,271,6.01851,0.000106812,0,4441,33551682717
193.825,5.1593,36.1491,0,99,77,77,2491,1000,4.95473,271,5.98789,0.000106812,0,4437,33655770918
185.054,5.40384,36.1491,0,99,77,77,2491,1000,4.95473,271,5.98789,0.000106812,0,4437,33759857065
205.148,4.87453,36.1491,0,99,77,77,2491,1000,4.95473,271,5.98789,0.000106812,0,4437,33863936238
167.042,5.98652,36.1491,0,99,77,77,2491,1000,4.95473,271,5.98789,0.000106812,0,4437,33968016695
178.546,5.60079,36.1491,0,99,77,77,2491,1000,4.95473,271,5.98789,0.000106812,0,4437,34072624570
170.898,5.85144,35.2795,0,98,77,77,2489,1000,4.95473,271,5.98857,0.000106812,0,4441,34176703603
181.329,5.51484,35.2795,0,98,77,77,2489,1000,4.95473,271,5.98857,0.000106812,0,4441,34280966191
176.767,5.65716,35.2795,0,98,77,77,2489,1000,4.95473,271,5.98857,0.000106812,0,4441,34385057998
175.076,5.7118,35.2795,0,98,77,77,2489,1000,4.95473,271,5.98857,0.000106812,0,4441,34489135118
202.007,4.95032,35.2795,0,98,77,77,2489,1000,4.95473,271,5.98857,0.000106812,0,4441,34593343084
192.957,5.1825,34.9754,0,99,77,77,2491,1000,4.95473,271,5.99272,0.000106812,0,4441,34697426996
176.788,5.6565,34.9754,0,99,77,77,2491,1000,4.95473,271,5.99272,0.000106812,0,4441,34801465955
172.839,5.78573,34.9754,0,99,77,77,2491,1000,4.95473,271,5.99272,0.000106812,0,4441,34905517537
163.708,6.10844,34.9754,0,99,77,77,2491,1000,4.95473,271,5.99272,0.000106812,0,4441,35009596901
156.872,6.37463,33.8308,0,99,77,76,2490,1000,4.95473,271,5.99687,0.000106812,0,4441,35113689520
163.856,6.10292,33.8308,0,99,77,76,2490,1000,4.95473,271,5.99687,0.000106812,0,4441,35217766369
161.319,6.1989,33.8308,0,99,77,76,2490,1000,4.95473,271,5.99687,0.000106812,0,4441,35321851945
166.8,5.99519,33.8308,0,99,77,76,2490,1000,4.95473,271,5.99687,0.000106812,0,4441,35425936439
168.114,5.94835,33.8308,0,99,77,76,2490,1000,4.95473,271,5.99687,0.000106812,0,4441,35530023447
176.012,5.68142,34.8635,0,99,77,77,2493,1000,4.95473,271,5.99759,0.000106812,0,4441,35634101409
170.915,5.85087,34.8635,0,99,77,77,2493,1000,4.95473,271,5.99759,0.000106812,0,4441,35738213404
163.958,6.09911,34.8635,0,99,77,77,2493,1000,4.95473,271,5.99759,0.000106812,0,4441,35842305763
134.763,7.42041,34.8635,0,99,77,77,2493,1000,4.95473,271,5.99759,0.000106812,0,4441,35946392621
163.649,6.11064,34.8635,0,99,77,77,2493,1000,4.95473,271,5.99759,0.000106812,0,4441,36050449352
161.201,6.20345,34.8578,0,99,77,77,2489,1000,4.95473,271,5.99734,0.000106812,0,4441,36154503479
156.653,6.38352,34.8578,0,99,77,77,2489,1000,4.95473,271,5.99734,0.000106812,0,4441,36258583214
196.615,5.08608,34.8578,0,99,77,77,2489,1000,4.95473,271,5.99734,0.000106812,0,4441,36362667037
171.278,5.83846,34.8578,0,99,77,77,2489,1000,4.95473,271,5.99734,0.000106812,0,4441,36466836690
169.576,5.89706,34.8578,0,99,77,77,2489,1000,4.95473,271,5.99734,0.000106812,0,4441,36570916796
175.957,5.68321,35.3523,0,99,77,77,2490,1000,4.95473,271,5.99773,0.000106812,0,4443,36675423621
195.616,5.11204,35.3523,0,99,77,77,2490,1000,4.95473,271,5.99773,0.000106812,0,4443,36779521630
172.71,5.79004,35.3523,0,99,77,77,2490,1000,4.95473,271,5.99773,0.000106812,0,4443,36883607827
187.128,5.34395,35.3523,0,99,77,77,2490,1000,4.95473,271,5.99773,0.000106812,0,4443,36988323234
159.755,6.25958,35.3523,0,99,77,77,2490,1000,4.95473,271,5.99773,0.000106812,0,4443,37092417326
170.709,5.85792,34.4099,0,99,77,77,2487,1000,4.95473,271,6.00286,0.000106812,0,4441,37196568685
170.204,5.87529,34.4099,0,99,77,77,2487,1000,4.95473,271,6.00286,0.000106812,0,4441,37300651405
169.048,5.91547,34.4099,0,99,77,77,2487,1000,4.95473,271,6.00286,0.000106812,0,4441,37404744024
176.879,5.65359,34.4099,0,99,77,77,2487,1000,4.95473,271,6.00286,0.000106812,0,4441,37508837184
163.15,6.12933,34.4099,0,99,77,77,2487,1000,4.95473,271,6.00286,0.000106812,0,4441,37612924864
181.746,5.50218,34.5,0,99,77,77,2487,1000,4.95473,271,6.00311,0.000106812,0,4439,37717011301
170.303,5.8719,34.5,0,99,77,77,2487,1000,4.95473,271,6.00311,0.000106812,0,4439,37821695840
196.183,5.09728,34.5,0,99,77,77,2487,1000,4.95473,271,6.00311,0.000106812,0,4439,37925782939
185.598,5.388,34.5,0,99,77,77,2487,1000,4.95473,271,6.00311,0.000106812,0,4439,38029862834
241.621,4.13872,36.6834,0,99,77,77,2488,1000,4.95473,271,6.02314,0.000106812,0,4416,38133957316
187.037,5.34652,36.6834,0,99,77,77,2488,1000,4.95473,271,6.02314,0.000106812,0,4416,38238174238
194.841,5.13238,36.6834,0,99,77,77,2488,1000,4.95473,271,6.02314,0.000106812,0,4416,38342265334
167.943,5.95439,36.6834,0,99,77,77,2488,1000,4.95473,271,6.02314,0.000106812,0,4416,38446347584
201.85,4.95418,36.6834,0,99,77,77,2488,1000,4.95473,271,6.02314,0.000106812,0,4416,38550429944
208.179,4.80357,34.6447,0,98,77,77,2496,1000,4.95475,271,6.01403,0.000106812,0,4449,38654703792
203.613,4.91129,34.6447,0,98,77,77,2496,1000,4.95475,271,6.01403,0.000106812,0,4449,38758783247
172.096,5.81069,34.6447,0,98,77,77,2496,1000,4.95475,271,6.01403,0.000106812,0,4449,38862863633
170.887,5.85182,34.6447,0,98,77,77,2496,1000,4.95475,271,6.01403,0.000106812,0,4449,38966945301
207.646,4.81589,34.6447,0,98,77,77,2496,1000,4.95475,271,6.01403,0.000106812,0,4449,39071024175
166.438,6.00825,35.2941,0,98,77,77,2493,1000,4.95475,271,6.01323,0.000106812,0,4440,39175105983
156.012,6.40977,35.2941,0,98,77,77,2493,1000,4.95475,271,6.01323,0.000106812,0,4440,39279184856
230.01,4.34763,35.2941,0,98,77,77,2493,1000,4.95475,271,6.01323,0.000106812,0,4440,39383270092
227.928,4.38736,35.2941,0,98,77,77,2493,1000,4.95475,271,6.01323,0.000106812,0,4440,39487350748
197.003,5.07608,35.2941,0,98,77,77,2493,1000,4.95475,271,6.01323,0.000106812,0,4440,39591420765
216.508,4.61877,34.9624,0,98,77,77,2495,1000,4.95475,271,6.01393,0.000106812,0,4436,39695504006
235.624,4.24405,34.9624,0,98,77,77,2495,1000,4.95475,271,6.01393,0.000106812,0,4436,39799582549
189.699,5.2715,34.9624,0,98,77,77,2495,1000,4.95475,271,6.01393,0.000106812,0,4436,39903878850
193.074,5.17935,34.9624,0,98,77,77,2495,1000,4.95475,271,6.01393,0.000106812,0,4436,40007955419
163.502,6.11613,34.9624,0,98,77,77,2495,1000,4.95475,271,6.01393,0.000106812,0,4436,40112042237
160.975,6.21215,35.9748,0,98,77,77,2492,1000,4.95475,271,6.01168,0.000106812,0,4439,40216095111
214.678,4.65813,35.9748,0,98,77,77,2492,1000,4.95475,271,6.01168,0.000106812,0,4439,40320174014
226.366,4.41763,35.9748,0,98,77,77,2492,1000,4.95475,271,6.01168,0.000106812,0,4439,40424407498
202.56,4.93681,35.9748,0,98,77,77,2492,1000,4.95475,271,6.01168,0.000106812,0,4439,40528488815
227.885,4.38818,35.9748,0,98,77,77,2492,1000,4.95475,271,6.01168,0.000106812,0,4439,40632588167
165.4,6.04597,35.3015,0,98,77,77,2490,1000,4.95475,271,6.01192,0.000106812,0,4437,40736668563
211.701,4.72364,35.3015,0,98,77,77,2490,1000,4.95475,271,6.01192,0.000106812,0,4437,40840750472
184.082,5.43237,35.3015,0,98,77,77,2490,1000,4.95475,271,6.01192,0.000106812,0,4437,40944831800
181.811,5.50023,35.3015,0,98,77,77,2490,1000,4.95475,271,6.01192,0.000106812,0,4437,41048910533
171.495,5.83106,34.125,0,98,77,77,2484,1000,4.95475,271,6.01082,0.000106812,0,4429,41152990618
191.992,5.20855,34.125,0,98,77,77,2484,1000,4.95475,271,6.01082,0.000106812,0,4429,41257079691
213.695,4.67956,34.125,0,98,77,77,2484,1000,4.95475,271,6.01082,0.000106812,0,4429,41361164505
178.376,5.60615,34.125,0,98,77,77,2484,1000,4.95475,271,6.01082,0.000106812,0,4429,41465252275
187.313,5.33866,34.125,0,98,77,77,2484,1000,4.95475,271,6.01082,0.000106812,0,4429,41569331569
212.295,4.71043,33.9152,0,98,77,77,2485,1000,4.95475,271,6.01106,0.000106812,0,4441,41673389984
193.508,5.16775,33.9152,0,98,77,77,2485,1000,4.95475,271,6.01106,0.000106812,0,4441,41777475209
183.462,5.45073,33.9152,0,98,77,77,2485,1000,4.95475,271,6.01106,0.000106812,0,4441,41881646575
199.962,5.00096,33.9152,0,98,77,77,2485,1000,4.95475,271,6.01106,0.000106812,0,4441,41985733203
173.145,5.77551,33.9152,0,98,77,77,2485,1000,4.95475,271,6.01106,0.000106812,0,4441,42090071322
213.244,4.68946,34.0426,0,98,77,77,2476,1000,4.95549,271,6.00464,0.000106812,0,4441,42194158962
176.707,5.6591,34.0426,0,98,77,77,2476,1000,4.95549,271,6.00464,0.000106812,0,4441,42298238937
205.178,4.87383,34.0426,0,98,77,77,2476,1000,4.95549,271,6.00464,0.000106812,0,4441,42402320035
166.857,5.99317,34.0426,0,98,77,77,2476,1000,4.95549,271,6.00464,0.000106812,0,4441,42506397025
171.742,5.8227,34.0426,0,98,77,77,2476,1000,4.95549,271,6.00464,0.000106812,0,4441,42610477010
160.419,6.23369,33.4168,0,98,77,77,2476,1000,4.95549,271,6.00464,0.000106812,0,4417,42714633479
171.512,5.83049,33.4168,0,98,77,77,2476,1000,4.95549,271,6.00464,0.000106812,0,4417,42818721238
152.991,6.53631,33.4168,0,98,77,77,2476,1000,4.95549,271,6.00464,0.000106812,0,4417,42922812104
193.33,5.1725,33.4168,0,98,77,77,2476,1000,4.95549,271,6.00464,0.000106812,0,4417,43027384573
192.639,5.19106,33.4168,0,98,77,77,2476,1000,4.95549,271,6.00464,0.000106812,0,4417,43131466291
178.602,5.59905,34.1191,0,98,77,77,2478,1000,4.95475,271,5.99511,0.000106812,0,4433,43235549352
169.594,5.89643,34.1191,0,98,77,77,2478,1000,4.95475,271,5.99511,0.000106812,0,4433,43339630490
178.569,5.60008,34.1191,0,98,77,77,2478,1000,4.95475,271,5.99511,0.000106812,0,4433,43443714903
180.585,5.53755,34.1191,0,98,77,77,2478,1000,4.95475,271,5.99511,0.000106812,0,4433,43547795951
184.892,5.40855,34.1191,0,98,77,77,2478,1000,4.95475,271,5.99511,0.000106812,0,4433,43651875936
175.105,5.71086,33.3333,0,98,77,77,2476,1000,4.95573,271,5.99502,0.000106812,0,4451,43755953978
181.33,5.5148,33.3333,0,98,77,77,2476,1000,4.95573,271,5.99502,0.000106812,0,4451,43860033833
162.845,6.1408,33.3333,0,98,77,77,2476,1000,4.95573,271,5.99502,0.000106812,0,4451,43964114960
194.66,5.13717,33.3333,0,98,77,77,2476,1000,4.95573,271,5.99502,0.000106812,0,4451,44068237886
182.431,5.48154,33.6671,0,98,77,77,2475,1000,4.95475,271,5.9955,0.000106812,0,4437,44172329894
167.52,5.96945,33.6671,0,98,77,77,2475,1000,4.95475,271,5.9955,0.000106812,0,4437,44276420048
224.189,4.46052,33.6671,0,98,77,77,2475,1000,4.95475,271,5.9955,0.000106812,0,4437,44380508209
179.313,5.57684,33.6671,0,98,77,77,2475,1000,4.95475,271,5.9955,0.000106812,0,4437,44484593845
147.663,6.77216,33.6671,0,98,77,77,2475,1000,4.95475,271,5.9955,0.000106812,0,4437,44588676255
180.576,5.53782,33.6228,0,98,77,77,2477,1000,4.95475,271,5.9955,0.000106812,0,4441,44692758945
200.833,4.97926,33.6228,0,98,77,77,2477,1000,4.95475,271,5.9955,0.000106812,0,4441,44796846685
178.727,5.59512,33.6228,0,98,77,77,2477,1000,4.95475,271,5.9955,0.000106812,0,4441,44900927171
212.531,4.7052,33.6228,0,98,77,77,2477,1000,4.95475,271,5.9955,0.000106812,0,4441,45005019850
177.586,5.63107,33.6228,0,98,77,77,2477,1000,4.95475,271,5.9955,0.000106812,0,4441,45109108772
180.631,5.53614,32.6223,0,98,78,77,2475,1000,4.95475,271,6.00023,0.000106812,0,4438,45213194739
192.785,5.18712,32.6223,0,98,78,77,2475,1000,4.95475,271,6.00023,0.000106812,0,4438,45317283751
159.524,6.26865,32.6223,0,98,78,77,2475,1000,4.95475,271,6.00023,0.000106812,0,4438,45421354960
221.828,4.50799,32.6223,0,98,78,77,2475,1000,4.95475,271,6.00023,0.000106812,0,4438,45525433913
183.271,5.45641,32.6223,0,98,78,77,2475,1000,4.95475,271,6.00023,0.000106812,0,4438,45629512977
166.741,5.99733,32.7044,0,98,78,77,2475,1000,4.95475,271,6.01192,0.000106812,0,4432,45733595327
199.661,5.00848,32.7044,0,98,78,77,2475,1000,4.95475,271,6.01192,0.000106812,0,4432,45837674170
169.419,5.90252,32.7044,0,98,78,77,2475,1000,4.95475,271,6.01192,0.000106812,0,4432,45941752843
168.062,5.95019,32.7044,0,98,78,77,2475,1000,4.95475,271,6.01192,0.000106812,0,4432,46045834251
146.057,6.84663,32.7044,0,98,78,77,2475,1000,4.95475,271,6.01192,0.000106812,0,4432,46149911901
186.785,5.35376,33.2085,0,98,78,77,2471,1000,4.95475,271,6.03053,0.000106812,0,4424,46253992117
151.872,6.58448,33.2085,0,98,78,77,2471,1000,4.95475,271,6.03053,0.000106812,0,4424,46358655927
240.237,4.16255,33.2085,0,98,78,77,2471,1000,4.95475,271,6.03053,0.000106812,0,4424,46462736073
197.739,5.05716,33.2085,0,98,78,77,2471,1000,4.95475,271,6.03053,0.000106812,0,4424,46566813513
191.88,5.2116,33.2085,0,98,78,77,2471,1000,4.95475,271,6.03053,0.000106812,0,4424,46670893438
196.915,5.07833,33.3752,0,97,78,77,2472,1000,4.95475,267,6.03785,0.000106812,0,4416,46774974476
180.207,5.54916,33.3752,0,97,78,77,2472,1000,4.95475,267,6.03785,0.000106812,0,4416,46879057096
166.957,5.98956,33.3752,0,97,78,77,2472,1000,4.95475,267,6.03785,0.000106812,0,4416,46983172528
171.238,5.83981,33.3752,0,97,78,77,2472,1000,4.95475,267,6.03785,0.000106812,0,4416,47087269274
173.724,5.75624,32.795,0,98,78,77,2468,1000,4.95475,271,6.05317,0.000106812,0,4422,47191354760
164.433,6.08149,32.795,0,98,78,77,2468,1000,4.95475,271,6.05317,0.000106812,0,4422,47296219537
224.171,4.46087,32.795,0,98,78,77,2468,1000,4.95475,271,6.05317,0.000106812,0,4422,47400298270
183.635,5.44558,32.795,0,98,78,77,2468,1000,4.95475,271,6.05317,0.000106812,0,4422,47504334954
159.163,6.28286,32.795,0,98,78,77,2468,1000,4.95475,271,6.05317,0.000106812,0,4422,47608709371
179.851,5.56015,31.5,0,98,78,77,2473,1000,4.97396,271,6.03597,0.000106812,0,4442,47712787313
180.121,5.55183,31.5,0,98,78,77,2473,1000,4.97396,271,6.03597,0.000106812,0,4442,47816865825
170.009,5.88205,31.5,0,98,78,77,2473,1000,4.97396,271,6.03597,0.000106812,0,4442,47920945550
162.301,6.16138,31.5,0,98,78,77,2473,1000,4.97396,271,6.03597,0.000106812,0,4442,48025026878
189.833,5.2678,31.5,0,98,78,77,2473,1000,4.97396,271,6.03597,0.000106812,0,4442,48129226137
187.535,5.33235,33.4161,0,98,78,77,2473,1000,4.97396,271,6.05067,0.000106812,0,4438,48233304489
181.665,5.50464,33.4161,0,98,78,77,2473,1000,4.97396,271,6.05067,0.000106812,0,4438,48337396216
178.74,5.59473,33.4161,0,98,78,77,2473,1000,4.97396,271,6.05067,0.000106812,0,4438,48441475360
180.535,5.53909,33.4161,0,98,78,77,2473,1000,4.97396,271,6.05067,0.000106812,0,4438,48545553101
162.806,6.14227,33.4161,0,98,78,77,2473,1000,4.97396,271,6.05067,0.000106812,0,4438,48649631223
207.978,4.8082,31.9652,0,98,78,77,2465,1000,4.95475,271,6.05114,0.000106812,0,4440,48753694076
214.426,4.66361,31.9652,0,98,78,77,2465,1000,4.95475,271,6.05114,0.000106812,0,4440,48857772448
177.602,5.63056,31.9652,0,98,78,77,2465,1000,4.95475,271,6.05114,0.000106812,0,4440,48961857042
167.789,5.95986,31.9652,0,98,78,77,2465,1000,4.95475,271,6.05114,0.000106812,0,4440,49065936326
163.562,6.11387,31.9652,0,98,78,77,2465,1000,4.95475,271,6.05114,0.000106812,0,4440,49170017324
199.311,5.01729,32.2864,0,98,78,77,2466,1000,4.95475,271,6.06071,0.000106812,0,4441,49274106256
191.561,5.22027,32.2864,0,98,78,77,2466,1000,4.95475,271,6.06071,0.000106812,0,4441,49378186081
212.543,4.70493,32.2864,0,98,78,77,2466,1000,4.95475,271,6.06071,0.000106812,0,4441,49482319346
147.193,6.79381,32.2864,0,98,78,77,2466,1000,4.95475,271,6.06071,0.000106812,0,4441,49586372912
188.113,5.31595,32.2864,0,98,78,77,2466,1000,4.95475,271,6.06071,0.000106812,0,4441,49690452095
167.395,5.97388,31.7224,0,98,78,77,2471,1000,4.95475,271,6.05025,0.000106812,0,4441,49794530608
166.233,6.01564,31.7224,0,98,78,77,2471,1000,4.95475,271,6.05025,0.000106812,0,4441,49898607998
203.074,4.9243,31.7224,0,98,78,77,2471,1000,4.95475,271,6.05025,0.000106812,0,4441,50003340848
145.96,6.85117,31.7224,0,98,78,77,2471,1000,4.95475,271,6.05025,0.000106812,0,4441,50107374857
156.185,6.40265,30.8564,0,98,78,77,2461,1000,4.95475,271,6.05025,0.000106812,0,4442,50211463308
138.413,7.22474,30.8564,0,98,78,77,2461,1000,4.95475,271,6.05025,0.000106812,0,4442,50315545918
163.13,6.13006,30.8564,0,98,78,77,2461,1000,4.95475,271,6.05025,0.000106812,0,4442,50420069004
154.468,6.47385,30.8564,0,98,78,77,2461,1000,4.95475,271,6.05025,0.000106812,0,4442,50524147387
182.506,5.47928,30.8564,0,98,78,77,2461,1000,4.95475,271,6.05025,0.000106812,0,4442,50628228945
148.135,6.7506,30.4893,0,98,78,77,2481,1000,4.95866,271,6.04228,0.000106812,0,4441,50732319490
180.505,5.54003,30.4893,0,98,78,77,2481,1000,4.95866,271,6.04228,0.000106812,0,4441,50836365542
155.779,6.41933,30.4893,0,98,78,77,2481,1000,4.95866,271,6.04228,0.000106812,0,4441,50940443092
142.692,7.00812,30.4893,0,98,78,77,2481,1000,4.95866,271,6.04228,0.000106812,0,4441,51044521495
153.01,6.5355,30.4893,0,98,78,77,2481,1000,4.95866,271,6.04228,0.000106812,0,4441,51148606700
159.79,6.25822,30.6148,0,99,77,77,2480,1000,4.95475,271,6.04276,0.000106812,0,4441,51252702395
157.763,6.3386,30.6148,0,99,77,77,2480,1000,4.95475,271,6.04276,0.000106812,0,4441,51356786828
152.654,6.55075,30.6148,0,99,77,77,2480,1000,4.95475,271,6.04276,0.000106812,0,4441,51460865060
179.48,5.57165,30.6148,0,99,77,77,2480,1000,4.95475,271,6.04276,0.000106812,0,4441,51564966596
150.9,6.62689,30.6148,0,99,77,77,2480,1000,4.95475,271,6.04276,0.000106812,0,4441,51669383823
159.735,6.26038,35.169,0,98,78,77,2476,1000,4.95475,271,6.06383,0.000106812,0,4436,51773468217
152.466,6.55885,35.169,0,98,78,77,2476,1000,4.95475,271,6.06383,0.000106812,0,4436,51877555226
137.561,7.26951,35.169,0,98,78,77,2476,1000,4.95475,271,6.06383,0.000106812,0,4436,51981671599
172.485,5.79759,35.169,0,98,78,77,2476,1000,4.95475,271,6.06383,0.000106812,0,4436,52085757295
211.589,4.72615,35.169,0,98,78,77,2476,1000,4.95475,271,6.06383,0.000106812,0,4436,52189837070
191.542,5.2208,35.7855,0,99,78,77,2473,1000,4.95475,271,6.06392,0.000106812,0,4441,52293921854
207.017,4.83053,35.7855,0,99,78,77,2473,1000,4.95475,271,6.06392,0.000106812,0,4441,52398145299
153.776,6.50298,35.7855,0,99,78,77,2473,1000,4.95475,271,6.06392,0.000106812,0,4441,52502224082
180.065,5.55356,35.7855,0,99,78,77,2473,1000,4.95475,271,6.06392,0.000106812,0,4441,52606297855
156.071,6.40732,35.7855,0,99,78,77,2473,1000,4.95475,271,6.06392,0.000106812,0,4441,52710381908
193.357,5.17178,37.4687,0,98,78,77,2484,1000,4.95475,271,6.06392,0.000106812,0,4438,52814463176
153.174,6.52854,37.4687,0,98,78,77,2484,1000,4.95475,271,6.06392,0.000106812,0,4438,52918767442
187.185,5.3423,37.4687,0,98,78,77,2484,1000,4.95475,271,6.06392,0.000106812,0,4438,53022848780
120.442,8.30277,37.4687,0,98,78,77,2484,1000,4.95475,271,6.06392,0.000106812,0,4438,53126932181
208.06,4.8063,39.5262,0,98,78,77,2484,1000,4.95475,271,6.07342,0.000106812,0,4441,53231021264
149.12,6.70601,39.5262,0,98,78,77,2484,1000,4.95475,271,6.07342,0.000106812,0,4441,53335102141
183.925,5.437,39.5262,0,98,78,77,2484,1000,4.95475,271,6.07342,0.000106812,0,4441,53439180763
153.706,6.50595,39.5262,0,98,78,77,2484,1000,4.95475,271,6.07342,0.000106812,0,4441,53543281397
183.012,5.46412,39.5262,0,98,78,77,2484,1000,4.95475,271,6.07342,0.000106812,0,4441,53647392451
168.861,5.92203,38.7016,0,98,78,77,2479,1000,4.95475,271,6.06867,0.000106812,0,4441,53751513764
141.907,7.04689,38.7016,0,98,78,77,2479,1000,4.95475,271,6.06867,0.000106812,0,4441,53855603317
176.578,5.66322,38.7016,0,98,78,77,2479,1000,4.95475,271,6.06867,0.000106812,0,4441,53959933632
217.573,4.59616,38.7016,0,98,78,77,2479,1000,4.95475,271,6.06867,0.000106812,0,4441,54064023165
189.457,5.27825,38.7016,0,98,78,77,2479,1000,4.95475,271,6.06867,0.000106812,0,4441,54168114111
151.382,6.6058,38.394,0,98,78,77,2486,1000,4.95475,271,6.06867,0.000106812,0,4441,54272209745
146.466,6.82754,38.394,0,98,78,77,2486,1000,4.95475,271,6.06867,0.000106812,0,4441,54376281155
46.5395,21.4871,38.394,0,98,78,77,2486,1000,4.95475,271,6.06867,0.000106812,0,4441,54480366340
62.6366,15.9651,38.394,0,98,78,77,2486,1000,4.95475,271,6.06867,0.000106812,0,4441,54584452827
90.9753,10.992,38.394,0,98,78,77,2486,1000,4.95475,271,6.06867,0.000106812,0,4441,54688547119
77.0362,12.9809,43.7346,0,97,78,77,2170,1000,4.95475,271,6.11428,0.000106812,0,4442,54792652192
85.8748,11.6449,43.7346,0,97,78,77,2170,1000,4.95475,271,6.11428,0.000106812,0,4442,54896704505
79.4438,12.5875,43.7346,0,97,78,77,2170,1000,4.95475,271,6.11428,0.000106812,0,4442,55000805399
50.9296,19.6349,43.7346,0,97,78,77,2170,1000,4.95475,271,6.11428,0.000106812,0,4442,55104901826
75.4488,13.254,43.7346,0,97,78,77,2170,1000,4.95475,271,6.11428,0.000106812,0,4442,55209613465
89.7377,11.1436,43.0189,0,76,78,75,1358,1000,5.20475,168,6.19461,0.000106812,0,4452,55313725791
95.6989,10.4494,43.0189,0,76,78,75,1358,1000,5.20475,168,6.19461,0.000106812,0,4452,55417820093
101.38,9.86389,43.0189,0,76,78,75,1358,1000,5.20475,168,6.19461,0.000106812,0,4452,55521930425
83.6403,11.956,43.0189,0,76,78,75,1358,1000,5.20475,168,6.19461,0.000106812,0,4452,55628268845
81.0695,12.3351,43.0189,0,76,78,75,1358,1000,5.20475,168,6.19461,0.000106812,0,4452,55732383425
217.324,4.60143,43.9901,0,70,78,73,1435,1000,5.20476,105,6.15077,0.000106812,0,4441,55836469542
138.306,7.23034,43.9901,0,70,78,73,1435,1000,5.20476,105,6.15077,0.000106812,0,4441,55940561359
172.944,5.78221,43.9901,0,70,78,73,1435,1000,5.20476,105,6.15077,0.000106812,0,4441,56044647627
136.882,7.30555,43.9901,0,70,78,73,1435,1000,5.20476,105,6.15077,0.000106812,0,4441,56148763910
143.295,6.97861,38.5482,0,89,78,74,2446,1000,5.20476,190,6.15269,0.000106812,0,4433,56252846791
127.56,7.83948,38.5482,0,89,78,74,2446,1000,5.20476,190,6.15269,0.000106812,0,4433,56356932547
147.497,6.77978,38.5482,0,89,78,74,2446,1000,5.20476,190,6.15269,0.000106812,0,4433,56461021729
154.93,6.45452,38.5482,0,89,78,74,2446,1000,5.20476,190,6.15269,0.000106812,0,4433,56565099771
157.433,6.3519,38.5482,0,89,78,74,2446,1000,5.20476,190,6.15269,0.000106812,0,4433,56669185737
138.755,7.20692,35.5528,0,99,78,76,2443,1000,5.20476,271,6.15302,0.000106812,0,4436,56773416816
152.131,6.57327,35.5528,0,99,78,76,2443,1000,5.20476,271,6.15302,0.000106812,0,4436,56877509726
159.451,6.27154,35.5528,0,99,78,76,2443,1000,5.20476,271,6.15302,0.000106812,0,4436,56981996514
118.873,8.41234,35.5528,0,99,78,76,2443,1000,5.20476,271,6.15302,0.000106812,0,4436,57086087399
139.564,7.16519,35.5528,0,99,78,76,2443,1000,5.20476,271,6.15302,0.000106812,0,4436,57190197812
154.087,6.48985,40.4439,0,95,78,76,2587,1000,5.45476,255,6.14952,0.000106812,0,4424,57294664672
166.733,5.9976,40.4439,0,95,78,76,2587,1000,5.45476,255,6.14952,0.000106812,0,4424,57398783160
160.62,6.22586,40.4439,0,95,78,76,2587,1000,5.45476,255,6.14952,0.000106812,0,4424,57502864818
170.632,5.86058,40.4439,0,95,78,76,2587,1000,5.45476,255,6.14952,0.000106812,0,4424,57606951316
163.487,6.11669,40.4439,0,95,78,76,2587,1000,5.45476,255,6.14952,0.000106812,0,4424,57711036561
168.29,5.94213,39.1304,0,99,78,76,2495,1000,5.46257,269,6.13244,0.000106812,0,4441,57815126254
154.526,6.47139,39.1304,0,99,78,76,2495,1000,5.46257,269,6.13244,0.000106812,0,4441,57919206741
129.279,7.73521,39.1304,0,99,78,76,2495,1000,5.46257,269,6.13244,0.000106812,0,4441,58023289541
134.995,7.40767,39.1304,0,99,78,76,2495,1000,5.46257,269,6.13244,0.000106812,0,4441,58127371651
159.162,6.28289,39.1304,0,99,78,76,2495,1000,5.46257,269,6.13244,0.000106812,0,4441,58231466093
164.858,6.06583,36.7424,0,99,78,76,2495,1000,5.46257,269,6.13029,0.000106812,0,4441,58335548894
157.746,6.33931,36.7424,0,99,78,76,2495,1000,5.46257,269,6.13029,0.000106812,0,4441,58439636724
158.074,6.32615,36.7424,0,99,78,76,2495,1000,5.46257,269,6.13029,0.000106812,0,4441,58543717791
191.799,5.2138,36.7424,0,99,78,76,2495,1000,5.46257,269,6.13029,0.000106812,0,4441,58647807114
182.666,5.47446,36.7424,0,99,78,76,2495,1000,5.46257,269,6.13029,0.000106812,0,4441,58751898871
137.334,7.28152,36.9592,0,99,78,77,2488,1000,5.45476,271,6.12376,0.000106812,0,4480,58855997010
177.332,5.63913,36.9592,0,99,78,77,2488,1000,5.45476,271,6.12376,0.000106812,0,4480,58960091563
180.73,5.5331,36.9592,0,99,78,77,2488,1000,5.45476,271,6.12376,0.000106812,0,4480,59064171659
154.592,6.46863,36.9592,0,99,78,77,2488,1000,5.45476,271,6.12376,0.000106812,0,4480,59168220826
158.164,6.32255,36.9592,0,99,78,77,2488,1000,5.45476,271,6.12376,0.000106812,0,4480,59272306532
169.39,5.90355,39.8263,0,94,78,76,2016,1000,5.45523,262,6.13577,0.000106812,0,4416,59376393400
156.309,6.39757,39.8263,0,94,78,76,2016,1000,5.45523,262,6.13577,0.000106812,0,4416,59480478165
152.778,6.54545,39.8263,0,94,78,76,2016,1000,5.45523,262,6.13577,0.000106812,0,4416,59584567517
189.333,5.2817,39.8263,0,94,78,76,2016,1000,5.45523,262,6.13577,0.000106812,0,4416,59688650619
188.489,5.30536,36.5337,0,98,78,76,2448,1000,5.45866,261,6.11156,0.000106812,0,4417,59792752004
155.539,6.42927,36.5337,0,98,78,76,2448,1000,5.45866,261,6.11156,0.000106812,0,4417,59896837920
195.248,5.12168,36.5337,0,98,78,76,2448,1000,5.45866,261,6.11156,0.000106812,0,4417,60000919699
190.403,5.25203,36.5337,0,98,78,76,2448,1000,5.45866,261,6.11156,0.000106812,0,4417,60105003902
160.953,6.213,36.5337,0,98,78,76,2448,1000,5.45866,261,6.11156,0.000106812,0,4417,60209090901
157.588,6.34565,35.5082,0,99,78,77,2445,1000,5.45476,271,6.11251,0.000106812,0,4440,60313197075
212.567,4.70439,35.5082,0,99,78,77,2445,1000,5.45476,271,6.11251,0.000106812,0,4440,60417290005
143.665,6.96064,35.5082,0,99,78,77,2445,1000,5.45476,271,6.11251,0.000106812,0,4440,60521367065
177.896,5.62126,35.5082,0,99,78,77,2445,1000,5.45476,271,6.11251,0.000106812,0,4440,60625396315
153.076,6.53269,35.5082,0,99,78,77,2445,1000,5.45476,271,6.11251,0.000106812,0,4440,60729475318
175.211,5.7074,34.414,0,96,78,77,2437,1000,5.45476,264,6.13103,0.000106812,0,4441,60833562527
198.632,5.03443,34.414,0,96,78,77,2437,1000,5.45476,264,6.13103,0.000106812,0,4441,60937647532
189.602,5.27422,34.414,0,96,78,77,2437,1000,5.45476,264,6.13103,0.000106812,0,4441,61041730282
186.683,5.35668,34.414,0,96,78,77,2437,1000,5.45476,264,6.13103,0.000106812,0,4441,61145814676
176.975,5.65052,34.414,0,96,78,77,2437,1000,5.45476,264,6.13103,0.000106812,0,4441,61249894000
162.834,6.14122,32.2864,0,99,78,77,2435,1000,5.45476,271,6.10409,0.000106812,0,4441,61353979315
160.968,6.21243,32.2864,0,99,78,77,2435,1000,5.45476,271,6.10409,0.000106812,0,4441,61458064280
182.575,5.4772,32.2864,0,99,78,77,2435,1000,5.45476,271,6.10409,0.000106812,0,4441,61562144906
174.437,5.73272,32.2864,0,99,78,77,2435,1000,5.45476,271,6.10409,0.000106812,0,4441,61666204884
173.367,5.76812,32.2864,0,99,78,77,2435,1000,5.45476,271,6.10409,0.000106812,0,4441,61770292434
156.685,6.38224,31.2268,0,98,78,77,2456,1000,5.45476,265,6.08473,0.000106812,0,4441,61874378070
153.528,6.51348,31.2268,0,98,78,77,2456,1000,5.45476,265,6.08473,0.000106812,0,4441,61978567570
156.287,6.39847,31.2268,0,98,78,77,2456,1000,5.45476,265,6.08473,0.000106812,0,4441,62082649038
217.926,4.5887,31.2268,0,98,78,77,2456,1000,5.45476,265,6.08473,0.000106812,0,4441,62186762657
208.411,4.79822,31.2268,0,98,78,77,2456,1000,5.45476,265,6.08473,0.000106812,0,4441,62290846820
169.07,5.91472,31.625,0,98,78,77,2466,1000,5.45476,271,6.0841,0.000106812,0,4446,62394935742
195.104,5.12548,31.625,0,98,78,77,2466,1000,5.45476,271,6.0841,0.000106812,0,4446,62499318735
204.528,4.88932,31.625,0,98,78,77,2466,1000,5.45476,271,6.0841,0.000106812,0,4446,62603398711
199.303,5.0175,31.625,0,98,78,77,2466,1000,5.45476,271,6.0841,0.000106812,0,4446,62708311197
178.562,5.6003,33.1234,0,98,78,77,2477,1000,5.45523,271,6.08237,0.000106812,0,4441,62812396792
196.185,5.09722,33.1234,0,98,78,77,2477,1000,5.45523,271,6.08237,0.000106812,0,4441,62918214866
198.858,5.02872,33.1234,0,98,78,77,2477,1000,5.45523,271,6.08237,0.000106812,0,4441,63022294782
207.78,4.81277,33.1234,0,98,78,77,2477,1000,5.45523,271,6.08237,0.000106812,0,4441,63126388032
184.282,5.42645,33.1234,0,98,78,77,2477,1000,5.45523,271,6.08237,0.000106812,0,4441,63230495418
188.911,5.29349,34.3829,0,98,78,77,2477,1000,5.45523,271,6.08088,0.000106812,0,4441,63334574943
222.328,4.49785,34.3829,0,98,78,77,2477,1000,5.45523,271,6.08088,0.000106812,0,4441,63438661040
181.699,5.50361,34.3829,0,98,78,77,2477,1000,5.45523,271,6.08088,0.000106812,0,4441,63542748429
208.339,4.79987,34.3829,0,98,78,77,2477,1000,5.45523,271,6.08088,0.000106812,0,4441,63646841869
216.487,4.61921,34.3829,0,98,78,77,2477,1000,5.45523,271,6.08088,0.000106812,0,4441,63750926544
188.925,5.29311,33.8791,0,98,78,77,2476,1000,5.4555,271,6.08135,0.000106812,0,4435,63855013933
194.3,5.14669,33.8791,0,98,78,77,2476,1000,5.4555,271,6.08135,0.000106812,0,4435,63959105880
171.41,5.83398,33.8791,0,98,78,77,2476,1000,5.4555,271,6.08135,0.000106812,0,4435,64063185034
180.483,5.54069,33.8791,0,98,78,77,2476,1000,5.4555,271,6.08135,0.000106812,0,4435,64167266081
201.733,4.95704,33.8791,0,98,78,77,2476,1000,5.4555,271,6.08135,0.000106812,0,4435,64271419955
174.617,5.72681,33.6283,0,98,79,77,2469,1000,5.45476,271,6.08135,0.000106812,0,4438,64375507495
193.626,5.1646,33.6283,0,98,79,77,2469,1000,5.45476,271,6.08135,0.000106812,0,4438,64479734566
204.56,4.88855,33.6283,0,98,79,77,2469,1000,5.45476,271,6.08135,0.000106812,0,4438,64583823117
181.714,5.50315,33.6283,0,98,79,77,2469,1000,5.45476,271,6.08135,0.000106812,0,4438,64687907451
163.636,6.11112,33.6283,0,98,79,77,2469,1000,5.45476,271,6.08135,0.000106812,0,4438,64791998386
168.726,5.92676,33.9975,0,98,79,77,2471,1000,5.45476,271,6.08665,0.000106812,0,4441,64896369287
187.626,5.32976,33.9975,0,98,79,77,2471,1000,5.45476,271,6.08665,0.000106812,0,4441,65000460474
209.757,4.76742,33.9975,0,98,79,77,2471,1000,5.45476,271,6.08665,0.000106812,0,4441,65104550969
173.874,5.75128,33.9975,0,98,79,77,2471,1000,5.45476,271,6.08665,0.000106812,0,4441,65208639269
200.174,4.99565,32.6658,0,99,79,77,2461,1000,5.4555,271,6.08665,0.000106812,0,4449,65312717872
194.787,5.13382,32.6658,0,99,79,77,2461,1000,5.4555,271,6.08665,0.000106812,0,4449,65416800673
165.512,6.04187,32.6658,0,99,79,77,2461,1000,5.4555,271,6.08665,0.000106812,0,4449,65520877953
198.484,5.0382,32.6658,0,99,79,77,2461,1000,5.4555,271,6.08665,0.000106812,0,4449,65625090968
170.953,5.84956,32.6658,0,99,79,77,2461,1000,5.4555,271,6.08665,0.000106812,0,4449,65729158399
230.569,4.3371,31.5461,0,99,78,77,2450,1000,5.45525,271,6.08571,0.000106812,0,4441,65833218948
169.072,5.91464,31.5461,0,99,78,77,2450,1000,5.45525,271,6.08571,0.000106812,0,4441,65937296088
188.771,5.29741,31.5461,0,99,78,77,2450,1000,5.45525,271,6.08571,0.000106812,0,4441,66041664665
193.142,5.17754,31.5461,0,99,78,77,2450,1000,5.45525,271,6.08571,0.000106812,0,4441,66145753527
193.732,5.16178,31.5461,0,99,78,77,2450,1000,5.45525,271,6.08571,0.000106812,0,4441,66249840224
185.55,5.38939,31.1083,0,99,78,77,2447,1000,5.45476,271,6.08838,0.000106812,0,4446,66353923035
188.125,5.31562,31.1083,0,99,78,77,2447,1000,5.45476,271,6.08838,0.000106812,0,4446,66458038808
177.676,5.62821,31.1083,0,99,78,77,2447,1000,5.45476,271,6.08838,0.000106812,0,4446,66562769202
143.093,6.98847,31.1083,0,99,78,77,2447,1000,5.45476,271,6.08838,0.000106812,0,4446,66666853756
179.457,5.57236,31.1083,0,99,78,77,2447,1000,5.45476,271,6.08838,0.000106812,0,4446,66770934924
168.321,5.94102,31.4214,0,99,78,77,2440,1000,5.45476,271,6.08906,0.000106812,0,4441,66875023295
173.841,5.7524,31.4214,0,99,78,77,2440,1000,5.45476,271,6.08906,0.000106812,0,4441,66979111345
224.12,4.4619,31.4214,0,99,78,77,2440,1000,5.45476,271,6.08906,0.000106812,0,4441,67083216498
231.793,4.31419,31.4214,0,99,78,77,2440,1000,5.45476,271,6.08906,0.000106812,0,4441,67187301623
150.654,6.6377,31.4214,0,99,78,77,2440,1000,5.45476,271,6.08906,0.000106812,0,4441,67292142074
167.111,5.98406,31.7043,0,99,78,77,2458,1000,5.45476,271,6.08899,0.000106812,0,4441,67396240303
171.632,5.82643,31.7043,0,99,78,77,2458,1000,5.45476,271,6.08899,0.000106812,0,4441,67500320819
164.699,6.07167,31.7043,0,99,78,77,2458,1000,5.45476,271,6.08899,0.000106812,0,4441,67604402237
173.484,5.76422,31.7043,0,99,78,77,2458,1000,5.45476,271,6.08899,0.000106812,0,4441,67708629799
164.292,6.08673,31.7043,0,99,78,77,2458,1000,5.45476,271,6.08899,0.000106812,0,4441,67812708362
160.745,6.22104,32.5843,0,99,78,77,2458,1000,5.45476,271,6.08049,0.000106812,0,4441,67916785632
207.098,4.82862,32.5843,0,99,78,77,2458,1000,5.45476,271,6.08049,0.000106812,0,4441,68020832556
151.46,6.60241,32.5843,0,99,78,77,2458,1000,5.45476,271,6.08049,0.000106812,0,4441,68124923942
164.579,6.0761,32.5843,0,99,78,77,2458,1000,5.45476,271,6.08049,0.000106812,0,4441,68229182933
85.4317,11.7053,32.9975,0,99,78,77,2458,1000,5.45476,271,6.08185,0.000106812,0,4441,68333278928
232.917,4.29338,32.9975,0,99,78,77,2458,1000,5.45476,271,6.08185,0.000106812,0,4441,68437919485
166.969,5.98912,32.9975,0,99,78,77,2458,1000,5.45476,271,6.08185,0.000106812,0,4441,68542001434
187.505,5.33319,32.9975,0,99,78,77,2458,1000,5.45476,271,6.08185,0.000106812,0,4441,68646406519
172.674,5.79127,32.9975,0,99,78,77,2458,1000,5.45476,271,6.08185,0.000106812,0,4441,68750485071
176.314,5.6717,36.398,0,95,78,77,2070,1000,5.70476,266,6.14602,0.000106812,0,4441,68854571469
168.189,5.9457,36.398,0,95,78,77,2070,1000,5.70476,266,6.14602,0.000106812,0,4441,68958660932
156.906,6.37326,36.398,0,95,78,77,2070,1000,5.70476,266,6.14602,0.000106812,0,4441,69062694780
187.71,5.32737,36.398,0,95,78,77,2070,1000,5.70476,266,6.14602,0.000106812,0,4441,69166775237
153.804,6.50179,36.398,0,95,78,77,2070,1000,5.70476,266,6.14602,0.000106812,0,4441,69270857186
184.637,5.41603,34.4221,0,98,79,77,2481,1000,5.70476,263,6.14722,0.000106812,0,4441,69374938664
190.942,5.2372,34.4221,0,98,79,77,2481,1000,5.70476,263,6.14722,0.000106812,0,4441,69479021615
186.613,5.3587,34.4221,0,98,79,77,2481,1000,5.70476,263,6.14722,0.000106812,0,4441,69583122729
157.895,6.33332,34.4221,0,98,79,77,2481,1000,5.70476,263,6.14722,0.000106812,0,4441,69687209998
189.08,5.28876,34.4221,0,98,79,77,2481,1000,5.70476,263,6.14722,0.000106812,0,4441,69791917260
192.076,5.20627,34.2534,0,98,79,77,2472,1000,5.70476,271,6.13184,0.000106812,0,4442,69896011342
167.612,5.96617,34.2534,0,98,79,77,2472,1000,5.70476,271,6.13184,0.000106812,0,4442,70000096036
180.21,5.54907,34.2534,0,98,79,77,2472,1000,5.70476,271,6.13184,0.000106812,0,4442,70104373591
159.851,6.25583,34.2534,0,98,79,77,2472,1000,5.70476,271,6.13184,0.000106812,0,4442,70208456893
173.304,5.77021,34.2534,0,98,79,77,2472,1000,5.70476,271,6.13184,0.000106812,0,4442,70312799060
178.284,5.60904,34.375,0,98,79,77,2471,1000,5.70476,271,6.13184,0.000106812,0,4435,70416889645
181.07,5.52273,34.375,0,98,79,77,2471,1000,5.70476,271,6.13184,0.000106812,0,4435,70520973077
224.903,4.44637,34.375,0,98,79,77,2471,1000,5.70476,271,6.13184,0.000106812,0,4435,70625052751
219.992,4.54562,34.375,0,98,79,77,2471,1000,5.70476,271,6.13184,0.000106812,0,4435,70729115645
205.516,4.86581,34.375,0,98,79,77,2471,1000,5.70476,271,6.13184,0.000106812,0,4435,70833199507
155.997,6.41039,32.75,0,98,79,77,2475,1000,5.70476,271,6.12768,0.000106812,0,4441,70937280595
210.958,4.74029,32.75,0,98,79,77,2475,1000,5.70476,271,6.12768,0.000106812,0,4441,71041361442
162.902,6.13865,32.75,0,98,79,77,2475,1000,5.70476,271,6.12768,0.000106812,0,4441,71145887193
176.368,5.66997,32.75,0,98,79,77,2475,1000,5.70476,271,6.12768,0.000106812,0,4441,71249965465
40.9262,24.4343,33.829,0,98,79,77,2474,1000,5.70476,271,6.1415,0.000106812,0,4416,71354048275
103.487,9.66306,33.829,0,98,79,77,2474,1000,5.70476,271,6.1415,0.000106812,0,4416,71458103755
152.343,6.56413,33.829,0,98,79,77,2474,1000,5.70476,271,6.1415,0.000106812,0,4416,71562182277
122.71,8.14927,33.829,0,98,79,77,2474,1000,5.70476,271,6.1415,0.000106812,0,4416,71666262313
122.434,8.16769,33.829,0,98,79,77,2474,1000,5.70476,271,6.1415,0.000106812,0,4416,71770352537
70.6316,14.158,36.5,0,83,79,76,2293,1000,5.71257,201,6.17999,0.000106812,0,4454,71874438644
219.109,4.56395,36.5,0,83,79,76,2293,1000,5.71257,201,6.17999,0.000106812,0,4454,71978523168
153.288,6.52365,36.5,0,83,79,76,2293,1000,5.71257,201,6.17999,0.000106812,0,4454,72082934755
221.312,4.5185,36.5,0,83,79,76,2293,1000,5.71257,201,6.17999,0.000106812,0,4454,72187013408
181.492,5.5099,36.5,0,83,79,76,2293,1000,5.71257,201,6.17999,0.000106812,0,4454,72291099084
243.334,4.10958,40.6484,0,93,79,76,2496,1000,5.70476,243,6.18025,0.000106812,0,4415,72395179059
131.456,7.60712,40.6484,0,93,79,76,2496,1000,5.70476,243,6.18025,0.000106812,0,4415,72499266678
161.906,6.17644,40.6484,0,93,79,76,2496,1000,5.70476,243,6.18025,0.000106812,0,4415,72603344740
235.529,4.24577,40.6484,0,93,79,76,2496,1000,5.70476,243,6.18025,0.000106812,0,4415,72707729106
185.319,5.3961,40.6484,0,93,79,76,2496,1000,5.70476,243,6.18025,0.000106812,0,4415,72811812237
196.577,5.08706,40.8978,0,93,79,76,2496,1000,5.70476,243,6.19416,0.000106812,0,4444,72915894617
139.329,7.17728,40.8978,0,93,79,76,2496,1000,5.70476,243,6.19416,0.000106812,0,4444,73021090875
131.986,7.57654,40.8978,0,93,79,76,2496,1000,5.70476,243,6.19416,0.000106812,0,4444,73125174227
141.448,7.06972,40.8978,0,93,79,76,2496,1000,5.70476,243,6.19416,0.000106812,0,4444,73229262327
167.153,5.98255,40.8978,0,93,79,76,2496,1000,5.70476,243,6.19416,0.000106812,0,4444,73333351159
90.8306,11.0095,41.3836,0,92,79,76,2372,1000,5.70476,261,6.19197,0.000106812,0,4440,73437444259
175.652,5.69307,41.3836,0,92,79,76,2372,1000,5.70476,261,6.19197,0.000106812,0,4440,73541551846
179.133,5.58244,41.3836,0,92,79,76,2372,1000,5.70476,261,6.19197,0.000106812,0,4440,73645629056
186.989,5.34791,41.3836,0,92,79,76,2372,1000,5.70476,261,6.19197,0.000106812,0,4440,73749709272
146.097,6.84475,41.3836,0,92,79,76,2372,1000,5.70476,261,6.19197,0.000106812,0,4440,73853795569
179.515,5.57055,39.3524,0,94,79,76,1384,1000,5.70476,264,6.19398,0.000106812,0,4435,73957879712
189.368,5.28073,39.3524,0,94,79,76,1384,1000,5.70476,264,6.19398,0.000106812,0,4435,74061964136
167.451,5.9719,39.3524,0,94,79,76,1384,1000,5.70476,264,6.19398,0.000106812,0,4435,74166055442
161.149,6.20543,39.3524,0,94,79,76,1384,1000,5.70476,264,6.19398,0.000106812,0,4435,74270149394
202.448,4.93953,39.25,0,96,79,76,2483,1000,5.70476,251,6.18111,0.000106812,0,4441,74374229690
187.299,5.33906,39.25,0,96,79,76,2483,1000,5.70476,251,6.18111,0.000106812,0,4441,74478317510
181.173,5.51959,39.25,0,96,79,76,2483,1000,5.70476,251,6.18111,0.000106812,0,4441,74582396163
185.572,5.38873,39.25,0,96,79,76,2483,1000,5.70476,251,6.18111,0.000106812,0,4441,74686474244
150.523,6.6435,39.25,0,96,79,76,2483,1000,5.70476,251,6.18111,0.000106812,0,4441,74790553268
152.614,6.55248,39.899,0,99,79,77,2489,1000,5.70476,271,6.1334,0.000106812,0,4416,74894632482
177.499,5.63383,39.899,0,99,79,77,2489,1000,5.70476,271,6.1334,0.000106812,0,4416,74999078353
210.036,4.76109,39.899,0,99,79,77,2489,1000,5.70476,271,6.1334,0.000106812,0,4416,75103164710
214.782,4.65589,39.899,0,99,79,77,2489,1000,5.70476,271,6.1334,0.000106812,0,4416,75207246459
185.161,5.40069,39.899,0,99,79,77,2489,1000,5.70476,271,6.1334,0.000106812,0,4416,75311324470
172.239,5.80588,40.6991,0,91,79,77,2579,1000,5.70476,258,6.10545,0.000106812,0,4440,75415402512
194.768,5.13433,40.6991,0,91,79,77,2579,1000,5.70476,258,6.10545,0.000106812,0,4440,75519482828
240.934,4.15051,40.6991,0,91,79,77,2579,1000,5.70476,258,6.10545,0.000106812,0,4440,75623569356
246.594,4.05525,40.6991,0,91,79,77,2579,1000,5.70476,258,6.10545,0.000106812,0,4440,75727647888
197.618,5.06027,40.6991,0,91,79,77,2579,1000,5.70476,258,6.10545,0.000106812,0,4440,75831728194
199.845,5.00388,38.7218,0,98,79,77,2486,1000,5.70476,270,6.10568,0.000106812,0,4438,75936062657
200.609,4.98482,38.7218,0,98,79,77,2486,1000,5.70476,270,6.10568,0.000106812,0,4438,76040148232
176.74,5.65804,38.7218,0,98,79,77,2486,1000,5.70476,270,6.10568,0.000106812,0,4438,76144234730
190.362,5.25315,38.7218,0,98,79,77,2486,1000,5.70476,270,6.10568,0.000106812,0,4438,76248313152
202.432,4.93993,38.7218,0,98,79,77,2486,1000,5.70476,270,6.10568,0.000106812,0,4438,76352405080
173.745,5.75556,41.6771,0,98,79,77,2490,1000,5.69011,271,6.10568,0.000106812,0,4439,76456575024
95.2401,10.4998,41.6771,0,98,79,77,2490,1000,5.69011,271,6.10568,0.000106812,0,4439,76560657424
205.909,4.85652,41.6771,0,98,79,77,2490,1000,5.69011,271,6.10568,0.000106812,0,4439,76665171603
186.362,5.36591,41.6771,0,98,79,77,2490,1000,5.69011,271,6.10568,0.000106812,0,4439,76769251178
167.527,5.96917,41.6771,0,98,79,77,2490,1000,5.69011,271,6.10568,0.000106812,0,4439,76873338537
158.544,6.30738,41.0959,0,99,79,77,2492,1000,5.69011,271,6.11528,0.000106812,0,4438,76977418091
187.891,5.32224,41.0959,0,99,79,77,2492,1000,5.69011,271,6.11528,0.000106812,0,4438,77081496834
173.835,5.75256,41.0959,0,99,79,77,2492,1000,5.69011,271,6.11528,0.000106812,0,4438,77185579404
191.917,5.21058,41.0959,0,99,79,77,2492,1000,5.69011,271,6.11528,0.000106812,0,4438,77289666713
190.912,5.23801,39.7243,0,98,79,77,2488,1000,5.69085,271,6.11853,0.000106812,0,4441,77393753892
218.221,4.5825,39.7243,0,98,79,77,2488,1000,5.69085,271,6.11853,0.000106812,0,4441,77497862531
156.994,6.36965,39.7243,0,98,79,77,2488,1000,5.69085,271,6.11853,0.000106812,0,4441,77601942937
173.157,5.77512,39.7243,0,98,79,77,2488,1000,5.69085,271,6.11853,0.000106812,0,4441,77707287894
188.546,5.30375,39.7243,0,98,79,77,2488,1000,5.69085,271,6.11853,0.000106812,0,4441,77811373440
192.579,5.19269,39.7243,0,98,79,77,2483,1000,5.69011,271,6.11804,0.000106812,0,4441,77915489874
221.437,4.51596,39.7243,0,98,79,77,2483,1000,5.69011,271,6.11804,0.000106812,0,4441,78019608391
166.895,5.9918,39.7243,0,98,79,77,2483,1000,5.69011,271,6.11804,0.000106812,0,4441,78124289283
183.769,5.44162,39.7243,0,98,79,77,2483,1000,5.69011,271,6.11804,0.000106812,0,4441,78228370871
179.855,5.56004,39.7243,0,98,79,77,2483,1000,5.69011,271,6.11804,0.000106812,0,4441,78332458872
180.205,5.54922,39.8263,0,98,79,77,2483,1000,5.69011,271,6.12121,0.000106812,0,4441,78437248327
175.633,5.69369,39.8263,0,98,79,77,2483,1000,5.69011,271,6.12121,0.000106812,0,4441,78541339413
159.314,6.27691,39.8263,0,98,79,77,2483,1000,5.69011,271,6.12121,0.000106812,0,4441,78645431201
203.64,4.91063,39.8263,0,98,79,77,2483,1000,5.69011,271,6.12121,0.000106812,0,4441,78749509643
191.371,5.22545,39.8263,0,98,79,77,2483,1000,5.69011,271,6.12121,0.000106812,0,4441,78853596141
181.417,5.51216,40.6289,0,98,79,77,2501,1000,5.69011,271,6.12183,0.000106812,0,4439,78957680795
197.485,5.06367,40.6289,0,98,79,77,2501,1000,5.69011,271,6.12183,0.000106812,0,4439,79061761732
195.66,5.1109,40.6289,0,98,79,77,2501,1000,5.69011,271,6.12183,0.000106812,0,4439,79165942767
183.206,5.45833,40.6289,0,98,79,77,2501,1000,5.69011,271,6.12183,0.000106812,0,4439,79270032530
187.965,5.32013,40.6289,0,98,79,77,2501,1000,5.69011,271,6.12183,0.000106812,0,4439,79374287143
190.18,5.25819,39.4737,0,99,79,77,2498,1000,5.69011,271,6.12159,0.000106812,0,4438,79478379592
158.251,6.31908,39.4737,0,99,79,77,2498,1000,5.69011,271,6.12159,0.000106812,0,4438,79582464186
183.476,5.45031,39.4737,0,99,79,77,2498,1000,5.69011,271,6.12159,0.000106812,0,4438,79686545483
252.337,3.96296,39.4737,0,99,79,77,2498,1000,5.69011,271,6.12159,0.000106812,0,4438,79790814914
177.337,5.63899,39.4737,0,99,79,77,2498,1000,5.69011,271,6.12159,0.000106812,0,4438,79894895370
161.872,6.17772,39.0488,0,98,79,77,2489,1000,5.69011,271,6.11317,0.000106812,0,4436,79998978932
203.374,4.91704,39.0488,0,98,79,77,2489,1000,5.69011,271,6.11317,0.000106812,0,4436,80103066431
176.794,5.65629,39.0488,0,98,79,77,2489,1000,5.69011,271,6.11317,0.000106812,0,4436,80207154281
191.686,5.21686,39.0488,0,98,79,77,2489,1000,5.69011,271,6.11317,0.000106812,0,4436,80311240619
197.106,5.0734,38.5298,0,98,79,77,2489,1000,5.69011,271,6.11119,0.000106812,0,4440,80415319812
221.418,4.51634,38.5298,0,98,79,77,2489,1000,5.69011,271,6.11119,0.000106812,0,4440,80519402743
194.312,5.14637,38.5298,0,98,79,77,2489,1000,5.69011,271,6.11119,0.000106812,0,4440,80624368048
243.95,4.09921,38.5298,0,98,79,77,2489,1000,5.69011,271,6.11119,0.000106812,0,4440,80728452061
204.112,4.89927,38.5298,0,98,79,77,2489,1000,5.69011,271,6.11119,0.000106812,0,4440,80832549489
169.554,5.89783,39.3258,0,98,79,77,2487,1000,5.69085,271,6.11063,0.000106812,0,4422,80937008976
179.902,5.55859,39.3258,0,98,79,77,2487,1000,5.69085,271,6.11063,0.000106812,0,4422,81041088571
175.333,5.70344,39.3258,0,98,79,77,2487,1000,5.69085,271,6.11063,0.000106812,0,4422,81145175319
171.371,5.83528,39.3258,0,98,79,77,2487,1000,5.69085,271,6.11063,0.000106812,0,4422,81249487219
209.987,4.7622,39.3258,0,98,79,77,2487,1000,5.69085,271,6.11063,0.000106812,0,4422,81353580960
233.801,4.27715,39.1574,0,98,79,77,2485,1000,5.69011,271,6.10962,0.000106812,0,4441,81457729203
197.078,5.07414,39.1574,0,98,79,77,2485,1000,5.69011,271,6.10962,0.000106812,0,4441,81561816673
196.453,5.09027,39.1574,0,98,79,77,2485,1000,5.69011,271,6.10962,0.000106812,0,4441,81666140635
199.738,5.00656,39.1574,0,98,79,77,2485,1000,5.69011,271,6.10962,0.000106812,0,4441,81770228085
168.9,5.92068,39.1574,0,98,79,77,2485,1000,5.69011,271,6.10962,0.000106812,0,4441,81874314903
156.394,6.39412,39.1304,0,98,79,77,2491,1000,5.69058,271,6.10291,0.000106812,0,4441,81978401641
174.676,5.72488,39.1304,0,98,79,77,2491,1000,5.69058,271,6.10291,0.000106812,0,4441,82082481896
174.991,5.71457,39.1304,0,98,79,77,2491,1000,5.69058,271,6.10291,0.000106812,0,4441,82186567572
205.554,4.86491,39.1304,0,98,79,77,2491,1000,5.69058,271,6.10291,0.000106812,0,4441,82290656434
179.413,5.57374,39.1304,0,98,79,77,2491,1000,5.69058,271,6.10291,0.000106812,0,4441,82394738484
184.914,5.40791,38.665,0,98,79,77,2486,1000,5.69011,271,6.10361,0.000106812,0,4441,82498822386
206.744,4.83689,38.665,0,98,79,77,2486,1000,5.69011,271,6.10361,0.000106812,0,4441,82602908162
173.99,5.74745,38.665,0,98,79,77,2486,1000,5.69011,271,6.10361,0.000106812,0,4441,82707132088
191.418,5.22417,38.665,0,98,79,77,2486,1000,5.69011,271,6.10361,0.000106812,0,4441,82811211402
159.042,6.28764,39.1521,0,99,79,77,2491,1000,5.69085,271,6.10277,0.000106812,0,4422,82915352321
181.244,5.51742,39.1521,0,99,79,77,2491,1000,5.69085,271,6.10277,0.000106812,0,4422,83019435613
141.092,7.08758,39.1521,0,99,79,77,2491,1000,5.69085,271,6.10277,0.000106812,0,4422,83123521629
191.807,5.21358,39.1521,0,99,79,77,2491,1000,5.69085,271,6.10277,0.000106812,0,4422,83227603999
232.28,4.30514,39.1521,0,99,79,77,2491,1000,5.69085,271,6.10277,0.000106812,0,4422,83332558424
174.891,5.71784,39.3865,0,98,79,77,2487,1000,5.69011,271,6.10034,0.000106812,0,4441,83436641435
158.889,6.29372,39.3865,0,98,79,77,2487,1000,5.69011,271,6.10034,0.000106812,0,4441,83540726099
162.647,6.14828,39.3865,0,98,79,77,2487,1000,5.69011,271,6.10034,0.000106812,0,4441,83644817726
152.393,6.56199,39.3865,0,98,79,77,2487,1000,5.69011,271,6.10034,0.000106812,0,4441,83748931264
175.453,5.69955,39.3865,0,98,79,77,2487,1000,5.69011,271,6.10034,0.000106812,0,4441,83852977356
170.997,5.84805,38.6052,0,98,79,77,2487,1000,5.69011,271,6.09959,0.000106812,0,4441,83957044647
149.623,6.68346,38.6052,0,98,79,77,2487,1000,5.69011,271,6.09959,0.000106812,0,4441,84061123921
150.664,6.63729,38.6052,0,98,79,77,2487,1000,5.69011,271,6.09959,0.000106812,0,4441,84165204999
164.18,6.09088,38.6052,0,98,79,77,2487,1000,5.69011,271,6.09959,0.000106812,0,4441,84269291566
155.973,6.41137,38.6052,0,98,79,77,2487,1000,5.69011,271,6.09959,0.000106812,0,4441,84373380128
158.435,6.31173,39.7998,0,99,79,77,2489,1000,5.69085,271,6.09959,0.000106812,0,4435,84477598242
127.491,7.8437,39.7998,0,99,79,77,2489,1000,5.69085,271,6.09959,0.000106812,0,4435,84581686633
172.045,5.81244,39.7998,0,99,79,77,2489,1000,5.69085,271,6.09959,0.000106812,0,4435,84685777138
167.088,5.98486,39.7998,0,99,79,77,2489,1000,5.69085,271,6.09959,0.000106812,0,4435,84789862534
176.949,5.65135,39.7998,0,99,79,77,2489,1000,5.69085,271,6.09959,0.000106812,0,4435,84893942970
195.045,5.12702,40.5439,0,98,79,77,2495,1000,5.69011,271,6.0993,0.000106812,0,4441,84998033595
167.56,5.968,40.5439,0,98,79,77,2495,1000,5.69011,271,6.0993,0.000106812,0,4441,85102465430
212.284,4.71066,40.5439,0,98,79,77,2495,1000,5.69011,271,6.0993,0.000106812,0,4441,85206544213
165.812,6.03092,40.5439,0,98,79,77,2495,1000,5.69011,271,6.0993,0.000106812,0,4441,85311120599
163.868,6.10246,40.5439,0,98,79,77,2495,1000,5.69011,271,6.0993,0.000106812,0,4441,85415242413
202.315,4.94279,38.1071,0,98,79,77,2489,1000,5.69011,271,6.09954,0.000106812,0,4440,85519322468
206.132,4.85127,38.1071,0,98,79,77,2489,1000,5.69011,271,6.09954,0.000106812,0,4440,85623417422
181.099,5.52185,38.1071,0,98,79,77,2489,1000,5.69011,271,6.09954,0.000106812,0,4440,85727499180
173.865,5.75157,38.1071,0,98,79,77,2489,1000,5.69011,271,6.09954,0.000106812,0,4440,85831579626
209.736,4.76791,38.1071,0,98,79,77,2489,1000,5.69011,271,6.09954,0.000106812,0,4440,85935672826
205.173,4.87393,39.2947,0,98,79,77,2492,1000,5.69058,271,6.11411,0.000106812,0,4436,86039769994
174.021,5.74644,39.2947,0,98,79,77,2492,1000,5.69058,271,6.11411,0.000106812,0,4436,86143865228
145.611,6.86764,39.2947,0,98,79,77,2492,1000,5.69058,271,6.11411,0.000106812,0,4436,86247960792
152.182,6.57108,39.2947,0,98,79,77,2492,1000,5.69058,271,6.11411,0.000106812,0,4436,86352047140
157.406,6.353,38.9095,0,98,79,77,2487,1000,5.69011,271,6.11411,0.000106812,0,4441,86456126935
176.57,5.66348,38.9095,0,98,79,77,2487,1000,5.69011,271,6.11411,0.000106812,0,4441,86560217910
159.768,6.25907,38.9095,0,98,79,77,2487,1000,5.69011,271,6.11411,0.000106812,0,4441,86664301002
190.165,5.25859,38.9095,0,98,79,77,2487,1000,5.69011,271,6.11411,0.000106812,0,4441,86768379745
209.09,4.78263,38.9095,0,98,79,77,2487,1000,5.69011,271,6.11411,0.000106812,0,4441,86872471171
161.292,6.19992,37.3571,0,98,79,77,2498,1000,5.69402,271,6.11414,0.000106812,0,4441,86976550455
162.264,6.16279,37.3571,0,98,79,77,2498,1000,5.69402,271,6.11414,0.000106812,0,4441,87081174210
173.199,5.77371,37.3571,0,98,79,77,2498,1000,5.69402,271,6.11414,0.000106812,0,4441,87185286616
158.861,6.2948,37.3571,0,98,79,77,2498,1000,5.69402,271,6.11414,0.000106812,0,4441,87289376480
161.725,6.18334,37.3571,0,98,79,77,2498,1000,5.69402,271,6.11414,0.000106812,0,4441,87393436458
186.952,5.34898,38.7704,0,98,79,77,2491,1000,5.69058,271,6.11438,0.000106812,0,4441,87497521412
176.534,5.66462,38.7704,0,98,79,77,2491,1000,5.69058,271,6.11438,0.000106812,0,4441,87601603572
164.746,6.06996,38.7704,0,98,79,77,2491,1000,5.69058,271,6.11438,0.000106812,0,4441,87705688847
171.044,5.84643,38.7704,0,98,79,77,2491,1000,5.69058,271,6.11438,0.000106812,0,4441,87809947197
165.04,6.05915,38.7704,0,98,79,77,2491,1000,5.69058,271,6.11438,0.000106812,0,4441,87914035077
181.426,5.51189,38.2093,0,98,79,77,2504,1000,5.69793,271,6.11461,0.000106812,0,4442,88018117877
154.308,6.48055,38.2093,0,98,79,77,2504,1000,5.69793,271,6.11461,0.000106812,0,4442,88122205697
188.965,5.29198,38.2093,0,98,79,77,2504,1000,5.69793,271,6.11461,0.000106812,0,4442,88226283709
203.068,4.92446,38.2093,0,98,79,77,2504,1000,5.69793,271,6.11461,0.000106812,0,4442,88330364085
180.441,5.54198,38.2093,0,98,79,77,2504,1000,5.69793,271,6.11461,0.000106812,0,4442,88434451364
167.2,5.98085,40.2256,0,98,79,77,2484,1000,5.69011,271,6.13534,0.000106812,0,4431,88538532311
204.893,4.88059,40.2256,0,98,79,77,2484,1000,5.69011,271,6.13534,0.000106812,0,4431,88642598300
172.277,5.80461,40.2256,0,98,79,77,2484,1000,5.69011,271,6.13534,0.000106812,0,4431,88746679748
176.253,5.67366,40.2256,0,98,79,77,2484,1000,5.69011,271,6.13534,0.000106812,0,4431,88850760996
173.611,5.76002,37.5157,0,98,79,77,2484,1000,5.69011,271,6.12499,0.000106812,0,4441,88954841312
181.98,5.49511,37.5157,0,98,79,77,2484,1000,5.69011,271,6.12499,0.000106812,0,4441,89058939912
198.78,5.03068,37.5157,0,98,79,77,2484,1000,5.69011,271,6.12499,0.000106812,0,4441,89163022422
172.656,5.79185,37.5157,0,98,79,77,2484,1000,5.69011,271,6.12499,0.000106812,0,4441,89267105333
210.44,4.75196,37.5157,0,98,79,77,2484,1000,5.69011,271,6.12499,0.000106812,0,4441,89371454984
236.63,4.226,37.2966,0,98,79,77,2482,1000,5.69011,271,6.10755,0.000106812,0,4419,89475510153
175.266,5.70561,37.2966,0,98,79,77,2482,1000,5.69011,271,6.10755,0.000106812,0,4419,89579589166
185.41,5.39346,37.2966,0,98,79,77,2482,1000,5.69011,271,6.10755,0.000106812,0,4419,89683666216
175.7,5.69152,37.2966,0,98,79,77,2482,1000,5.69011,271,6.10755,0.000106812,0,4419,89787751952
168.849,5.92246,37.2966,0,98,79,77,2482,1000,5.69011,271,6.10755,0.000106812,0,4419,89891830775
222.634,4.49167,37.5465,0,98,79,77,2484,1000,5.69058,271,6.10851,0.000106812,0,4435,89996313205
179.909,5.55836,37.5465,0,98,79,77,2484,1000,5.69058,271,6.10851,0.000106812,0,4435,90100399943
172.897,5.7838,37.5465,0,98,79,77,2484,1000,5.69058,271,6.10851,0.000106812,0,4435,90204484667
255.965,3.90679,37.5465,0,98,79,77,2484,1000,5.69058,271,6.10851,0.000106812,0,4435,90308582947
174.116,5.7433,37.5465,0,98,79,77,2484,1000,5.69058,271,6.10851,0.000106812,0,4435,90412668432
176.48,5.66635,36.261,0,99,79,77,2483,1000,5.69011,271,6.10851,0.000106812,0,4441,90516752445
226.167,4.42152,36.261,0,99,79,77,2483,1000,5.69011,271,6.10851,0.000106812,0,4441,90620837881
190.847,5.2398,36.261,0,99,79,77,2483,1000,5.69011,271,6.10851,0.000106812,0,4441,90724926703
164.645,6.07366,36.261,0,99,79,77,2483,1000,5.69011,271,6.10851,0.000106812,0,4441,90829010265
189.675,5.27216,36.261,0,99,79,77,2483,1000,5.69011,271,6.10851,0.000106812,0,4441,90933096852
171.973,5.81487,36.9538,0,98,79,77,2484,1000,5.69011,271,6.09811,0.000106812,0,4442,91037188710
182.487,5.47983,36.9538,0,98,79,77,2484,1000,5.69011,271,6.09811,0.000106812,0,4442,91141411793
170.525,5.86423,36.9538,0,98,79,77,2484,1000,5.69011,271,6.09811,0.000106812,0,4442,91245490236
156.833,6.3762,36.9538,0,98,79,77,2484,1000,5.69011,271,6.09811,0.000106812,0,4442,91349580280
177.144,5.64512,36.9538,0,98,79,77,2484,1000,5.69011,271,6.09811,0.000106812,0,4442,91453659875
170.788,5.85522,36.0553,0,98,79,77,2485,1000,5.69058,271,6.09835,0.000106812,0,4420,91557901272
171.939,5.81602,36.0553,0,98,79,77,2485,1000,5.69058,271,6.09835,0.000106812,0,4420,91661981007
205.784,4.85946,36.0553,0,98,79,77,2485,1000,5.69058,271,6.09835,0.000106812,0,4420,91766060512
178.351,5.60692,36.0553,0,98,79,77,2485,1000,5.69058,271,6.09835,0.000106812,0,4420,91870143252
180.143,5.55114,36.2155,0,98,79,77,2483,1000,5.69011,271,6.09858,0.000106812,0,4441,91974232926
194.983,5.12866,36.2155,0,98,79,77,2483,1000,5.69011,271,6.09858,0.000106812,0,4441,92078322279
170.047,5.88072,36.2155,0,98,79,77,2483,1000,5.69011,271,6.09858,0.000106812,0,4441,92182407854
181.191,5.51905,36.2155,0,98,79,77,2483,1000,5.69011,271,6.09858,0.000106812,0,4441,92286489783
207.015,4.83057,36.2155,0,98,79,77,2483,1000,5.69011,271,6.09858,0.000106812,0,4441,92390571432
203.763,4.90766,35.3904,0,98,79,77,2483,1000,5.69085,271,6.09858,0.000106812,0,4441,92495213461
185.812,5.38178,35.3904,0,98,79,77,2483,1000,5.69085,271,6.09858,0.000106812,0,4441,92599302944
161.948,6.17484,35.3904,0,98,79,77,2483,1000,5.69085,271,6.09858,0.000106812,0,4441,92703381416
247.107,4.04684,35.3904,0,98,79,77,2483,1000,5.69085,271,6.09858,0.000106812,0,4441,92807460440
194.309,5.14645,35.3904,0,98,79,77,2483,1000,5.69085,271,6.09858,0.000106812,0,4441,92911541868
170.822,5.85405,35.8846,0,98,79,77,2483,1000,5.69011,271,6.09882,0.000106812,0,4441,93015622374
155.382,6.43576,35.8846,0,98,79,77,2483,1000,5.69011,271,6.09882,0.000106812,0,4441,93119710455
236.985,4.21968,35.8846,0,98,79,77,2483,1000,5.69011,271,6.09882,0.000106812,0,4441,93223805418
200.813,4.97976,35.8846,0,98,79,77,2483,1000,5.69011,271,6.09882,0.000106812,0,4441,93327887247
176.175,5.67617,35.8846,0,98,79,77,2483,1000,5.69011,271,6.09882,0.000106812,0,4441,93431968805
194.284,5.1471,37.9093,0,98,79,77,2486,1000,5.6906,271,6.09647,0.000106812,0,4441,93536057978
192.478,5.1954,37.9093,0,98,79,77,2486,1000,5.6906,271,6.09647,0.000106812,0,4441,93640147310
151.902,6.58321,37.9093,0,98,79,77,2486,1000,5.6906,271,6.09647,0.000106812,0,4441,93744235762
198.429,5.03958,37.9093,0,98,79,77,2486,1000,5.6906,271,6.09647,0.000106812,0,4441,93848331206
142.372,7.02383,37.9093,0,98,79,77,2486,1000,5.6906,271,6.09647,0.000106812,0,4441,93954119955
149.805,6.67536,38.7176,0,98,79,77,2486,1000,5.69011,271,6.09522,0.000106812,0,4441,94058206372
184.34,5.42476,38.7176,0,98,79,77,2486,1000,5.69011,271,6.09522,0.000106812,0,4441,94162285536
192.958,5.18248,38.7176,0,98,79,77,2486,1000,5.69011,271,6.09522,0.000106812,0,4441,94266372424
225.054,4.44338,38.7176,0,98,79,77,2486,1000,5.69011,271,6.09522,0.000106812,0,4441,94370449424
162.497,6.15397,38.0299,0,98,79,77,2486,1000,5.69011,271,6.08793,0.000106812,0,4434,94474543506
195.068,5.12641,38.0299,0,98,79,77,2486,1000,5.69011,271,6.08793,0.000106812,0,4434,94578641014
173.977,5.7479,38.0299,0,98,79,77,2486,1000,5.69011,271,6.08793,0.000106812,0,4434,94682722422
182.259,5.48669,38.0299,0,98,79,77,2486,1000,5.69011,271,6.08793,0.000106812,0,4434,94786816944
147.872,6.76262,38.0299,0,98,79,77,2486,1000,5.69011,271,6.08793,0.000106812,0,4434,94890881491
180.108,5.55222,37.5,0,98,79,77,2488,1000,5.69058,271,6.08792,0.000106812,0,4426,94994963700
193.516,5.16752,37.5,0,98,79,77,2488,1000,5.69058,271,6.08792,0.000106812,0,4426,95099048725
193.247,5.17471,37.5,0,98,79,77,2488,1000,5.69058,271,6.08792,0.000106812,0,4426,95203211055
224.351,4.45731,37.5,0,98,79,77,2488,1000,5.69058,271,6.08792,0.000106812,0,4426,95307403070
232.124,4.30804,37.5,0,98,79,77,2488,1000,5.69058,271,6.08792,0.000106812,0,4426,95411494056
149.87,6.67247,38.5588,0,98,79,77,2482,1000,5.69011,271,6.08896,0.000106812,0,4443,95515582577
212.673,4.70205,38.5588,0,98,79,77,2482,1000,5.69011,271,6.08896,0.000106812,0,4443,95619669736
145.281,6.88322,38.5588,0,98,79,77,2482,1000,5.69011,271,6.08896,0.000106812,0,4443,95723721308
173.248,5.77207,38.5588,0,98,79,77,2482,1000,5.69011,271,6.08896,0.000106812,0,4443,95827837952
177.711,5.62712,38.5588,0,98,79,77,2482,1000,5.69011,271,6.08896,0.000106812,0,4443,95931922366
173.338,5.76908,39.4737,0,98,79,77,2493,1000,5.69011,271,6.08958,0.000106812,0,4441,96036042286
176.063,5.67978,39.4737,0,98,79,77,2493,1000,5.69011,271,6.08958,0.000106812,0,4441,96140122782
166.01,6.02373,39.4737,0,98,79,77,2493,1000,5.69011,271,6.08958,0.000106812,0,4441,96244204751
194.019,5.15413,39.4737,0,98,79,77,2493,1000,5.69011,271,6.08958,0.000106812,0,4441,96348298172
139.57,7.16487,39.4737,0,98,79,77,2493,1000,5.69011,271,6.08958,0.000106812,0,4441,96454438740
141.381,7.07311,38.8471,0,98,79,77,2501,1000,5.69011,271,6.09027,0.000106812,0,4439,96558527652
142.115,7.03657,38.8471,0,98,79,77,2501,1000,5.69011,271,6.09027,0.000106812,0,4439,96662613709
168.616,5.93062,38.8471,0,98,79,77,2501,1000,5.69011,271,6.09027,0.000106812,0,4439,96766695107
183.146,5.46012,38.8471,0,98,79,77,2501,1000,5.69011,271,6.09027,0.000106812,0,4439,96870785111
203.663,4.91008,37.9093,0,98,79,77,2493,1000,5.69011,271,6.0905,0.000106812,0,4438,96974852433
158.472,6.31028,37.9093,0,98,79,77,2493,1000,5.69011,271,6.0905,0.000106812,0,4438,97078932067
178.646,5.59767,37.9093,0,98,79,77,2493,1000,5.69011,271,6.0905,0.000106812,0,4438,97183014567
157.736,6.33972,37.9093,0,98,79,77,2493,1000,5.69011,271,6.0905,0.000106812,0,4438,97287103439
165.752,6.0331,37.9093,0,98,79,77,2493,1000,5.69011,271,6.0905,0.000106812,0,4438,97391615975
183.603,5.44652,37.421,0,98,79,77,2493,1000,5.69058,271,6.0905,0.000106812,0,4429,97495696953
155.944,6.41256,37.421,0,98,79,77,2493,1000,5.69058,271,6.0905,0.000106812,0,4429,97599776988
175.65,5.69313,37.421,0,98,79,77,2493,1000,5.69058,271,6.0905,0.000106812,0,4429,97703844921
200.782,4.98052,37.421,0,98,79,77,2493,1000,5.69058,271,6.0905,0.000106812,0,4429,97807923774
163.214,6.12692,37.421,0,98,79,77,2493,1000,5.69058,271,6.0905,0.000106812,0,4429,97912005232
156.234,6.40065,37.625,0,98,79,77,2495,1000,5.69011,271,6.0905,0.000106812,0,4439,98016086219
154.587,6.46884,37.625,0,98,79,77,2495,1000,5.69011,271,6.0905,0.000106812,0,4439,98120170282
184.244,5.4276,37.625,0,98,79,77,2495,1000,5.69011,271,6.0905,0.000106812,0,4439,98224267009
210.524,4.75006,37.625,0,98,79,77,2495,1000,5.69011,271,6.0905,0.000106812,0,4439,98328342726
187.202,5.34184,37.625,0,98,79,77,2495,1000,5.69011,271,6.0905,0.000106812,0,4439,98432493244
183.539,5.44844,39.206,0,98,79,77,2491,1000,5.69011,271,6.0913,0.000106812,0,4436,98536574772
216.776,4.61305,39.206,0,98,79,77,2491,1000,5.69011,271,6.0913,0.000106812,0,4436,98640628979
183.227,5.45772,39.206,0,98,79,77,2491,1000,5.69011,271,6.0913,0.000106812,0,4436,98744726808
155.534,6.42946,39.206,0,98,79,77,2491,1000,5.69011,271,6.0913,0.000106812,0,4436,98848806823
167.194,5.98108,39.206,0,98,79,77,2491,1000,5.69011,271,6.0913,0.000106812,0,4436,98952892629
170.202,5.87537,38.423,0,98,79,77,2486,1000,5.69011,271,6.09188,0.000106812,0,4441,99056981711
210.579,4.7488,38.423,0,98,79,77,2486,1000,5.69011,271,6.09188,0.000106812,0,4441,99161896813
164.752,6.06974,38.423,0,98,79,77,2486,1000,5.69011,271,6.09188,0.000106812,0,4441,99265974964
159.052,6.28727,38.423,0,98,79,77,2486,1000,5.69011,271,6.09188,0.000106812,0,4441,99370054318
177.996,5.61811,38.423,0,98,79,77,2486,1000,5.69011,271,6.09188,0.000106812,0,4441,99474137219
170.526,5.86419,38.0299,0,98,79,77,2486,1000,5.69011,271,6.09211,0.000106812,0,4436,99578227494
181.684,5.50407,38.0299,0,98,79,77,2486,1000,5.69011,271,6.09211,0.000106812,0,4436,99682264368
192.302,5.20015,38.0299,0,98,79,77,2486,1000,5.69011,271,6.09211,0.000106812,0,4436,99786344344
197.395,5.06599,38.0299,0,98,79,77,2486,1000,5.69011,271,6.09211,0.000106812,0,4436,99890397208
149.744,6.67806,38.875,0,98,79,77,2486,1000,5.69011,271,6.09769,0.000106812,0,4437,99994481291
177.703,5.62738,38.875,0,98,79,77,2486,1000,5.69011,271,6.09769,0.000106812,0,4437,100098559864
177.755,5.62573,38.875,0,98,79,77,2486,1000,5.69011,271,6.09769,0.000106812,0,4437,100202639208
155.656,6.42441,38.875,0,98,79,77,2486,1000,5.69011,271,6.09769,0.000106812,0,4437,100306728591
182.852,5.4689,38.875,0,98,79,77,2486,1000,5.69011,271,6.09769,0.000106812,0,4437,100410815018
206.353,4.84607,37.0277,0,98,80,77,2488,1000,5.69011,271,6.09769,0.000106812,0,4441,100514899201
206.881,4.8337,37.0277,0,98,80,77,2488,1000,5.69011,271,6.09769,0.000106812,0,4441,100618980449
212.041,4.71606,37.0277,0,98,80,77,2488,1000,5.69011,271,6.09769,0.000106812,0,4441,100723072026
166.919,5.99091,37.0277,0,98,80,77,2488,1000,5.69011,271,6.09769,0.000106812,0,4441,100827160477
180.108,5.55221,37.0277,0,98,80,77,2488,1000,5.69011,271,6.09769,0.000106812,0,4441,100931246945
237.88,4.2038,38.6897,0,98,80,77,2495,1000,5.69011,271,6.1111,0.000106812,0,4430,101035325427
153.282,6.52391,38.6897,0,98,80,77,2495,1000,5.69011,271,6.1111,0.000106812,0,4430,101139405172
161.118,6.20663,38.6897,0,98,80,77,2495,1000,5.69011,271,6.1111,0.000106812,0,4430,101243486350
181.288,5.51607,38.6897,0,98,80,77,2495,1000,5.69011,271,6.1111,0.000106812,0,4430,101347566114
226.297,4.41897,38.6897,0,98,80,77,2495,1000,5.69011,271,6.1111,0.000106812,0,4430,101451811650
153.648,6.50838,38.2316,0,98,80,77,2491,1000,5.69011,271,6.11595,0.000106812,0,4441,101555893950
176.286,5.6726,38.2316,0,98,80,77,2491,1000,5.69011,271,6.11595,0.000106812,0,4441,101659984695
189.803,5.26863,38.2316,0,98,80,77,2491,1000,5.69011,271,6.11595,0.000106812,0,4441,101764046326
212.08,4.71519,38.2316,0,98,80,77,2491,1000,5.69011,271,6.11595,0.000106812,0,4441,101868130589
171.073,5.84546,38.2316,0,98,80,77,2491,1000,5.69011,271,6.11595,0.000106812,0,4441,101972217217
146.871,6.80869,37.5469,0,98,80,77,2487,1000,5.69011,271,6.11691,0.000106812,0,4441,102076301771
256.811,3.89392,37.5469,0,98,80,77,2487,1000,5.69011,271,6.11691,0.000106812,0,4441,102180381225
185.691,5.38528,37.5469,0,98,80,77,2487,1000,5.69011,271,6.11691,0.000106812,0,4441,102284463846
155.916,6.41371,37.5469,0,98,80,77,2487,1000,5.69011,271,6.11691,0.000106812,0,4441,102388546566
185.613,5.38755,37.5469,0,98,80,77,2487,1000,5.69011,271,6.11691,0.000106812,0,4441,102492666506
192.562,5.19314,37.9182,0,98,80,77,2490,1000,5.69011,271,6.11691,0.000106812,0,4430,102596747564
180.72,5.53341,37.9182,0,98,80,77,2490,1000,5.69011,271,6.11691,0.000106812,0,4430,102700990134
188.232,5.31258,37.9182,0,98,80,77,2490,1000,5.69011,271,6.11691,0.000106812,0,4430,102805073756
151.739,6.59025,37.9182,0,98,80,77,2490,1000,5.69011,271,6.11691,0.000106812,0,4430,102909154553
212.148,4.7137,38.9027,0,98,80,77,2489,1000,5.69011,271,6.11609,0.000106812,0,4442,103013236041
194.548,5.14012,38.9027,0,98,80,77,2489,1000,5.69011,271,6.11609,0.000106812,0,4442,103117402368
174.927,5.71666,38.9027,0,98,80,77,2489,1000,5.69011,271,6.11609,0.000106812,0,4442,103221481371
204.564,4.88846,38.9027,0,98,80,77,2489,1000,5.69011,271,6.11609,0.000106812,0,4442,103325792690
149.171,6.70371,38.9027,0,98,80,77,2489,1000,5.69011,271,6.11609,0.000106812,0,4442,103429876313
186.653,5.35753,39.6766,0,98,80,77,2483,1000,5.69085,271,6.11459,0.000106812,0,4421,103533962219
168.074,5.94977,39.6766,0,98,80,77,2483,1000,5.69085,271,6.11459,0.000106812,0,4421,103638049949
174.709,5.7238,39.6766,0,98,80,77,2483,1000,5.69085,271,6.11459,0.000106812,0,4421,103742134653
172.558,5.79515,39.6766,0,98,80,77,2483,1000,5.69085,271,6.11459,0.000106812,0,4421,103846222473
217.036,4.60754,39.6766,0,98,80,77,2483,1000,5.69085,271,6.11459,0.000106812,0,4421,103950305694
175.686,5.69197,38.4328,0,98,80,77,2488,1000,5.69011,271,6.11319,0.000106812,0,4416,104054386922
192.956,5.18254,38.4328,0,98,80,77,2488,1000,5.69011,271,6.11319,0.000106812,0,4416,104158470284
160.156,6.24393,38.4328,0,98,80,77,2488,1000,5.69011,271,6.11319,0.000106812,0,4416,104262976538
211.006,4.73921,38.4328,0,98,80,77,2488,1000,5.69011,271,6.11319,0.000106812,0,4416,104367060180
198.398,5.04037,38.4328,0,98,80,77,2488,1000,5.69011,271,6.11319,0.000106812,0,4416,104471142109
172.739,5.78909,37.4065,0,98,80,77,2486,1000,5.69011,271,6.11343,0.000106812,0,4440,104576439136
196.286,5.09461,37.4065,0,98,80,77,2486,1000,5.69011,271,6.11343,0.000106812,0,4440,104680527477
164.222,6.08931,37.4065,0,98,80,77,2486,1000,5.69011,271,6.11343,0.000106812,0,4440,104784799493
188.432,5.30695,37.4065,0,98,80,77,2486,1000,5.69011,271,6.11343,0.000106812,0,4440,104888889226
146.804,6.81179,37.4065,0,98,80,77,2486,1000,5.69011,271,6.11343,0.000106812,0,4440,104992973700
151.131,6.61679,39.2768,0,98,80,77,2486,1000,5.69011,271,6.11366,0.000106812,0,4442,105097056020
195.296,5.12044,39.2768,0,98,80,77,2486,1000,5.69011,271,6.11366,0.000106812,0,4442,105201141916
200.99,4.97537,39.2768,0,98,80,77,2486,1000,5.69011,271,6.11366,0.000106812,0,4442,105305222242
207.123,4.82804,39.2768,0,98,80,77,2486,1000,5.69011,271,6.11366,0.000106812,0,4442,105409307808
195.786,5.10763,39.2768,0,98,80,77,2486,1000,5.69011,271,6.11366,0.000106812,0,4442,105513390538
170.918,5.85077,39.3484,0,99,80,77,2487,1000,5.69793,271,6.11366,0.000106812,0,4443,105617469962
185.331,5.39577,39.3484,0,99,80,77,2487,1000,5.69793,271,6.11366,0.000106812,0,4443,105721551170
219.316,4.55963,39.3484,0,99,80,77,2487,1000,5.69793,271,6.11366,0.000106812,0,4443,105825777900
165.003,6.06051,39.3484,0,99,80,77,2487,1000,5.69793,271,6.11366,0.000106812,0,4443,105929869357
173.018,5.77976,39.0213,0,98,80,77,2487,1000,5.69011,271,6.1139,0.000106812,0,4451,106033985039
154.887,6.45631,39.0213,0,98,80,77,2487,1000,5.69011,271,6.1139,0.000106812,0,4451,106138415993
174.09,5.74416,39.0213,0,98,80,77,2487,1000,5.69011,271,6.1139,0.000106812,0,4451,106242502641
192.952,5.18264,39.0213,0,98,80,77,2487,1000,5.69011,271,6.1139,0.000106812,0,4451,106346583658
178.322,5.60782,39.0213,0,98,80,77,2487,1000,5.69011,271,6.1139,0.000106812,0,4451,106450669614
195.444,5.11655,38.4807,0,98,80,77,2493,1000,5.69011,271,6.11215,0.000106812,0,4440,106554762484
191.448,5.22336,38.4807,0,98,80,77,2493,1000,5.69011,271,6.11215,0.000106812,0,4440,106658866144
163.183,6.12809,38.4807,0,98,80,77,2493,1000,5.69011,271,6.11215,0.000106812,0,4440,106762952471
163.253,6.12545,38.4807,0,98,80,77,2493,1000,5.69011,271,6.11215,0.000106812,0,4440,106867203497
218.578,4.57502,38.4807,0,98,80,77,2493,1000,5.69011,271,6.11215,0.000106812,0,4440,106971283773
201.879,4.95347,38.8471,0,98,80,77,2490,1000,5.69011,271,6.10634,0.000106812,0,4433,107075370991
200.383,4.99044,38.8471,0,98,80,77,2490,1000,5.69011,271,6.10634,0.000106812,0,4433,107179463941
196.832,5.08048,38.8471,0,98,80,77,2490,1000,5.69011,271,6.10634,0.000106812,0,4433,107283558985
199.966,5.00085,38.8471,0,98,80,77,2490,1000,5.69011,271,6.10634,0.000106812,0,4433,107387635984
185.144,5.4012,38.8471,0,98,80,77,2490,1000,5.69011,271,6.10634,0.000106812,0,4433,107491716541
183.978,5.43544,38.5572,0,98,80,77,2489,1000,5.69058,271,6.1061,0.000106812,0,4441,107595840458
185.655,5.38634,38.5572,0,98,80,77,2489,1000,5.69058,271,6.1061,0.000106812,0,4441,107699929471
158.479,6.31,38.5572,0,98,80,77,2489,1000,5.69058,271,6.1061,0.000106812,0,4441,107804056805
146.857,6.80936,38.5572,0,98,80,77,2489,1000,5.69058,271,6.1061,0.000106812,0,4441,107908142130
187.985,5.31957,38.5572,0,98,80,77,2489,1000,5.69058,271,6.1061,0.000106812,0,4441,108012228096
230.184,4.34436,38.4807,0,99,80,77,2491,1000,5.70933,271,6.10634,0.000106812,0,4441,108116315756
168.313,5.94132,38.4807,0,99,80,77,2491,1000,5.70933,271,6.10634,0.000106812,0,4441,108220658564
175.019,5.71367,38.4807,0,99,80,77,2491,1000,5.70933,271,6.10634,0.000106812,0,4441,108324746334
178.885,5.59018,38.4807,0,99,80,77,2491,1000,5.70933,271,6.10634,0.000106812,0,4441,108429281683
167.436,5.97244,38.4807,0,99,80,77,2491,1000,5.70933,271,6.10634,0.000106812,0,4441,108533372809
211.768,4.72215,40.5473,0,98,80,77,2493,1000,5.69086,271,6.10566,0.000106812,0,4431,108637485907
170.76,5.85616,40.5473,0,98,80,77,2493,1000,5.69086,271,6.10566,0.000106812,0,4431,108741819888
229.756,4.35244,40.5473,0,98,80,77,2493,1000,5.69086,271,6.10566,0.000106812,0,4431,108845907748
167.488,5.97059,40.5473,0,98,80,77,2493,1000,5.69086,271,6.10566,0.000106812,0,4431,108950588239
174.688,5.7245,38.4906,0,98,80,77,2496,1000,5.69012,271,6.11034,0.000106812,0,4440,109054668054
162.407,6.15736,38.4906,0,98,80,77,2496,1000,5.69012,271,6.11034,0.000106812,0,4440,109158743381
213.178,4.69093,38.4906,0,98,80,77,2496,1000,5.69012,271,6.11034,0.000106812,0,4440,109262827504
179.937,5.55751,38.4906,0,98,80,77,2496,1000,5.69012,271,6.11034,0.000106812,0,4440,109367572436
171.485,5.83141,38.4906,0,98,80,77,2496,1000,5.69012,271,6.11034,0.000106812,0,4440,109471660487
167.798,5.95955,37.9826,0,98,80,77,2500,1000,5.69012,271,6.11034,0.000106812,0,4431,109575728099
203.667,4.90997,37.9826,0,98,80,77,2500,1000,5.69012,271,6.11034,0.000106812,0,4431,109679815007
180.25,5.54785,37.9826,0,98,80,77,2500,1000,5.69012,271,6.11034,0.000106812,0,4431,109783887288
167.547,5.96849,37.9826,0,98,80,77,2500,1000,5.69012,271,6.11034,0.000106812,0,4431,109887967023
148.322,6.74211,37.9826,0,98,80,77,2500,1000,5.69012,271,6.11034,0.000106812,0,4431,109992047769
159.322,6.27659,37.2475,0,98,80,77,2498,1000,5.69012,271,6.11058,0.000106812,0,4417,110096135639
163.72,6.10798,37.2475,0,98,80,77,2498,1000,5.69012,271,6.11058,0.000106812,0,4417,110200221365
225.455,4.43547,37.2475,0,98,80,77,2498,1000,5.69012,271,6.11058,0.000106812,0,4417,110304315127
171.166,5.84227,37.2475,0,98,80,77,2498,1000,5.69012,271,6.11058,0.000106812,0,4417,110408398679
199.096,5.0227,37.2475,0,98,80,77,2498,1000,5.69012,271,6.11058,0.000106812,0,4417,110512479285
158.242,6.31945,38.7016,0,98,80,77,2498,1000,5.69012,271,6.11106,0.000106812,0,4435,110616568037
164.258,6.08798,38.7016,0,98,80,77,2498,1000,5.69012,271,6.11106,0.000106812,0,4435,110720718274
207.583,4.81735,38.7016,0,98,80,77,2498,1000,5.69012,271,6.11106,0.000106812,0,4435,110824800704
234.593,4.2627,38.7016,0,98,80,77,2498,1000,5.69012,271,6.11106,0.000106812,0,4435,110928925323
167.128,5.98343,38.7016,0,98,80,77,2498,1000,5.69012,271,6.11106,0.000106812,0,4435,111033014986
184.1,5.43184,38.2979,0,98,79,77,2503,1000,5.69012,271,6.11152,0.000106812,0,4416,111137745551
227.094,4.40347,38.2979,0,98,79,77,2503,1000,5.69012,271,6.11152,0.000106812,0,4416,111241827941
193.668,5.16347,38.2979,0,98,79,77,2503,1000,5.69012,271,6.11152,0.000106812,0,4416,111345906995
188.478,5.30567,38.2979,0,98,79,77,2503,1000,5.69012,271,6.11152,0.000106812,0,4416,111449986790
153.509,6.51428,38.2979,0,98,79,77,2503,1000,5.69012,271,6.11152,0.000106812,0,4416,111554067877
192.351,5.19882,37.9397,0,98,79,77,2502,1000,5.69012,271,6.11295,0.000106812,0,4441,111660028829
173.1,5.777,37.9397,0,98,79,77,2502,1000,5.69012,271,6.11295,0.000106812,0,4441,111764106470
216.706,4.61454,37.9397,0,98,79,77,2502,1000,5.69012,271,6.11295,0.000106812,0,4441,111868186405
167.313,5.97683,37.9397,0,98,79,77,2502,1000,5.69012,271,6.11295,0.000106812,0,4441,111972280366
182.017,5.49398,37.875,0,98,79,77,2502,1000,5.69012,271,6.10836,0.000106812,0,4441,112076368587
204.872,4.88109,37.875,0,98,79,77,2502,1000,5.69012,271,6.10836,0.000106812,0,4441,112180448863
239.033,4.18352,37.875,0,98,79,77,2502,1000,5.69012,271,6.10836,0.000106812,0,4441,112284532706
177.765,5.6254,37.875,0,98,79,77,2502,1000,5.69012,271,6.10836,0.000106812,0,4441,112388618592
172.593,5.79398,37.875,0,98,79,77,2502,1000,5.69012,271,6.10836,0.000106812,0,4441,112492697956
164.499,6.07905,37.2818,0,99,79,77,2503,1000,5.69012,271,6.10836,0.000106812,0,4418,112596782310
154.437,6.47513,37.2818,0,99,79,77,2503,1000,5.69012,271,6.10836,0.000106812,0,4418,112700859700
145.464,6.87456,37.2818,0,99,79,77,2503,1000,5.69012,271,6.10836,0.000106812,0,4418,112804985201
163.42,6.11919,37.2818,0,99,79,77,2503,1000,5.69012,271,6.10836,0.000106812,0,4418,112909133364
184.446,5.42165,37.2818,0,99,79,77,2503,1000,5.69012,271,6.10836,0.000106812,0,4418,113013214982
188.706,5.29926,37.764,0,98,79,77,2507,1000,5.69059,271,6.10859,0.000106812,0,4449,113117295879
183.503,5.44949,37.764,0,98,79,77,2507,1000,5.69059,271,6.10859,0.000106812,0,4449,113221419536
204.097,4.89964,37.764,0,98,79,77,2507,1000,5.69059,271,6.10859,0.000106812,0,4449,113325598337
209.999,4.76192,37.764,0,98,79,77,2507,1000,5.69059,271,6.10859,0.000106812,0,4449,113429699362
161.632,6.18689,37.764,0,98,79,77,2507,1000,5.69059,271,6.10859,0.000106812,0,4449,113533810585
187.682,5.32817,37.6263,0,99,79,77,2499,1000,5.69793,271,6.11932,0.000106812,0,4416,113637894037
157.826,6.33609,37.6263,0,99,79,77,2499,1000,5.69793,271,6.11932,0.000106812,0,4416,113741988500
195.158,5.12405,37.6263,0,99,79,77,2499,1000,5.69793,271,6.11932,0.000106812,0,4416,113846081600
177.798,5.62436,37.6263,0,99,79,77,2499,1000,5.69793,271,6.11932,0.000106812,0,4416,113950408187
203.312,4.91855,37.6263,0,99,79,77,2499,1000,5.69793,271,6.11932,0.000106812,0,4416,114054498803
179.685,5.56528,38.423,0,98,79,77,2498,1000,5.69012,271,6.12698,0.000106812,0,4439,114158589668
195.15,5.12427,38.423,0,98,79,77,2498,1000,5.69012,271,6.12698,0.000106812,0,4439,114262681085
182.464,5.48053,38.423,0,98,79,77,2498,1000,5.69012,271,6.12698,0.000106812,0,4439,114366763014
136.547,7.32348,38.423,0,98,79,77,2498,1000,5.69012,271,6.12698,0.000106812,0,4439,114470843520
172.853,5.78526,38.423,0,98,79,77,2498,1000,5.69012,271,6.12698,0.000106812,0,4439,114574929186
188.889,5.29413,37.0787,0,99,79,77,2503,1000,5.69059,271,6.11482,0.000106812,0,4436,114679013630
181.695,5.50372,37.0787,0,99,79,77,2503,1000,5.69059,271,6.11482,0.000106812,0,4436,114783092603
196.667,5.08474,37.0787,0,99,79,77,2503,1000,5.69059,271,6.11482,0.000106812,0,4436,114887637330
186.453,5.36329,37.0787,0,99,79,77,2503,1000,5.69059,271,6.11482,0.000106812,0,4436,114991737824
204.231,4.89641,36.8354,0,99,79,78,2498,1000,5.69012,271,6.11722,0.000106812,0,4441,115095817839
171.97,5.81497,36.8354,0,99,79,78,2498,1000,5.69012,271,6.11722,0.000106812,0,4441,115199896321
161.164,6.20484,36.8354,0,99,79,78,2498,1000,5.69012,271,6.11722,0.000106812,0,4441,115303979413
162.773,6.14352,36.8354,0,99,79,78,2498,1000,5.69012,271,6.11722,0.000106812,0,4441,115408116615
144.301,6.92996,36.8354,0,99,79,78,2498,1000,5.69012,271,6.11722,0.000106812,0,4441,115512200658
203.345,4.91774,38.3562,0,98,79,77,2495,1000,5.69012,271,6.11722,0.000106812,0,4441,115616285723
209.856,4.76517,38.3562,0,98,79,77,2495,1000,5.69012,271,6.11722,0.000106812,0,4441,115720371549
157.799,6.33716,38.3562,0,98,79,77,2495,1000,5.69012,271,6.11722,0.000106812,0,4441,115824459379
189.737,5.27046,38.3562,0,98,79,77,2495,1000,5.69012,271,6.11722,0.000106812,0,4441,115928552619
176.816,5.6556,38.3562,0,98,79,77,2495,1000,5.69012,271,6.11722,0.000106812,0,4441,116033672134
144.745,6.90872,38.7137,0,98,79,77,2495,1000,5.69012,271,6.11017,0.000106812,0,4439,116137753632
176.361,5.6702,38.7137,0,98,79,77,2495,1000,5.69012,271,6.11017,0.000106812,0,4439,116241841402
171.967,5.81508,38.7137,0,98,79,77,2495,1000,5.69012,271,6.11017,0.000106812,0,4439,116345927438
244.461,4.09064,38.7137,0,98,79,77,2495,1000,5.69012,271,6.11017,0.000106812,0,4439,116450025207
156.481,6.39054,38.7137,0,98,79,77,2495,1000,5.69012,271,6.11017,0.000106812,0,4439,116554109240
168.204,5.94518,38.3459,0,98,79,78,2490,1000,5.69012,271,6.11089,0.000106812,0,4441,116658194645
230.555,4.33735,38.3459,0,98,79,78,2490,1000,5.69012,271,6.11089,0.000106812,0,4441,116762663961
189.633,5.27335,38.3459,0,98,79,78,2490,1000,5.69012,271,6.11089,0.000106812,0,4441,116866763993
169.475,5.90059,38.3459,0,98,79,78,2490,1000,5.69012,271,6.11089,0.000106812,0,4441,116970953574
152.044,6.57704,38.3459,0,98,79,78,2490,1000,5.69012,271,6.11089,0.000106812,0,4441,117075047095
190.131,5.25953,38.1546,0,98,79,77,2496,1000,5.69012,271,6.10688,0.000106812,0,4438,117179140846
160.702,6.22271,38.1546,0,98,79,77,2496,1000,5.69012,271,6.10688,0.000106812,0,4438,117283562732
161.239,6.20197,38.1546,0,98,79,77,2496,1000,5.69012,271,6.10688,0.000106812,0,4438,117387651093
168.932,5.91956,38.1546,0,98,79,77,2496,1000,5.69012,271,6.10688,0.000106812,0,4438,117491748391
177.957,5.61933,38.1546,0,98,79,77,2496,1000,5.69012,271,6.10688,0.000106812,0,4438,117595836321
179.001,5.58657,37.1393,0,99,79,77,2489,1000,5.69059,271,6.10688,0.000106812,0,4441,117699913882
169.982,5.88298,37.1393,0,99,79,77,2489,1000,5.69059,271,6.10688,0.000106812,0,4441,117803993517
159.282,6.27818,37.1393,0,99,79,77,2489,1000,5.69059,271,6.10688,0.000106812,0,4441,117908075586
141.14,7.08516,37.1393,0,99,79,77,2489,1000,5.69059,271,6.10688,0.000106812,0,4441,118012159438
251.895,3.96991,38.7176,0,98,79,77,2492,1000,5.69012,271,6.10712,0.000106812,0,4457,118116242530
191.591,5.21945,38.7176,0,98,79,77,2492,1000,5.69012,271,6.10712,0.000106812,0,4457,118220330350
181.972,5.49534,38.7176,0,98,79,77,2492,1000,5.69012,271,6.10712,0.000106812,0,4457,118324415525
167.204,5.98073,38.7176,0,98,79,77,2492,1000,5.69012,271,6.10712,0.000106812,0,4457,118428495660
200.496,4.98762,38.7176,0,98,79,77,2492,1000,5.69012,271,6.10712,0.000106812,0,4457,118532597567
177.07,5.6475,38.5768,0,98,79,78,2489,1000,5.69012,271,6.10593,0.000106812,0,4437,118636637767
157.356,6.35502,38.5768,0,98,79,78,2489,1000,5.69012,271,6.10593,0.000106812,0,4437,118741120117
149.417,6.69266,38.5768,0,98,79,78,2489,1000,5.69012,271,6.10593,0.000106812,0,4437,118845201555
203.53,4.91327,38.5768,0,98,79,78,2489,1000,5.69012,271,6.10593,0.000106812,0,4437,118949282532
166.039,6.02267,38.5768,0,98,79,78,2489,1000,5.69012,271,6.10593,0.000106812,0,4437,119054072429
194.016,5.1542,37.1069,0,98,79,78,2486,1000,5.69059,271,6.10574,0.000106812,0,4441,119158141313
172.643,5.79231,37.1069,0,98,79,78,2486,1000,5.69059,271,6.10574,0.000106812,0,4441,119262228792
244.204,4.09494,37.1069,0,98,79,78,2486,1000,5.69059,271,6.10574,0.000106812,0,4441,119366312344
238.46,4.19357,37.1069,0,98,79,78,2486,1000,5.69059,271,6.10574,0.000106812,0,4441,119470401577
197.008,5.07595,37.1069,0,98,79,78,2486,1000,5.69059,271,6.10574,0.000106812,0,4441,119574489768
249.674,4.00523,36.5337,0,98,79,77,2490,1000,5.69012,271,6.10574,0.000106812,0,4440,119678580223
204.919,4.87998,36.5337,0,98,79,77,2490,1000,5.69012,271,6.10574,0.000106812,0,4440,119783361833
171.287,5.83816,36.5337,0,98,79,77,2490,1000,5.69012,271,6.10574,0.000106812,0,4440,119887442801
165.85,6.02953,36.5337,0,98,79,77,2490,1000,5.69012,271,6.10574,0.000106812,0,4440,119992075101
200.566,4.98589,36.5337,0,98,79,77,2490,1000,5.69012,271,6.10574,0.000106812,0,4440,120096155568
207.536,4.81844,37.0647,0,98,79,77,2485,1000,5.69402,271,6.11004,0.000106812,0,4418,120200242997
212.28,4.71076,37.0647,0,98,79,77,2485,1000,5.69402,271,6.11004,0.000106812,0,4418,120304326138
163.749,6.10689,37.0647,0,98,79,77,2485,1000,5.69402,271,6.11004,0.000106812,0,4418,120408413978
168.723,5.92688,37.0647,0,98,79,77,2485,1000,5.69402,271,6.11004,0.000106812,0,4418,120513153440
164.955,6.06228,37.0647,0,98,79,77,2485,1000,5.69402,271,6.11004,0.000106812,0,4418,120617238755
162.334,6.16013,36.9077,0,98,79,78,2481,1000,5.69012,271,6.11007,0.000106812,0,4441,120721320674
157.051,6.36738,36.9077,0,98,79,78,2481,1000,5.69012,271,6.11007,0.000106812,0,4441,120825417611
198.121,5.04741,36.9077,0,98,79,78,2481,1000,5.69012,271,6.11007,0.000106812,0,4441,120929507735
186.539,5.36082,36.9077,0,98,79,78,2481,1000,5.69012,271,6.11007,0.000106812,0,4441,121033589103
185.763,5.38319,36.5578,0,98,79,77,2484,1000,5.69012,271,6.12226,0.000106812,0,4440,121137680300
186.699,5.3562,36.5578,0,98,79,77,2484,1000,5.69012,271,6.12226,0.000106812,0,4440,121241760065
208.436,4.79763,36.5578,0,98,79,77,2484,1000,5.69012,271,6.12226,0.000106812,0,4440,121345856030
192.28,5.20076,36.5578,0,98,79,77,2484,1000,5.69012,271,6.12226,0.000106812,0,4440,121449948438
160.333,6.23702,36.5578,0,98,79,77,2484,1000,5.69012,271,6.12226,0.000106812,0,4440,121554040156
174.139,5.74255,35.5975,0,98,79,77,2484,1000,5.69012,271,6.12298,0.000106812,0,4440,121658116133
202.342,4.94213,35.5975,0,98,79,77,2484,1000,5.69012,271,6.12298,0.000106812,0,4440,121762197531
193.699,5.16264,35.5975,0,98,79,77,2484,1000,5.69012,271,6.12298,0.000106812,0,4440,121866282145
186.594,5.35924,35.5975,0,98,79,77,2484,1000,5.69012,271,6.12298,0.000106812,0,4440,121970383190
189.164,5.28643,35.5975,0,98,79,77,2484,1000,5.69012,271,6.12298,0.000106812,0,4440,122074468105
176.737,5.65814,35.9649,0,99,79,78,2486,1000,5.69012,271,6.12298,0.000106812,0,4441,122178555534
211.753,4.72248,35.9649,0,99,79,78,2486,1000,5.69012,271,6.12298,0.000106812,0,4441,122282604972
176.735,5.65819,35.9649,0,99,79,78,2486,1000,5.69012,271,6.12298,0.000106812,0,4441,122386693373
187.136,5.3437,35.9649,0,99,79,78,2486,1000,5.69012,271,6.12298,0.000106812,0,4441,122490771184
159.448,6.27165,35.9649,0,99,79,78,2486,1000,5.69012,271,6.12298,0.000106812,0,4441,122594849026
174.025,5.74631,36.7702,0,98,79,77,2486,1000,5.69012,271,6.12333,0.000106812,0,4451,122698931826
145.163,6.8888,36.7702,0,98,79,77,2486,1000,5.69012,271,6.12333,0.000106812,0,4451,122803013765
249.327,4.0108,36.7702,0,98,79,77,2486,1000,5.69012,271,6.12333,0.000106812,0,4451,122907094632
175.979,5.68248,36.7702,0,98,79,77,2486,1000,5.69012,271,6.12333,0.000106812,0,4451,123011173926
164.223,6.08928,36.7702,0,98,79,77,2486,1000,5.69012,271,6.12333,0.000106812,0,4451,123115260464
199.216,5.01968,36.0303,0,98,79,77,2485,1000,5.69012,271,6.12998,0.000106812,0,4394,123219339848
187.01,5.3473,36.0303,0,98,79,77,2485,1000,5.69012,271,6.12998,0.000106812,0,4394,123323415395
156.431,6.39257,36.0303,0,98,79,77,2485,1000,5.69012,271,6.12998,0.000106812,0,4394,123427496582
186.323,5.36703,36.0303,0,98,79,77,2485,1000,5.69012,271,6.12998,0.000106812,0,4394,123531585545
243.471,4.10727,36.8883,0,98,79,77,2483,1000,5.69012,271,6.1227,0.000106812,0,4417,123635675238
230.872,4.3314,36.8883,0,98,79,77,2483,1000,5.69012,271,6.1227,0.000106812,0,4417,123739758069
163.62,6.11171,36.8883,0,98,79,77,2483,1000,5.69012,271,6.1227,0.000106812,0,4417,123843846620
208.378,4.79898,36.8883,0,98,79,77,2483,1000,5.69012,271,6.1227,0.000106812,0,4417,123947930803
243.456,4.10751,36.8883,0,98,79,77,2483,1000,5.69012,271,6.1227,0.000106812,0,4417,124052021499
164.277,6.08728,36.3522,0,98,79,77,2489,1000,5.69012,271,6.11921,0.000106812,0,4435,124156103117
172.765,5.78821,36.3522,0,98,79,77,2489,1000,5.69012,271,6.11921,0.000106812,0,4435,124260318636
159.262,6.27894,36.3522,0,98,79,77,2489,1000,5.69012,271,6.11921,0.000106812,0,4435,124364401768
208.634,4.79308,36.3522,0,98,79,77,2489,1000,5.69012,271,6.11921,0.000106812,0,4435,124468486973
173.811,5.75338,36.3522,0,98,79,77,2489,1000,5.69012,271,6.11921,0.000106812,0,4435,124572596123
154.687,6.46468,36.9483,0,98,79,77,2490,1000,5.69012,271,6.11392,0.000106812,0,4439,124676910217
182.36,5.48365,36.9483,0,98,79,77,2490,1000,5.69012,271,6.11392,0.000106812,0,4439,124781000522
185.929,5.37838,36.9483,0,98,79,77,2490,1000,5.69012,271,6.11392,0.000106812,0,4439,124885081038
157.055,6.36718,36.9483,0,98,79,77,2490,1000,5.69012,271,6.11392,0.000106812,0,4439,124989159260
204.321,4.89427,36.9483,0,98,79,77,2490,1000,5.69012,271,6.11392,0.000106812,0,4439,125093606434
175.725,5.6907,38.5749,0,98,79,77,2486,1000,5.69012,271,6.10812,0.000106812,0,4427,125197697540
223.541,4.47345,38.5749,0,98,79,77,2486,1000,5.69012,271,6.10812,0.000106812,0,4427,125301782084
208.817,4.78889,38.5749,0,98,79,77,2486,1000,5.69012,271,6.10812,0.000106812,0,4427,125405870896
195.85,5.10595,38.5749,0,98,79,77,2486,1000,5.69012,271,6.10812,0.000106812,0,4427,125509951983
158.917,6.29258,38.5749,0,98,79,77,2486,1000,5.69012,271,6.10812,0.000106812,0,4427,125614034713
178.652,5.59747,39.2768,0,99,79,78,2502,1000,5.69012,271,6.11163,0.000106812,0,4441,125718116292
152.689,6.54925,39.2768,0,99,79,78,2502,1000,5.69012,271,6.11163,0.000106812,0,4441,125822197489
192.69,5.18967,39.2768,0,99,79,78,2502,1000,5.69012,271,6.11163,0.000106812,0,4441,125926291170
177.518,5.63323,39.2768,0,99,79,78,2502,1000,5.69012,271,6.11163,0.000106812,0,4441,126030381204
187.93,5.32112,39.2768,0,99,79,78,2502,1000,5.69012,271,6.11163,0.000106812,0,4441,126134467892
183.287,5.45592,38.539,0,98,79,77,2496,1000,5.69012,271,6.10015,0.000106812,0,4441,126238566653
183.893,5.43793,38.539,0,98,79,77,2496,1000,5.69012,271,6.10015,0.000106812,0,4441,126342651567
151.895,6.5835,38.539,0,98,79,77,2496,1000,5.69012,271,6.10015,0.000106812,0,4441,126446733907
179.077,5.5842,38.539,0,98,79,77,2496,1000,5.69012,271,6.10015,0.000106812,0,4441,126550815295
194.672,5.13685,38.6534,0,98,79,78,2502,1000,5.69059,271,6.10756,0.000106812,0,4436,126654900620
182.185,5.48893,38.6534,0,98,79,78,2502,1000,5.69059,271,6.10756,0.000106812,0,4436,126759504057
132.683,7.53675,38.6534,0,98,79,78,2502,1000,5.69059,271,6.10756,0.000106812,0,4436,126863557763
199.373,5.01573,38.6534,0,98,79,78,2502,1000,5.69059,271,6.10756,0.000106812,0,4436,126967640273
199.943,5.00142,38.6534,0,98,79,78,2502,1000,5.69059,271,6.10756,0.000106812,0,4436,127071726861
185.723,5.38437,38.471,0,98,79,78,2502,1000,5.69059,271,6.10756,0.000106812,0,4442,127175818698
157.758,6.33883,38.471,0,98,79,78,2502,1000,5.69059,271,6.10756,0.000106812,0,4442,127279954548
158.508,6.30883,38.471,0,98,79,78,2502,1000,5.69059,271,6.10756,0.000106812,0,4442,127384044472
161.225,6.20252,38.471,0,98,79,78,2502,1000,5.69059,271,6.10756,0.000106812,0,4442,127488128435
163.324,6.1228,38.471,0,98,79,78,2502,1000,5.69059,271,6.10756,0.000106812,0,4442,127592216746
153.89,6.49816,38.8889,0,99,79,78,2497,1000,5.69012,271,6.11793,0.000106812,0,4439,127696264781
173.544,5.76222,38.8889,0,99,79,78,2497,1000,5.69012,271,6.11793,0.000106812,0,4439,127800343905
179.437,5.57299,38.8889,0,99,79,78,2497,1000,5.69012,271,6.11793,0.000106812,0,4439,127904425403
193.036,5.18039,38.8889,0,99,79,78,2497,1000,5.69012,271,6.11793,0.000106812,0,4439,128008490841
168.709,5.92736,38.8889,0,99,79,78,2497,1000,5.69012,271,6.11793,0.000106812,0,4439,128112556139
163.527,6.11518,41.6667,0,98,79,78,2507,1000,5.69086,271,6.10392,0.000106812,0,4428,128216645341
164.156,6.09175,41.6667,0,98,79,78,2507,1000,5.69086,271,6.10392,0.000106812,0,4428,128320729855
154.729,6.46292,41.6667,0,98,79,78,2507,1000,5.69086,271,6.10392,0.000106812,0,4428,128424811774
186.41,5.36453,41.6667,0,98,79,78,2507,1000,5.69086,271,6.10392,0.000106812,0,4428,128528902850
160.086,6.24665,41.6667,0,98,79,78,2507,1000,5.69086,271,6.10392,0.000106812,0,4428,128632988045
168.069,5.94993,41.7783,0,98,79,78,2507,1000,5.69086,271,6.10477,0.000106812,0,4434,128737074132
159.316,6.27685,41.7783,0,98,79,78,2507,1000,5.69086,271,6.10477,0.000106812,0,4434,128841160800
155.94,6.41271,41.7783,0,98,79,78,2507,1000,5.69086,271,6.10477,0.000106812,0,4434,128945240505
173.003,5.78024,41.7783,0,98,79,78,2507,1000,5.69086,271,6.10477,0.000106812,0,4434,129049468858
170.818,5.8542,41.7783,0,98,79,78,2507,1000,5.69086,271,6.10477,0.000106812,0,4434,129153540067
207.217,4.82586,41.0099,0,98,79,78,2504,1000,5.69012,271,6.09959,0.000106812,0,4438,129257622417
174.81,5.7205,41.0099,0,98,79,78,2504,1000,5.69012,271,6.09959,0.000106812,0,4438,129361707832
172.846,5.78551,41.0099,0,98,79,78,2504,1000,5.69012,271,6.09959,0.000106812,0,4438,129465789691
176.118,5.67802,41.0099,0,98,79,78,2504,1000,5.69012,271,6.09959,0.000106812,0,4438,129570027983
172.072,5.81153,38.8471,0,99,79,78,2502,1000,5.69402,271,6.09959,0.000106812,0,4439,129674130992
152.781,6.54533,38.8471,0,99,79,78,2502,1000,5.69402,271,6.09959,0.000106812,0,4439,129778215435
135.951,7.35558,38.8471,0,99,79,78,2502,1000,5.69402,271,6.09959,0.000106812,0,4439,129882303686
172.855,5.78521,38.8471,0,99,79,78,2502,1000,5.69402,271,6.09959,0.000106812,0,4439,129986392057
174.194,5.74073,38.8471,0,99,79,78,2502,1000,5.69402,271,6.09959,0.000106812,0,4439,130090485217
169.67,5.89379,41.3497,0,99,79,78,2506,1000,5.69012,271,6.09958,0.000106812,0,4428,130194734620
165.395,6.04613,41.3497,0,99,79,78,2506,1000,5.69012,271,6.09958,0.000106812,0,4428,130298816509
155.874,6.41542,41.3497,0,99,79,78,2506,1000,5.69012,271,6.09958,0.000106812,0,4428,130402899129
168.575,5.93209,41.3497,0,99,79,78,2506,1000,5.69012,271,6.09958,0.000106812,0,4428,130506978734
148.895,6.71612,41.3497,0,99,79,78,2506,1000,5.69012,271,6.09958,0.000106812,0,4428,130611079759
167.188,5.9813,38.8265,0,98,79,78,2505,1000,5.69012,271,6.09958,0.000106812,0,4443,130715681672
149.604,6.68431,38.8265,0,98,79,78,2505,1000,5.69012,271,6.09958,0.000106812,0,4443,130819763451
183.088,5.46186,38.8265,0,98,79,78,2505,1000,5.69012,271,6.09958,0.000106812,0,4443,130923852143
158.245,6.3193,38.8265,0,98,79,78,2505,1000,5.69012,271,6.09958,0.000106812,0,4443,131027937709
193.657,5.16378,38.8265,0,98,79,78,2505,1000,5.69012,271,6.09958,0.000106812,0,4443,131132020038
148.261,6.74486,40.1998,0,98,79,78,2506,1000,5.69793,271,6.11068,0.000106812,0,4416,131236108660
174.589,5.72775,40.1998,0,98,79,78,2506,1000,5.69793,271,6.11068,0.000106812,0,4416,131340200497
149.165,6.70399,40.1998,0,98,79,78,2506,1000,5.69793,271,6.11068,0.000106812,0,4416,131444292465
141.53,7.06563,40.1998,0,98,79,78,2506,1000,5.69793,271,6.11068,0.000106812,0,4416,131548375957
168.691,5.92799,40.1998,0,98,79,78,2506,1000,5.69793,271,6.11068,0.000106812,0,4416,131652961590
181.203,5.51867,38.6534,0,98,79,77,2505,1000,5.69012,271,6.11092,0.000106812,0,4441,131757109012
157.438,6.35171,38.6534,0,98,79,77,2505,1000,5.69012,271,6.11092,0.000106812,0,4441,131861204055
141.943,7.04506,38.6534,0,98,79,77,2505,1000,5.69012,271,6.11092,0.000106812,0,4441,131965286656
138.118,7.2402,38.6534,0,98,79,77,2505,1000,5.69012,271,6.11092,0.000106812,0,4441,132069377862
150.253,6.65543,38.6534,0,98,79,77,2505,1000,5.69012,271,6.11092,0.000106812,0,4441,132173471182
152.535,6.55588,38.6052,0,99,79,77,2507,1000,5.69012,271,6.11092,0.000106812,0,4427,132277511734
160.14,6.24454,38.6052,0,99,79,77,2507,1000,5.69012,271,6.11092,0.000106812,0,4427,132381591288
177.243,5.64197,38.6052,0,99,79,77,2507,1000,5.69012,271,6.11092,0.000106812,0,4427,132485674670
189.671,5.27227,38.6052,0,99,79,77,2507,1000,5.69012,271,6.11092,0.000106812,0,4427,132589756729
196.389,5.09194,38.2426,0,99,79,77,2507,1000,5.69012,271,6.10464,0.000106812,0,4416,132693846212
174.365,5.73511,38.2426,0,99,79,77,2507,1000,5.69012,271,6.10464,0.000106812,0,4416,132797934924
158.257,6.31884,38.2426,0,99,79,77,2507,1000,5.69012,271,6.10464,0.000106812,0,4416,132902013406
162.059,6.17061,38.2426,0,99,79,77,2507,1000,5.69012,271,6.10464,0.000106812,0,4416,133006098070
174.382,5.73455,38.2426,0,99,79,77,2507,1000,5.69012,271,6.10464,0.000106812,0,4416,133110175731
171.511,5.83054,38.9914,0,99,79,77,2498,1000,5.69012,271,6.10534,0.000106812,0,4435,133214256688
180.153,5.55083,38.9914,0,99,79,77,2498,1000,5.69012,271,6.10534,0.000106812,0,4435,133318336604
143.096,6.98832,38.9914,0,99,79,77,2498,1000,5.69012,271,6.10534,0.000106812,0,4435,133422422931
198.452,5.039,38.9914,0,99,79,77,2498,1000,5.69012,271,6.10534,0.000106812,0,4435,133526491715
181.216,5.51829,38.9914,0,99,79,77,2498,1000,5.69012,271,6.10534,0.000106812,0,4435,133631338428
171.857,5.81878,37.7778,0,98,79,78,2498,1000,5.69012,271,6.10606,0.000106812,0,4441,133735427270
161.087,6.20782,37.7778,0,98,79,78,2498,1000,5.69012,271,6.10606,0.000106812,0,4441,133839505312
178.222,5.61097,37.7778,0,98,79,78,2498,1000,5.69012,271,6.10606,0.000106812,0,4441,133943599213
166.485,6.00654,37.7778,0,98,79,78,2498,1000,5.69012,271,6.10606,0.000106812,0,4441,134047740964
170.771,5.85578,37.7778,0,98,79,78,2498,1000,5.69012,271,6.10606,0.000106812,0,4441,134151831800
204.042,4.90095,37.5,0,98,79,77,2497,1000,5.69012,271,6.10624,0.000106812,0,4441,134255911555
208.996,4.78477,37.5,0,98,79,77,2497,1000,5.69012,271,6.10624,0.000106812,0,4441,134360199169
153.82,6.50111,37.5,0,98,79,77,2497,1000,5.69012,271,6.10624,0.000106812,0,4441,134465483272
172.017,5.81337,37.5,0,98,79,77,2497,1000,5.69012,271,6.10624,0.000106812,0,4441,134569563307
171.321,5.83701,37.5,0,98,79,77,2497,1000,5.69012,271,6.10624,0.000106812,0,4441,134673641990
182.318,5.48493,39.9009,0,99,79,77,2496,1000,5.69086,271,6.12397,0.000106812,0,4440,134777722937
156.28,6.39879,39.9009,0,99,79,77,2496,1000,5.69086,271,6.12397,0.000106812,0,4440,134882506592
158.465,6.31054,39.9009,0,99,79,77,2496,1000,5.69086,271,6.12397,0.000106812,0,4440,134986591897
199.697,5.00759,39.9009,0,99,79,77,2496,1000,5.69086,271,6.12397,0.000106812,0,4440,135090671121
213.006,4.69471,39.9009,0,99,79,77,2496,1000,5.69086,271,6.12397,0.000106812,0,4440,135194759462
171.361,5.83562,38.2576,0,98,79,78,2496,1000,5.69012,271,6.11403,0.000106812,0,4432,135298852181
177.903,5.62104,38.2576,0,98,79,78,2496,1000,5.69012,271,6.11403,0.000106812,0,4432,135402948147
167.019,5.98735,38.2576,0,98,79,78,2496,1000,5.69012,271,6.11403,0.000106812,0,4432,135507204573
180.158,5.55069,38.2576,0,98,79,78,2496,1000,5.69012,271,6.11403,0.000106812,0,4432,135611294597
165.357,6.04751,39.6985,0,98,79,78,2496,1000,5.69012,271,6.11451,0.000106812,0,4418,135715378329
170.497,5.8652,39.6985,0,98,79,78,2496,1000,5.69012,271,6.11451,0.000106812,0,4418,135819472751
182.168,5.48943,39.6985,0,98,79,78,2496,1000,5.69012,271,6.11451,0.000106812,0,4418,135923598813
201.307,4.96753,39.6985,0,98,79,78,2496,1000,5.69012,271,6.11451,0.000106812,0,4418,136027838227
171.188,5.84153,39.6985,0,98,79,78,2496,1000,5.69012,271,6.11451,0.000106812,0,4418,136131963498
212.089,4.71501,39.4575,0,99,79,77,2502,1000,5.69012,271,6.11475,0.000106812,0,4438,136236054994
212.157,4.7135,39.4575,0,99,79,77,2502,1000,5.69012,271,6.11475,0.000106812,0,4438,136340138436
172.085,5.81107,39.4575,0,99,79,77,2502,1000,5.69012,271,6.11475,0.000106812,0,4438,136444218983
169.505,5.89954,39.4575,0,99,79,77,2502,1000,5.69012,271,6.11475,0.000106812,0,4438,136548300711
149.424,6.69238,39.4575,0,99,79,77,2502,1000,5.69012,271,6.11475,0.000106812,0,4438,136652379895
153.397,6.51902,38.4615,0,98,79,77,2495,1000,5.69012,271,6.11475,0.000106812,0,4428,136756466883
196.669,5.08469,38.4615,0,98,79,77,2495,1000,5.69012,271,6.11475,0.000106812,0,4428,136860551367
225.598,4.43267,38.4615,0,98,79,77,2495,1000,5.69012,271,6.11475,0.000106812,0,4428,136964634388
179.161,5.58156,38.4615,0,98,79,77,2495,1000,5.69012,271,6.11475,0.000106812,0,4428,137068717610
204.725,4.8846,38.4615,0,98,79,77,2495,1000,5.69012,271,6.11475,0.000106812,0,4428,137172798587
186.67,5.35703,38.404,0,99,79,78,2503,1000,5.69012,271,6.11475,0.000106812,0,4430,137276882820
162.293,6.16171,38.404,0,99,79,78,2503,1000,5.69012,271,6.11475,0.000106812,0,4430,137380962455
207.101,4.82857,38.404,0,99,79,78,2503,1000,5.69012,271,6.11475,0.000106812,0,4430,137485041668
166.012,6.02365,38.404,0,99,79,78,2503,1000,5.69012,271,6.11475,0.000106812,0,4430,137589134428
154.07,6.49054,38.404,0,99,79,78,2503,1000,5.69012,271,6.11475,0.000106812,0,4430,137693225634
171.772,5.82167,37.2035,0,98,79,77,2498,1000,5.69012,271,6.11475,0.000106812,0,4440,137797305269
208.292,4.80096,37.2035,0,98,79,77,2498,1000,5.69012,271,6.11475,0.000106812,0,4440,137901642827
198.298,5.04291,37.2035,0,98,79,77,2498,1000,5.69012,271,6.11475,0.000106812,0,4440,138005736097
208.333,4.80001,37.2035,0,98,79,77,2498,1000,5.69012,271,6.11475,0.000106812,0,4440,138109820641
187.628,5.3297,37.2035,0,98,79,77,2498,1000,5.69012,271,6.11475,0.000106812,0,4440,138213900536
160.428,6.23333,35.6336,0,98,79,77,2498,1000,5.69012,271,6.11154,0.000106812,0,4441,138317980722
179.837,5.56061,35.6336,0,98,79,77,2498,1000,5.69012,271,6.11154,0.000106812,0,4441,138422644492
156.96,6.37104,35.6336,0,98,79,77,2498,1000,5.69012,271,6.11154,0.000106812,0,4441,138526745587
191.617,5.21874,35.6336,0,98,79,77,2498,1000,5.69012,271,6.11154,0.000106812,0,4441,138630832214
165.99,6.02446,36.375,0,98,79,77,2499,1000,5.69012,271,6.10426,0.000106812,0,4426,138734913592
143.725,6.95775,36.375,0,98,79,77,2499,1000,5.69012,271,6.10426,0.000106812,0,4426,138839005159
202.111,4.94777,36.375,0,98,79,77,2499,1000,5.69012,271,6.10426,0.000106812,0,4426,138943090014
153.529,6.51343,36.375,0,98,79,77,2499,1000,5.69012,271,6.10426,0.000106812,0,4426,139047366277
173.781,5.75438,36.375,0,98,79,77,2499,1000,5.69012,271,6.10426,0.000106812,0,4426,139151435773
199.585,5.01039,36.9538,0,99,79,77,2505,1000,5.69059,271,6.10495,0.000106812,0,4443,139255591159
176.803,5.65602,36.9538,0,99,79,77,2505,1000,5.69059,271,6.10495,0.000106812,0,4443,139360014488
176.67,5.66028,36.9538,0,99,79,77,2505,1000,5.69059,271,6.10495,0.000106812,0,4443,139464094774
134.54,7.43272,36.9538,0,99,79,77,2505,1000,5.69059,271,6.10495,0.000106812,0,4443,139568386787
175.002,5.71422,36.9538,0,99,79,77,2505,1000,5.69059,271,6.10495,0.000106812,0,4443,139672436606
141.496,7.06735,38.0952,0,98,79,78,2501,1000,5.69012,271,6.10957,0.000106812,0,4440,139776515629
159.06,6.28695,38.0952,0,98,79,78,2501,1000,5.69012,271,6.10957,0.000106812,0,4440,139880601045
172.806,5.78683,38.0952,0,98,79,78,2501,1000,5.69012,271,6.10957,0.000106812,0,4440,139984693664
188.974,5.29173,38.0952,0,98,79,78,2501,1000,5.69012,271,6.10957,0.000106812,0,4440,140088779480
168.882,5.92129,38.0952,0,98,79,78,2501,1000,5.69012,271,6.10957,0.000106812,0,4440,140192861209
187.014,5.3472,37.7215,0,98,79,78,2506,1000,5.69012,271,6.10143,0.000106812,0,4423,140297102025
162.448,6.15583,37.7215,0,98,79,78,2506,1000,5.69012,271,6.10143,0.000106812,0,4423,140401194544
161.17,6.20462,37.7215,0,98,79,78,2506,1000,5.69012,271,6.10143,0.000106812,0,4423,140505361503
206.092,4.85221,37.7215,0,98,79,78,2506,1000,5.69012,271,6.10143,0.000106812,0,4423,140609770495
159.352,6.27543,37.7215,0,98,79,78,2506,1000,5.69012,271,6.10143,0.000106812,0,4423,140713849719
182.756,5.47179,39.0921,0,98,79,78,2502,1000,5.69012,271,6.10143,0.000106812,0,4419,140817929253
205.395,4.86866,39.0921,0,98,79,78,2502,1000,5.69012,271,6.10143,0.000106812,0,4419,140922011352
173.859,5.75179,39.0921,0,98,79,78,2502,1000,5.69012,271,6.10143,0.000106812,0,4419,141026103160
166.423,6.00878,39.0921,0,98,79,78,2502,1000,5.69012,271,6.10143,0.000106812,0,4419,141130241294
195.624,5.11184,37.9093,0,98,79,77,2498,1000,5.69012,271,6.10534,0.000106812,0,4432,141234334284
176.073,5.67946,37.9093,0,98,79,77,2498,1000,5.69012,271,6.10534,0.000106812,0,4432,141338427183
207.036,4.83009,37.9093,0,98,79,77,2498,1000,5.69012,271,6.10534,0.000106812,0,4432,141442505495
196.226,5.09615,37.9093,0,98,79,77,2498,1000,5.69012,271,6.10534,0.000106812,0,4432,141546597313
143.116,6.98733,37.9093,0,98,79,77,2498,1000,5.69012,271,6.10534,0.000106812,0,4432,141651329541
179.763,5.56288,36.9949,0,98,79,78,2502,1000,5.69059,271,6.09951,0.000106812,0,4419,141755418433
213.542,4.68293,36.9949,0,98,79,78,2502,1000,5.69059,271,6.09951,0.000106812,0,4419,141859500973
192.354,5.19875,36.9949,0,98,79,78,2502,1000,5.69059,271,6.09951,0.000106812,0,4419,141963582882
167.766,5.96069,36.9949,0,98,79,78,2502,1000,5.69059,271,6.09951,0.000106812,0,4419,142067661505
160.62,6.22589,36.9949,0,98,79,78,2502,1000,5.69059,271,6.09951,0.000106812,0,4419,142171749595
184.371,5.42384,36.5457,0,99,79,78,2504,1000,5.69012,271,6.10125,0.000106812,0,4433,142275838047
163.564,6.11382,36.5457,0,99,79,78,2504,1000,5.69012,271,6.10125,0.000106812,0,4433,142379924945
174.86,5.71885,36.5457,0,99,79,78,2504,1000,5.69012,271,6.10125,0.000106812,0,4433,142484011422
167.886,5.95644,36.5457,0,99,79,78,2504,1000,5.69012,271,6.10125,0.000106812,0,4433,142588090536
171.558,5.82894,36.5457,0,99,79,78,2504,1000,5.69012,271,6.10125,0.000106812,0,4433,142692136107
174.642,5.72599,36.2843,0,98,79,78,2504,1000,5.69012,271,6.10125,0.000106812,0,4440,142796228034
164.257,6.08801,36.2843,0,98,79,78,2504,1000,5.69012,271,6.10125,0.000106812,0,4440,142900319251
149.139,6.70515,36.2843,0,98,79,78,2504,1000,5.69012,271,6.10125,0.000106812,0,4440,143004399517
183.664,5.44473,36.2843,0,98,79,78,2504,1000,5.69012,271,6.10125,0.000106812,0,4440,143108485463
140.238,7.13073,36.2843,0,98,79,78,2504,1000,5.69012,271,6.10125,0.000106812,0,4440,143212567452
158.027,6.32801,37.0603,0,99,79,78,2500,1000,5.69012,271,6.10355,0.000106812,0,4438,143316633922
158.041,6.32746,37.0603,0,99,79,78,2500,1000,5.69012,271,6.10355,0.000106812,0,4438,143420715901
223.417,4.47593,37.0603,0,99,79,78,2500,1000,5.69012,271,6.10355,0.000106812,0,4438,143524799363
140.726,7.106,37.0603,0,99,79,78,2500,1000,5.69012,271,6.10355,0.000106812,0,4438,143628885861
146.247,6.83773,37.0603,0,99,79,78,2500,1000,5.69012,271,6.10355,0.000106812,0,4438,143732973590
160.781,6.21964,37.0138,0,99,79,78,2500,1000,5.69012,271,6.11305,0.000106812,0,4437,143837055329
144.837,6.90434,37.0138,0,99,79,78,2500,1000,5.69012,271,6.11305,0.000106812,0,4437,143941142387
162.645,6.14836,37.0138,0,99,79,78,2500,1000,5.69012,271,6.11305,0.000106812,0,4437,144045227432
142.838,7.00093,37.0138,0,99,79,78,2500,1000,5.69012,271,6.11305,0.000106812,0,4437,144149324319
153.552,6.51246,37.3266,0,98,79,78,2502,1000,5.69012,271,6.11345,0.000106812,0,4421,144253387393
150.671,6.63698,37.3266,0,98,79,78,2502,1000,5.69012,271,6.11345,0.000106812,0,4421,144357465635
190.377,5.25274,37.3266,0,98,79,78,2502,1000,5.69012,271,6.11345,0.000106812,0,4421,144461544007
139.248,7.18145,37.3266,0,98,79,78,2502,1000,5.69012,271,6.11345,0.000106812,0,4421,144565628200
165.332,6.04842,37.3266,0,98,79,78,2502,1000,5.69012,271,6.11345,0.000106812,0,4421,144669720950
141.385,7.0729,38.6733,0,98,79,78,2499,1000,5.69012,271,6.11967,0.000106812,0,4441,144773805664
174.392,5.73421,38.6733,0,98,79,78,2499,1000,5.69012,271,6.11967,0.000106812,0,4441,144877890969
174.231,5.73952,38.6733,0,98,79,78,2499,1000,5.69012,271,6.11967,0.000106812,0,4441,144981968961
162.965,6.1363,38.6733,0,98,79,78,2499,1000,5.69012,271,6.11967,0.000106812,0,4441,145086050759
196.042,5.10094,38.6733,0,98,79,78,2499,1000,5.69012,271,6.11967,0.000106812,0,4441,145190133319
172.057,5.81203,37.2966,0,99,79,78,2500,1000,5.69013,271,6.1077,0.000106812,0,4428,145294223734
156.152,6.40401,37.2966,0,99,79,78,2500,1000,5.69013,271,6.1077,0.000106812,0,4428,145398307727
188.004,5.31903,37.2966,0,99,79,78,2500,1000,5.69013,271,6.1077,0.000106812,0,4428,145502375339
174.789,5.72118,37.2966,0,99,79,78,2500,1000,5.69013,271,6.1077,0.000106812,0,4428,145606452469
193.269,5.17414,37.2966,0,99,79,78,2500,1000,5.69013,271,6.1077,0.000106812,0,4428,145710551099
163.558,6.11405,36.6499,0,99,79,78,2498,1000,5.69013,271,6.10793,0.000106812,0,4440,145814628991
142.665,7.00941,36.6499,0,99,79,78,2498,1000,5.69013,271,6.10793,0.000106812,0,4440,145918710719
176.799,5.65613,36.6499,0,99,79,78,2498,1000,5.69013,271,6.10793,0.000106812,0,4440,146022800102
166.836,5.99393,36.6499,0,99,79,78,2498,1000,5.69013,271,6.10793,0.000106812,0,4440,146126880739
170.118,5.87828,36.6499,0,99,79,78,2498,1000,5.69013,271,6.10793,0.000106812,0,4440,146230968318
165.79,6.03174,36.6834,0,99,79,78,2504,1000,5.69013,271,6.12085,0.000106812,0,4441,146335236547
188.354,5.30914,36.6834,0,99,79,78,2504,1000,5.69013,271,6.12085,0.000106812,0,4441,146439335568
189.148,5.28687,36.6834,0,99,79,78,2504,1000,5.69013,271,6.12085,0.000106812,0,4441,146543484843
165.771,6.03241,36.6834,0,99,79,78,2504,1000,5.69013,271,6.12085,0.000106812,0,4441,146647563736
173.41,5.76669,36.8944,0,99,79,78,2501,1000,5.69013,271,6.12133,0.000106812,0,4437,146751654492
169.798,5.88935,36.8944,0,99,79,78,2501,1000,5.69013,271,6.12133,0.000106812,0,4437,146855733705
148.168,6.74911,36.8944,0,99,79,78,2501,1000,5.69013,271,6.12133,0.000106812,0,4437,146959822417
167.915,5.95539,36.8944,0,99,79,78,2501,1000,5.69013,271,6.12133,0.000106812,0,4437,147064022628
174.289,5.7376,36.8944,0,99,79,78,2501,1000,5.69013,271,6.12133,0.000106812,0,4437,147168103004
195.225,5.1223,36.4557,0,98,79,78,2496,1000,5.69087,271,6.12157,0.000106812,0,4441,147272195032
175.874,5.68588,36.4557,0,98,79,78,2496,1000,5.69087,271,6.12157,0.000106812,0,4441,147376274536
176.795,5.65626,36.4557,0,98,79,78,2496,1000,5.69087,271,6.12157,0.000106812,0,4441,147480566619
173.116,5.77647,36.4557,0,98,79,78,2496,1000,5.69087,271,6.12157,0.000106812,0,4441,147584658397
171.974,5.81482,36.4557,0,98,79,78,2496,1000,5.69087,271,6.12157,0.000106812,0,4441,147688742730
195.834,5.10635,37.8245,0,99,79,77,2502,1000,5.69013,271,6.12157,0.000106812,0,4441,147792823056
172.959,5.78173,37.8245,0,99,79,77,2502,1000,5.69013,271,6.12157,0.000106812,0,4441,147896911938
161.307,6.19937,37.8245,0,99,79,77,2502,1000,5.69013,271,6.12157,0.000106812,0,4441,148000999768
221.488,4.51491,37.8245,0,99,79,77,2502,1000,5.69013,271,6.12157,0.000106812,0,4441,148105096875
166.158,6.01836,37.8245,0,99,79,77,2502,1000,5.69013,271,6.12157,0.000106812,0,4441,148209181409
186.877,5.3511,36.8421,0,98,79,78,2500,1000,5.69013,271,6.12034,0.000106812,0,4441,148313267676
234.447,4.26536,36.8421,0,98,79,78,2500,1000,5.69013,271,6.12034,0.000106812,0,4441,148417357099
184.216,5.4284,36.8421,0,98,79,78,2500,1000,5.69013,271,6.12034,0.000106812,0,4441,148521452794
197.667,5.05902,36.8421,0,98,79,78,2500,1000,5.69013,271,6.12034,0.000106812,0,4441,148625542077
161.746,6.18253,36.8421,0,98,79,78,2500,1000,5.69013,271,6.12034,0.000106812,0,4441,148729621611
143.596,6.96397,36.194,0,98,80,78,2500,1000,5.69013,271,6.12034,0.000106812,0,4429,148833704542
153.796,6.50213,36.194,0,98,80,78,2500,1000,5.69013,271,6.12034,0.000106812,0,4429,148937786742
186.053,5.37482,36.194,0,98,80,78,2500,1000,5.69013,271,6.12034,0.000106812,0,4429,149041870814
247.085,4.04719,36.194,0,98,80,78,2500,1000,5.69013,271,6.12034,0.000106812,0,4429,149146140566
188.843,5.29542,36.194,0,98,80,78,2500,1000,5.69013,271,6.12034,0.000106812,0,4429,149250477883
177.522,5.63309,35.2201,0,98,80,78,2500,1000,5.69013,271,6.12108,0.000106812,0,4432,149354554963
163.938,6.09988,35.2201,0,98,80,78,2500,1000,5.69013,271,6.12108,0.000106812,0,4432,149458636862
158.459,6.31079,35.2201,0,98,80,78,2500,1000,5.69013,271,6.12108,0.000106812,0,4432,149562721246
173.985,5.74764,35.2201,0,98,80,78,2500,1000,5.69013,271,6.12108,0.000106812,0,4432,149666800910
191.958,5.20948,36.0902,0,98,80,78,2502,1000,5.69013,271,6.123,0.000106812,0,4441,149770884723
145.004,6.89637,36.0902,0,98,80,78,2502,1000,5.69013,271,6.123,0.000106812,0,4441,149875338429
147.589,6.77558,36.0902,0,98,80,78,2502,1000,5.69013,271,6.123,0.000106812,0,4441,149979425127
158.993,6.28959,36.0902,0,98,80,78,2502,1000,5.69013,271,6.123,0.000106812,0,4441,150083507557
