os,cpu,gpu,ram,kernel,driver,cpuscheduler
Arch Linux,AMD Ryzen 7 5800X 8-Core Processor,AMD Radeon RX 6900 XT (RADV NAVI21),32764436,7.0.9-arch2-1,,performance
fps,frametime,cpu_load,cpu_power,gpu_load,cpu_temp,gpu_temp,gpu_core_clock,gpu_mem_clock,gpu_vram_used,gpu_power,ram_used,swap_used,process_rss,cpu_mhz,elapsed
175.785,5.68878,32.3457,0,98,74,76,2453,1000,5.56298,271,8.38451,0.000102997,0,4485,514899204
184.185,5.42932,32.3457,0,98,74,76,2453,1000,5.56298,271,8.38451,0.000102997,0,4485,619123620
184.588,5.41747,32.3457,0,98,74,76,2453,1000,5.56298,271,8.38451,0.000102997,0,4485,723297852
255.38,3.91573,32.3457,0,98,74,76,2453,1000,5.56298,271,8.38451,0.000102997,0,4485,827385512
215.291,4.64488,32.5123,0,98,74,76,2458,1000,5.56298,271,8.38476,0.000102997,0,4479,931463082
225.054,4.44338,32.5123,0,98,74,76,2458,1000,5.56298,271,8.38476,0.000102997,0,4479,1036003230
189.166,5.28635,32.5123,0,98,74,76,2458,1000,5.56298,271,8.38476,0.000102997,0,4479,1140079869
187.116,5.34429,32.5123,0,98,74,76,2458,1000,5.56298,271,8.38476,0.000102997,0,4479,1244205430
173.57,5.76135,32.5123,0,98,74,76,2458,1000,5.56298,271,8.38476,0.000102997,0,4479,1348284724
167.085,5.98497,32.4659,0,98,74,75,2450,1000,5.55562,271,8.38461,0.000102997,0,4479,1452371482
172.724,5.7896,32.4659,0,98,74,75,2450,1000,5.55562,271,8.38461,0.000102997,0,4479,1556541967
177.198,5.6434,32.4659,0,98,74,75,2450,1000,5.55562,271,8.38461,0.000102997,0,4479,1660669431
189.857,5.26713,32.4659,0,98,74,75,2450,1000,5.55562,271,8.38461,0.000102997,0,4479,1765119591
169.309,5.90635,32.4659,0,98,74,75,2450,1000,5.55562,271,8.38461,0.000102997,0,4479,1869205988
179.136,5.58235,33.7037,0,98,74,76,2446,1000,5.56298,271,8.38255,0.000102997,0,4491,1973285883
193.695,5.16276,33.7037,0,98,74,76,2446,1000,5.56298,271,8.38255,0.000102997,0,4491,2077362733
163.292,6.12401,33.7037,0,98,74,76,2446,1000,5.56298,271,8.38255,0.000102997,0,4491,2181454450
161.695,6.18446,33.7037,0,98,74,76,2446,1000,5.56298,271,8.38255,0.000102997,0,4491,2285533564
169.568,5.89733,33.7037,0,98,74,76,2446,1000,5.56298,271,8.38255,0.000102997,0,4491,2389629769
191.017,5.23513,32.125,0,98,74,75,2446,1000,5.56298,271,8.37638,0.000102997,0,4495,2493709885
216.962,4.6091,32.125,0,98,74,75,2446,1000,5.56298,271,8.37638,0.000102997,0,4495,2598110812
210.442,4.75191,32.125,0,98,74,75,2446,1000,5.56298,271,8.37638,0.000102997,0,4495,2702237054
182.1,5.49149,32.125,0,98,74,75,2446,1000,5.56298,271,8.37638,0.000102997,0,4495,2806315496
165.693,6.03526,32.125,0,98,74,75,2446,1000,5.56298,271,8.37638,0.000102997,0,4495,2910392416
195.238,5.12196,32.9588,0,99,74,76,2444,1000,5.56298,271,8.34251,0.000102997,0,4486,3014472331
194.054,5.15319,32.9588,0,99,74,76,2444,1000,5.56298,271,8.34251,0.000102997,0,4486,3118557065
175.253,5.70603,32.9588,0,99,74,76,2444,1000,5.56298,271,8.34251,0.000102997,0,4486,3222641609
177.351,5.63853,32.9588,0,99,74,76,2444,1000,5.56298,271,8.34251,0.000102997,0,4486,3326729700
191.634,5.21828,32.7091,0,99,74,76,2444,1000,5.56298,271,8.37231,0.000102997,0,4475,3430809535
179.108,5.58321,32.7091,0,99,74,76,2444,1000,5.56298,271,8.37231,0.000102997,0,4475,3534891894
173.211,5.7733,32.7091,0,99,74,76,2444,1000,5.56298,271,8.37231,0.000102997,0,4475,3638976929
186.914,5.35006,32.7091,0,99,74,76,2444,1000,5.56298,271,8.37231,0.000102997,0,4475,3743056664
170.63,5.86063,32.7091,0,99,74,76,2444,1000,5.56298,271,8.37231,0.000102997,0,4475,3847159632
151.65,6.59414,33.0846,0,98,74,76,2454,1000,5.56298,271,8.32834,0.000102997,0,4490,3951248094
132.984,7.51971,33.0846,0,98,74,76,2454,1000,5.56298,271,8.32834,0.000102997,0,4490,4058050032
201.686,4.9582,33.0846,0,98,74,76,2454,1000,5.56298,271,8.32834,0.000102997,0,4490,4162163941
200.675,4.98318,33.0846,0,98,74,76,2454,1000,5.56298,271,8.32834,0.000102997,0,4490,4266241281
182.272,5.4863,33.0846,0,98,74,76,2454,1000,5.56298,271,8.32834,0.000102997,0,4490,4370318982
191.822,5.21315,35.9801,0,99,74,76,2458,1000,5.56298,271,8.38213,0.000102997,0,4471,4474397245
186.884,5.3509,35.9801,0,99,74,76,2458,1000,5.56298,271,8.38213,0.000102997,0,4471,4578546680
222.635,4.49165,35.9801,0,99,74,76,2458,1000,5.56298,271,8.38213,0.000102997,0,4471,4682641934
137.48,7.27381,35.9801,0,99,74,76,2458,1000,5.56298,271,8.38213,0.000102997,0,4471,4786891758
175.032,5.71323,35.9801,0,99,74,76,2458,1000,5.56298,271,8.38213,0.000102997,0,4471,4890987613
192.005,5.20819,33.2497,0,96,74,75,2454,1000,5.56298,270,8.38079,0.000102997,0,4465,4995084991
179.47,5.57198,33.2497,0,96,74,75,2454,1000,5.56298,270,8.38079,0.000102997,0,4465,5099146551
177.221,5.64267,33.2497,0,96,74,75,2454,1000,5.56298,270,8.38079,0.000102997,0,4465,5203976413
177.349,5.6386,33.2497,0,96,74,75,2454,1000,5.56298,270,8.38079,0.000102997,0,4465,5308063060
180.178,5.55007,33.2497,0,96,74,75,2454,1000,5.56298,270,8.38079,0.000102997,0,4465,5412152343
185.351,5.39515,32.4224,0,99,74,76,2453,1000,5.55562,271,8.33919,0.000102997,0,4466,5516228602
217.511,4.59747,32.4224,0,99,74,76,2453,1000,5.55562,271,8.33919,0.000102997,0,4466,5620306363
164.233,6.08893,32.4224,0,99,74,76,2453,1000,5.55562,271,8.33919,0.000102997,0,4466,5724386618
177.975,5.61875,32.4224,0,99,74,76,2453,1000,5.55562,271,8.33919,0.000102997,0,4466,5828513582
188.601,5.3022,32.4224,0,99,74,76,2453,1000,5.55562,271,8.33919,0.000102997,0,4466,5932597034
189.762,5.26976,32.6633,0,99,74,76,2456,1000,5.55636,271,8.34613,0.000102997,0,4476,6036686988
178.905,5.58957,32.6633,0,99,74,76,2456,1000,5.55636,271,8.34613,0.000102997,0,4476,6140762414
197.751,5.05686,32.6633,0,99,74,76,2456,1000,5.55636,271,8.34613,0.000102997,0,4476,6244844393
211.243,4.73387,32.6633,0,99,74,76,2456,1000,5.55636,271,8.34613,0.000102997,0,4476,6348923447
198.558,5.03631,31.8182,0,99,74,76,2469,1000,5.55562,271,8.31493,0.000102997,0,4466,6453001589
199.376,5.01565,31.8182,0,99,74,76,2469,1000,5.55562,271,8.31493,0.000102997,0,4466,6557077386
187.241,5.3407,31.8182,0,99,74,76,2469,1000,5.55562,271,8.31493,0.000102997,0,4466,6661328002
202.997,4.92618,31.8182,0,99,74,76,2469,1000,5.55562,271,8.31493,0.000102997,0,4466,6765409249
206.52,4.84214,31.8182,0,99,74,76,2469,1000,5.55562,271,8.31493,0.000102997,0,4466,6869495416
200.808,4.97989,32.5377,0,98,74,76,2470,1000,5.55562,271,8.32156,0.000102997,0,4468,6973573237
205.09,4.8759,32.5377,0,98,74,76,2470,1000,5.55562,271,8.32156,0.000102997,0,4468,7077750345
206.432,4.8442,32.5377,0,98,74,76,2470,1000,5.55562,271,8.32156,0.000102997,0,4468,7181865847
235.638,4.2438,32.5377,0,98,74,76,2470,1000,5.55562,271,8.32156,0.000102997,0,4468,7286204367
183.897,5.43784,32.5377,0,98,74,76,2470,1000,5.55562,271,8.32156,0.000102997,0,4468,7390325439
190.078,5.26099,32.0802,0,98,73,76,2476,1000,5.55562,271,8.31021,0.000102997,0,4466,7494404242
195.117,5.12512,32.0802,0,98,73,76,2476,1000,5.55562,271,8.31021,0.000102997,0,4466,7598482133
197.288,5.06873,32.0802,0,98,73,76,2476,1000,5.55562,271,8.31021,0.000102997,0,4466,7702588077
216.438,4.62026,32.0802,0,98,73,76,2476,1000,5.55562,271,8.31021,0.000102997,0,4466,7807056641
190.751,5.24244,32.0802,0,98,73,76,2476,1000,5.55562,271,8.31021,0.000102997,0,4466,7911136376
247.55,4.03958,33.0413,0,98,73,76,2485,1000,5.55562,271,8.31114,0.000102997,0,4466,8015216492
181.259,5.51696,33.0413,0,98,73,76,2485,1000,5.55562,271,8.31114,0.000102997,0,4466,8119300124
167.304,5.97713,33.0413,0,98,73,76,2485,1000,5.55562,271,8.31114,0.000102997,0,4466,8223418862
197.405,5.06574,33.0413,0,98,73,76,2485,1000,5.55562,271,8.31114,0.000102997,0,4466,8327528683
172.061,5.81188,33.0413,0,98,73,76,2485,1000,5.55562,271,8.31114,0.000102997,0,4466,8432153259
186.505,5.36178,31.7839,0,98,73,76,2485,1000,5.55562,271,8.31112,0.000102997,0,4477,8536233335
206.154,4.85074,31.7839,0,98,73,76,2485,1000,5.55562,271,8.31112,0.000102997,0,4477,8640410402
175.421,5.70057,31.7839,0,98,73,76,2485,1000,5.55562,271,8.31112,0.000102997,0,4477,8744542605
195.162,5.12394,31.7839,0,98,73,76,2485,1000,5.55562,271,8.31112,0.000102997,0,4477,8848620467
184.463,5.42114,31.7839,0,98,73,76,2485,1000,5.55562,271,8.31112,0.000102997,0,4477,8953394694
193.636,5.16432,32.791,0,98,73,76,2482,1000,5.55562,271,8.31087,0.000102997,0,4466,9057494857
183.517,5.4491,32.791,0,98,73,76,2482,1000,5.55562,271,8.31087,0.000102997,0,4466,9161581104
150.735,6.63416,32.791,0,98,73,76,2482,1000,5.55562,271,8.31087,0.000102997,0,4466,9265894697
189.142,5.28702,32.791,0,98,73,76,2482,1000,5.55562,271,8.31087,0.000102997,0,4466,9369970815
202.901,4.9285,32.702,0,98,73,76,2485,1000,5.57483,271,8.32045,0.000102997,0,4490,9474765130
186.184,5.37104,32.702,0,98,73,76,2485,1000,5.57483,271,8.32045,0.000102997,0,4490,9578847069
205.742,4.86046,32.702,0,98,73,76,2485,1000,5.57483,271,8.32045,0.000102997,0,4490,9682936231
203.761,4.90771,32.702,0,98,73,76,2485,1000,5.57483,271,8.32045,0.000102997,0,4490,9787021837
204.539,4.88904,32.702,0,98,73,76,2485,1000,5.57483,271,8.32045,0.000102997,0,4490,9891124705
208.473,4.79679,34.2072,0,98,73,75,2489,1000,5.57483,271,8.32422,0.000102997,0,4467,9995201905
172.416,5.79992,34.2072,0,98,73,75,2489,1000,5.57483,271,8.32422,0.000102997,0,4467,10099329820
196.909,5.07849,34.2072,0,98,73,75,2489,1000,5.57483,271,8.32422,0.000102997,0,4467,10204065756
187.996,5.31925,34.2072,0,98,73,75,2489,1000,5.57483,271,8.32422,0.000102997,0,4467,10308142214
225.057,4.44331,34.2072,0,98,73,75,2489,1000,5.57483,271,8.32422,0.000102997,0,4467,10412233030
196.801,5.08127,34.2857,0,98,73,76,2485,1000,5.55562,271,8.3256,0.000102997,0,4475,10516326400
185.81,5.38185,34.2857,0,98,73,76,2485,1000,5.55562,271,8.3256,0.000102997,0,4475,10620428748
185.905,5.37911,34.2857,0,98,73,76,2485,1000,5.55562,271,8.3256,0.000102997,0,4475,10724649958
169.143,5.91215,34.2857,0,98,73,76,2485,1000,5.55562,271,8.3256,0.000102997,0,4475,10828728630
175.001,5.71426,34.2857,0,98,73,76,2485,1000,5.55562,271,8.3256,0.000102997,0,4475,10932771877
153.502,6.51457,34.6584,0,98,73,76,2486,1000,5.58576,271,8.32516,0.000102997,0,4466,11036855749
271.763,3.67968,34.6584,0,98,73,76,2486,1000,5.58576,271,8.32516,0.000102997,0,4466,11141285380
192.464,5.19578,34.6584,0,98,73,76,2486,1000,5.58576,271,8.32516,0.000102997,0,4466,11245454092
232.184,4.30692,34.6584,0,98,73,76,2486,1000,5.58576,271,8.32516,0.000102997,0,4466,11349536251
225.948,4.42579,34.6584,0,98,73,76,2486,1000,5.58576,271,8.32516,0.000102997,0,4466,11453761579
189.991,5.26341,37.2035,0,96,74,75,2502,1000,5.57483,262,8.34863,0.000102997,0,4441,11557839501
194.582,5.13923,37.2035,0,96,74,75,2502,1000,5.57483,262,8.34863,0.000102997,0,4441,11662032478
200.92,4.9771,37.2035,0,96,74,75,2502,1000,5.57483,262,8.34863,0.000102997,0,4441,11766077718
201.302,4.96766,37.2035,0,96,74,75,2502,1000,5.57483,262,8.34863,0.000102997,0,4441,11870137235
185.667,5.386,37.2035,0,96,74,75,2502,1000,5.57483,262,8.34863,0.000102997,0,4441,11974215828
204.152,4.8983,36.9949,0,98,74,75,2494,1000,5.57483,271,8.35788,0.000102997,0,4460,12078312254
194.165,5.15026,36.9949,0,98,74,75,2494,1000,5.57483,271,8.35788,0.000102997,0,4460,12182486796
184.356,5.4243,36.9949,0,98,74,75,2494,1000,5.57483,271,8.35788,0.000102997,0,4460,12286595906
195.928,5.10392,36.9949,0,98,74,75,2494,1000,5.57483,271,8.35788,0.000102997,0,4460,12390998306
205.02,4.87758,36.9674,0,98,74,76,2498,1000,5.57483,271,8.36082,0.000102997,0,4441,12495135318
192.566,5.19304,36.9674,0,98,74,76,2498,1000,5.57483,271,8.36082,0.000102997,0,4441,12599466865
181.046,5.52347,36.9674,0,98,74,76,2498,1000,5.57483,271,8.36082,0.000102997,0,4441,12703552862
217.633,4.59489,36.9674,0,98,74,76,2498,1000,5.57483,271,8.36082,0.000102997,0,4441,12807631975
183.783,5.44121,36.9674,0,98,74,76,2498,1000,5.57483,271,8.36082,0.000102997,0,4441,12911748950
205.826,4.85847,36.1675,0,98,74,76,2496,1000,5.57483,271,8.36497,0.000102997,0,4462,13015830248
180.83,5.53006,36.1675,0,98,74,76,2496,1000,5.57483,271,8.36497,0.000102997,0,4462,13120323849
201.205,4.97006,36.1675,0,98,74,76,2496,1000,5.57483,271,8.36497,0.000102997,0,4462,13224425555
194.289,5.14696,36.1675,0,98,74,76,2496,1000,5.57483,271,8.36497,0.000102997,0,4462,13328685818
183.003,5.4644,36.1675,0,98,74,76,2496,1000,5.57483,271,8.36497,0.000102997,0,4462,13432774570
158.91,6.29289,37.831,0,98,74,76,2496,1000,5.57483,271,8.37787,0.000102997,0,4466,13536869623
205.679,4.86195,37.831,0,98,74,76,2496,1000,5.57483,271,8.37787,0.000102997,0,4466,13641180832
222.67,4.49095,37.831,0,98,74,76,2496,1000,5.57483,271,8.37787,0.000102997,0,4466,13745276046
210.718,4.74567,37.831,0,98,74,76,2496,1000,5.57483,271,8.37787,0.000102997,0,4466,13849387941
202.313,4.94283,37.831,0,98,74,76,2496,1000,5.57483,271,8.37787,0.000102997,0,4466,13953559147
170.766,5.85597,36.809,0,98,74,76,2493,1000,5.57483,271,8.3773,0.000102997,0,4461,14057722659
188.098,5.31639,36.809,0,98,74,76,2493,1000,5.57483,271,8.3773,0.000102997,0,4461,14161801843
191.394,5.22483,36.809,0,98,74,76,2493,1000,5.57483,271,8.3773,0.000102997,0,4461,14265935789
197.157,5.0721,36.809,0,98,74,76,2493,1000,5.57483,271,8.3773,0.000102997,0,4461,14370004504
232.787,4.29576,36.809,0,98,74,76,2493,1000,5.57483,271,8.3773,0.000102997,0,4461,14474090580
207.041,4.82997,36.9403,0,98,74,76,2501,1000,5.57483,271,8.37197,0.000102997,0,4466,14578174223
184.864,5.40938,36.9403,0,98,74,76,2501,1000,5.57483,271,8.37197,0.000102997,0,4466,14682477817
189.718,5.27099,36.9403,0,98,74,76,2501,1000,5.57483,271,8.37197,0.000102997,0,4466,14786564275
191.086,5.23325,36.9403,0,98,74,76,2501,1000,5.57483,271,8.37197,0.000102997,0,4466,14890699604
199.629,5.0093,38.143,0,98,74,76,2502,1000,5.57483,271,8.36245,0.000102997,0,4447,14994777786
189.644,5.27304,38.143,0,98,74,76,2502,1000,5.57483,271,8.36245,0.000102997,0,4447,15098866207
171.314,5.83723,38.143,0,98,74,76,2502,1000,5.57483,271,8.36245,0.000102997,0,4447,15203059605
218.756,4.57131,38.143,0,98,74,76,2502,1000,5.57483,271,8.36245,0.000102997,0,4447,15307149659
214.825,4.65495,38.143,0,98,74,76,2502,1000,5.57483,271,8.36245,0.000102997,0,4447,15411229113
182.989,5.46482,38.8959,0,98,74,76,2496,1000,5.57483,271,8.40955,0.000102997,0,4442,15515372968
183.933,5.43676,38.8959,0,98,74,76,2496,1000,5.57483,271,8.40955,0.000102997,0,4442,15619457873
193.965,5.15556,38.8959,0,98,74,76,2496,1000,5.57483,271,8.40955,0.000102997,0,4442,15723539391
127.861,7.821,38.8959,0,98,74,76,2496,1000,5.57483,271,8.40955,0.000102997,0,4442,15827652719
187.358,5.33739,38.8959,0,98,74,76,2496,1000,5.57483,271,8.40955,0.000102997,0,4442,15931756599
197.363,5.06681,39.4737,0,98,74,76,2492,1000,5.59048,271,8.46768,0.000102997,0,4449,16035838197
178.855,5.59113,39.4737,0,98,74,76,2492,1000,5.59048,271,8.46768,0.000102997,0,4449,16139922721
166.71,5.99844,39.4737,0,98,74,76,2492,1000,5.59048,271,8.46768,0.000102997,0,4449,16243987127
210.713,4.7458,39.4737,0,98,74,76,2492,1000,5.59048,271,8.46768,0.000102997,0,4449,16348064547
226.965,4.40597,39.4737,0,98,74,76,2492,1000,5.59048,271,8.46768,0.000102997,0,4449,16452146356
192.002,5.20828,39.4279,0,95,74,75,2485,1000,5.58411,258,8.41668,0.000102997,0,4463,16556224177
247.443,4.04134,39.4279,0,95,74,75,2485,1000,5.58411,258,8.41668,0.000102997,0,4463,16660322597
225.592,4.43278,39.4279,0,95,74,75,2485,1000,5.58411,258,8.41668,0.000102997,0,4463,16764432899
238.792,4.18775,39.4279,0,95,74,75,2485,1000,5.58411,258,8.41668,0.000102997,0,4463,16868835169
210.996,4.73943,39.4279,0,95,74,75,2485,1000,5.58411,258,8.41668,0.000102997,0,4463,16972915946
221.772,4.50913,38.3166,0,99,74,76,2483,1000,5.57221,271,8.4152,0.000102997,0,4462,17076979490
150.781,6.63213,38.3166,0,99,74,76,2483,1000,5.57221,271,8.4152,0.000102997,0,4462,17181145357
241.023,4.14898,38.3166,0,99,74,76,2483,1000,5.57221,271,8.4152,0.000102997,0,4462,17285234619
175.969,5.6828,38.3166,0,99,74,76,2483,1000,5.57221,271,8.4152,0.000102997,0,4462,17389335844
193.491,5.16821,38.3166,0,99,74,76,2483,1000,5.57221,271,8.4152,0.000102997,0,4462,17493415189
171.792,5.821,38.9578,0,98,74,76,2477,1000,5.57957,271,8.4213,0.000102997,0,4446,17597504812
192.08,5.20617,38.9578,0,98,74,76,2477,1000,5.57957,271,8.4213,0.000102997,0,4446,17701591850
244.949,4.08248,38.9578,0,98,74,76,2477,1000,5.57957,271,8.4213,0.000102997,0,4446,17806176201
181.884,5.49801,38.9578,0,98,74,76,2477,1000,5.57957,271,8.4213,0.000102997,0,4446,17910262078
179.404,5.57401,37.8141,0,98,74,76,2481,1000,5.58031,271,8.42443,0.000102997,0,4441,18014343756
190.062,5.26144,37.8141,0,98,74,76,2481,1000,5.58031,271,8.42443,0.000102997,0,4441,18118431566
177.897,5.62123,37.8141,0,98,74,76,2481,1000,5.58031,271,8.42443,0.000102997,0,4441,18222517042
231.064,4.32781,37.8141,0,98,74,76,2481,1000,5.58031,271,8.42443,0.000102997,0,4441,18326598079
175.994,5.68202,37.8141,0,98,74,76,2481,1000,5.58031,271,8.42443,0.000102997,0,4441,18430682663
202.298,4.94321,36.625,0,98,74,76,2471,1000,5.57221,271,8.41378,0.000102997,0,4454,18534760865
175.18,5.70841,36.625,0,98,74,76,2471,1000,5.57221,271,8.41378,0.000102997,0,4454,18638847523
163.681,6.10945,36.625,0,98,74,76,2471,1000,5.57221,271,8.41378,0.000102997,0,4454,18742931105
239.576,4.17404,36.625,0,98,74,76,2471,1000,5.57221,271,8.41378,0.000102997,0,4454,18847030076
194.085,5.15237,36.625,0,98,74,76,2471,1000,5.57221,271,8.41378,0.000102997,0,4454,18951115351
190.51,5.24907,33.0818,0,98,74,76,2471,1000,5.57221,271,8.41378,0.000102997,0,4461,19055245180
176.498,5.66579,33.0818,0,98,74,76,2471,1000,5.57221,271,8.41378,0.000102997,0,4461,19159335544
183.879,5.43836,33.0818,0,98,74,76,2471,1000,5.57221,271,8.41378,0.000102997,0,4461,19263418485
221.079,4.52326,33.0818,0,98,74,76,2471,1000,5.57221,271,8.41378,0.000102997,0,4461,19367971548
211.587,4.72619,33.0818,0,98,74,76,2471,1000,5.57221,271,8.41378,0.000102997,0,4461,19472051944
193.688,5.16295,33.5427,0,98,74,76,2477,1000,5.57221,271,8.41151,0.000102997,0,4466,19576132680
216.821,4.61211,33.5427,0,98,74,76,2477,1000,5.57221,271,8.41151,0.000102997,0,4466,19680231120
191.638,5.21818,33.5427,0,98,74,76,2477,1000,5.57221,271,8.41151,0.000102997,0,4466,19784312849
166.265,6.01449,33.5427,0,98,74,76,2477,1000,5.57221,271,8.41151,0.000102997,0,4466,19888401390
185.627,5.38714,33.5427,0,98,74,76,2477,1000,5.57221,271,8.41151,0.000102997,0,4466,19992482778
187.17,5.34275,33.4994,0,98,74,76,2477,1000,5.57221,271,8.40897,0.000102997,0,4466,20096573273
196.009,5.1018,33.4994,0,98,74,76,2477,1000,5.57221,271,8.40897,0.000102997,0,4466,20200663898
175.575,5.69557,33.4994,0,98,74,76,2477,1000,5.57221,271,8.40897,0.000102997,0,4466,20304737131
201.308,4.9675,33.4994,0,98,74,76,2477,1000,5.57221,271,8.40897,0.000102997,0,4466,20408826113
220.448,4.53621,33.4994,0,98,74,76,2477,1000,5.57221,271,8.40897,0.000102997,0,4466,20512913021
168.886,5.92117,32.1564,0,98,74,76,2478,1000,5.57221,271,8.37881,0.000102997,0,4466,20616999018
188.935,5.29281,32.1564,0,98,74,76,2478,1000,5.57221,271,8.37881,0.000102997,0,4466,20721407910
187.92,5.32141,32.1564,0,98,74,76,2478,1000,5.57221,271,8.37881,0.000102997,0,4466,20825498385
171.024,5.84714,32.1564,0,98,74,76,2478,1000,5.57221,271,8.37881,0.000102997,0,4466,20929593238
182.675,5.47421,33.5,0,98,74,76,2477,1000,5.57268,271,8.37917,0.000102997,0,4481,21033871335
178.087,5.61524,33.5,0,98,74,76,2477,1000,5.57268,271,8.37917,0.000102997,0,4481,21137949367
175.72,5.69087,33.5,0,98,74,76,2477,1000,5.57268,271,8.37917,0.000102997,0,4481,21242059679
228.826,4.37012,33.5,0,98,74,76,2477,1000,5.57268,271,8.37917,0.000102997,0,4481,21346146767
183.3,5.45554,33.5,0,98,74,76,2477,1000,5.57268,271,8.37917,0.000102997,0,4481,21450225881
189.648,5.27292,34.122,0,98,74,76,2472,1000,5.57221,271,8.37375,0.000102997,0,4466,21554288975
189.396,5.27995,34.122,0,98,74,76,2472,1000,5.57221,271,8.37375,0.000102997,0,4466,21658377536
180.131,5.55151,34.122,0,98,74,76,2472,1000,5.57221,271,8.37375,0.000102997,0,4466,21762465967
182.199,5.48849,34.122,0,98,74,76,2472,1000,5.57221,271,8.37375,0.000102997,0,4466,21866520324
214.574,4.66039,34.122,0,98,74,76,2472,1000,5.57221,271,8.37375,0.000102997,0,4466,21970615208
177.428,5.63608,34.3001,0,99,74,76,2480,1000,5.57221,271,8.37311,0.000102997,0,4449,22074700663
184.673,5.41498,34.3001,0,99,74,76,2480,1000,5.57221,271,8.37311,0.000102997,0,4449,22178788353
211.673,4.72427,34.3001,0,99,74,76,2480,1000,5.57221,271,8.37311,0.000102997,0,4449,22282878197
157.394,6.35347,34.3001,0,99,74,76,2480,1000,5.57221,271,8.37311,0.000102997,0,4449,22386931031
203.338,4.91792,34.3001,0,99,74,76,2480,1000,5.57221,271,8.37311,0.000102997,0,4449,22490997421
214.366,4.66492,35.9006,0,98,74,76,2476,1000,5.57221,271,8.375,0.000102997,0,4455,22595088407
177.484,5.63432,35.9006,0,98,74,76,2476,1000,5.57221,271,8.375,0.000102997,0,4455,22699187318
244.138,4.09604,35.9006,0,98,74,76,2476,1000,5.57221,271,8.375,0.000102997,0,4455,22803275218
182.793,5.47066,35.9006,0,98,74,76,2476,1000,5.57221,271,8.375,0.000102997,0,4455,22907359712
168.527,5.93378,35.9006,0,98,74,76,2476,1000,5.57221,271,8.375,0.000102997,0,4455,23011442793
189.894,5.26608,35.3459,0,98,74,76,2479,1000,5.57221,271,8.3762,0.000102997,0,4441,23115523880
217.742,4.5926,35.3459,0,98,74,76,2479,1000,5.57221,271,8.3762,0.000102997,0,4441,23219602783
182.493,5.47966,35.3459,0,98,74,76,2479,1000,5.57221,271,8.3762,0.000102997,0,4441,23323687558
187.027,5.34683,35.3459,0,98,74,76,2479,1000,5.57221,271,8.3762,0.000102997,0,4441,23427766421
225.027,4.4439,35.3459,0,98,74,76,2479,1000,5.57221,271,8.3762,0.000102997,0,4441,23531845675
173.783,5.75429,35.9395,0,98,74,76,2481,1000,5.57221,271,8.37815,0.000102997,0,4453,23636403366
211.469,4.72883,35.9395,0,98,74,76,2481,1000,5.57221,271,8.37815,0.000102997,0,4453,23740494742
208.249,4.80195,35.9395,0,98,74,76,2481,1000,5.57221,271,8.37815,0.000102997,0,4453,23844578966
218.987,4.56647,35.9395,0,98,74,76,2481,1000,5.57221,271,8.37815,0.000102997,0,4453,23949703910
180.057,5.55381,42.5345,0,98,75,76,2468,1000,5.57221,271,8.48644,0.000102997,0,4393,24053787692
194.888,5.13116,42.5345,0,98,75,76,2468,1000,5.57221,271,8.48644,0.000102997,0,4393,24157867297
221.383,4.51706,42.5345,0,98,75,76,2468,1000,5.57221,271,8.48644,0.000102997,0,4393,24261920021
205.098,4.87571,42.5345,0,98,75,76,2468,1000,5.57221,271,8.48644,0.000102997,0,4393,24366003744
215.86,4.63263,42.5345,0,98,75,76,2468,1000,5.57221,271,8.48644,0.000102997,0,4393,24470085001
203.001,4.92608,47.7932,0,98,77,76,2468,1000,5.57221,271,8.52147,0.000102997,0,4407,24574169385
177.55,5.63223,47.7932,0,98,77,76,2468,1000,5.57221,271,8.52147,0.000102997,0,4407,24678254379
254.646,3.92702,47.7932,0,98,77,76,2468,1000,5.57221,271,8.52147,0.000102997,0,4407,24782340256
213.981,4.67331,47.7932,0,98,77,76,2468,1000,5.57221,271,8.52147,0.000102997,0,4407,24886437694
163.381,6.12067,47.7932,0,98,77,76,2468,1000,5.57221,271,8.52147,0.000102997,0,4407,24990520354
221.194,4.52093,46.2312,0,97,78,76,2474,1000,5.57221,271,8.53928,0.000102997,0,4416,25094605800
217.806,4.59125,46.2312,0,97,78,76,2474,1000,5.57221,271,8.53928,0.000102997,0,4416,25198689442
205.701,4.86143,46.2312,0,97,78,76,2474,1000,5.57221,271,8.53928,0.000102997,0,4416,25302774817
207.745,4.8136,46.2312,0,97,78,76,2474,1000,5.57221,271,8.53928,0.000102997,0,4416,25406882905
231.481,4.32001,46.2312,0,97,78,76,2474,1000,5.57221,271,8.53928,0.000102997,0,4416,25511181611
235.387,4.24831,47,0,98,79,76,2477,1000,5.553,271,8.5827,0.000102997,0,4428,25615273709
266.721,3.74923,47,0,98,79,76,2477,1000,5.553,271,8.5827,0.000102997,0,4428,25719361889
206.789,4.83584,47,0,98,79,76,2477,1000,5.553,271,8.5827,0.000102997,0,4428,25823450020
157.718,6.34042,47,0,98,79,76,2477,1000,5.553,271,8.5827,0.000102997,0,4428,25927536718
186.978,5.34822,47,0,98,79,76,2477,1000,5.553,271,8.5827,0.000102997,0,4428,26031624257
207.761,4.81323,48.9388,0,98,80,76,2480,1000,5.553,271,8.67389,0.000102997,0,4417,26136137525
155.038,6.45004,48.9388,0,98,80,76,2480,1000,5.553,271,8.67389,0.000102997,0,4417,26240229362
270.992,3.69015,48.9388,0,98,80,76,2480,1000,5.553,271,8.67389,0.000102997,0,4417,26344316181
217.366,4.60053,48.9388,0,98,80,76,2480,1000,5.553,271,8.67389,0.000102997,0,4417,26448397318
219.354,4.55885,48.9388,0,98,80,76,2480,1000,5.553,271,8.67389,0.000102997,0,4417,26552477834
192.142,5.20448,47.4214,0,94,80,76,2481,1000,5.57957,268,8.76202,0.000102997,0,4391,26656555505
236.068,4.23606,47.4214,0,94,80,76,2481,1000,5.57957,268,8.76202,0.000102997,0,4391,26760907681
210.086,4.75994,47.4214,0,94,80,76,2481,1000,5.57957,268,8.76202,0.000102997,0,4391,26865000560
189.183,5.28589,47.4214,0,94,80,76,2481,1000,5.57957,268,8.76202,0.000102997,0,4391,26969093981
235.264,4.25055,45.2381,0,97,81,76,2484,1000,5.57296,271,8.75797,0.000102997,0,4416,27073302116
205.291,4.87113,45.2381,0,97,81,76,2484,1000,5.57296,271,8.75797,0.000102997,0,4416,27177414162
208.757,4.79026,45.2381,0,97,81,76,2484,1000,5.57296,271,8.75797,0.000102997,0,4416,27281526498
197.655,5.05932,45.2381,0,97,81,76,2484,1000,5.57296,271,8.75797,0.000102997,0,4416,27385586586
198.555,5.03639,45.2381,0,97,81,76,2484,1000,5.57296,271,8.75797,0.000102997,0,4416,27489664798
210.023,4.76138,40.527,0,98,81,76,2480,1000,5.57222,271,8.77113,0.000102997,0,4447,27593979273
234.248,4.26897,40.527,0,98,81,76,2480,1000,5.57222,271,8.77113,0.000102997,0,4447,27698081189
201.613,4.96,40.527,0,98,81,76,2480,1000,5.57222,271,8.77113,0.000102997,0,4447,27802165683
199.227,5.0194,40.527,0,98,81,76,2480,1000,5.57222,271,8.77113,0.000102997,0,4447,27906244556
208.072,4.80602,40.527,0,98,81,76,2480,1000,5.57222,271,8.77113,0.000102997,0,4447,28010396597
177.62,5.63,36.5915,0,98,81,76,2477,1000,5.55301,271,8.77208,0.000102997,0,4428,28114479818
277.005,3.61005,36.5915,0,98,81,76,2477,1000,5.55301,271,8.77208,0.000102997,0,4428,28218565093
275.177,3.63402,36.5915,0,98,81,76,2477,1000,5.55301,271,8.77208,0.000102997,0,4428,28322862316
195.09,5.12585,36.5915,0,98,81,76,2477,1000,5.55301,271,8.77208,0.000102997,0,4428,28426957530
215.141,4.64813,36.5915,0,98,81,76,2477,1000,5.55301,271,8.77208,0.000102997,0,4428,28531035181
205.462,4.86707,37.8446,0,97,80,76,2475,1000,5.56036,270,8.77367,0.000102997,0,4452,28635133851
199.517,5.01211,37.8446,0,97,80,76,2475,1000,5.56036,270,8.77367,0.000102997,0,4452,28739210149
250.928,3.98521,37.8446,0,97,80,76,2475,1000,5.56036,270,8.77367,0.000102997,0,4452,28843292639
178.059,5.61611,37.8446,0,97,80,76,2475,1000,5.56036,270,8.77367,0.000102997,0,4452,28947377754
171.379,5.83501,37.8446,0,97,80,76,2475,1000,5.56036,270,8.77367,0.000102997,0,4452,29051459974
192.915,5.18364,39.477,0,98,80,76,2480,1000,5.56036,271,8.77527,0.000102997,0,4442,29155539959
193.278,5.1739,39.477,0,98,80,76,2480,1000,5.56036,271,8.77527,0.000102997,0,4442,29259874902
181.807,5.50035,39.477,0,98,80,76,2480,1000,5.56036,271,8.77527,0.000102997,0,4442,29363953806
187.75,5.32624,39.477,0,98,80,76,2480,1000,5.56036,271,8.77527,0.000102997,0,4442,29468092160
192.866,5.18494,39.477,0,98,80,76,2480,1000,5.56036,271,8.77527,0.000102997,0,4442,29572175472
150.792,6.63163,37.5931,0,99,80,76,2481,1000,5.56036,271,8.69355,0.000102997,0,4462,29676269233
179.159,5.58165,37.5931,0,99,80,76,2481,1000,5.56036,271,8.69355,0.000102997,0,4462,29780333308
184.017,5.43428,37.5931,0,99,80,76,2481,1000,5.56036,271,8.69355,0.000102997,0,4462,29884423162
212.611,4.70343,37.5931,0,99,80,76,2481,1000,5.56036,271,8.69355,0.000102997,0,4462,29988506263
180.773,5.5318,38.6364,0,99,79,76,2481,1000,5.56036,271,8.67685,0.000102997,0,4422,30092586629
185.196,5.39967,38.6364,0,99,79,76,2481,1000,5.56036,271,8.67685,0.000102997,0,4422,30196695840
199.92,5.00201,38.6364,0,99,79,76,2481,1000,5.56036,271,8.67685,0.000102997,0,4422,30300784611
183.46,5.45078,38.6364,0,99,79,76,2481,1000,5.56036,271,8.67685,0.000102997,0,4422,30405409779
187.646,5.32919,38.6364,0,99,79,76,2481,1000,5.56036,271,8.67685,0.000102997,0,4422,30509489353
172.684,5.79092,39.0428,0,99,79,76,2485,1000,5.55302,271,8.65585,0.000102997,0,4466,30613570260
196.886,5.07907,39.0428,0,99,79,76,2485,1000,5.55302,271,8.65585,0.000102997,0,4466,30717662258
182.131,5.49056,39.0428,0,99,79,76,2485,1000,5.55302,271,8.65585,0.000102997,0,4466,30822485707
218.671,4.57307,39.0428,0,99,79,76,2485,1000,5.55302,271,8.65585,0.000102997,0,4466,30926568137
266.104,3.75793,39.0428,0,99,79,76,2485,1000,5.55302,271,8.65585,0.000102997,0,4466,31031177705
231.011,4.32881,38.0832,0,98,79,76,2478,1000,5.55302,271,8.65507,0.000102997,0,4448,31135271727
163.731,6.10759,38.0832,0,98,79,76,2478,1000,5.55302,271,8.65507,0.000102997,0,4448,31239349498
204.837,4.88192,38.0832,0,98,79,76,2478,1000,5.55302,271,8.65507,0.000102997,0,4448,31343431978
177.688,5.62785,38.0832,0,98,79,76,2478,1000,5.55302,271,8.65507,0.000102997,0,4448,31447512865
186.344,5.36641,38.0832,0,98,79,76,2478,1000,5.55302,271,8.65507,0.000102997,0,4448,31551589154
221.457,4.51555,37.9699,0,98,79,76,2472,1000,5.55376,271,8.64605,0.000102997,0,4466,31655676863
169.372,5.90416,37.9699,0,98,79,76,2472,1000,5.55376,271,8.64605,0.000102997,0,4466,31759764212
242.026,4.13179,37.9699,0,98,79,76,2472,1000,5.55376,271,8.64605,0.000102997,0,4466,31863845630
220.105,4.54328,37.9699,0,98,79,76,2472,1000,5.55376,271,8.64605,0.000102997,0,4466,31967924634
266.528,3.75195,37.9699,0,98,79,76,2472,1000,5.55376,271,8.64605,0.000102997,0,4466,32072031971
219.267,4.56065,38.5101,0,98,78,76,2468,1000,5.56532,271,8.65042,0.000102997,0,4458,32176114080
226.496,4.41509,38.5101,0,98,78,76,2468,1000,5.56532,271,8.65042,0.000102997,0,4458,32280192943
221.658,4.51145,38.5101,0,98,78,76,2468,1000,5.56532,271,8.65042,0.000102997,0,4458,32384272227
170.959,5.84937,38.5101,0,98,78,76,2468,1000,5.56532,271,8.65042,0.000102997,0,4458,32488367531
210.652,4.74717,37.9826,0,98,78,76,2472,1000,5.56532,271,8.60487,0.000102997,0,4460,32592445923
256.32,3.90137,37.9826,0,98,78,76,2472,1000,5.56532,271,8.60487,0.000102997,0,4460,32696524736
225.227,4.43996,37.9826,0,98,78,76,2472,1000,5.56532,271,8.60487,0.000102997,0,4460,32800605984
244.965,4.08221,37.9826,0,98,78,76,2472,1000,5.56532,271,8.60487,0.000102997,0,4460,32904693283
211.578,4.72638,37.9826,0,98,78,76,2472,1000,5.56532,271,8.60487,0.000102997,0,4460,33008791643
235.687,4.24292,37.831,0,98,78,76,2468,1000,5.55796,271,8.60868,0.000102997,0,4442,33112844988
196.75,5.0826,37.831,0,98,78,76,2468,1000,5.55796,271,8.60868,0.000102997,0,4442,33216928109
220.461,4.53595,37.831,0,98,78,76,2468,1000,5.55796,271,8.60868,0.000102997,0,4442,33321019336
231.322,4.32298,37.831,0,98,78,76,2468,1000,5.55796,271,8.60868,0.000102997,0,4442,33425098059
186.647,5.3577,37.831,0,98,78,76,2468,1000,5.55796,271,8.60868,0.000102997,0,4442,33529176321
216.941,4.60954,38.143,0,98,78,76,2463,1000,5.55796,271,8.49585,0.000102997,0,4466,33633253942
201.229,4.96947,38.143,0,98,78,76,2463,1000,5.55796,271,8.49585,0.000102997,0,4466,33737347533
223.919,4.4659,38.143,0,98,78,76,2463,1000,5.55796,271,8.49585,0.000102997,0,4466,33841779217
187.955,5.32043,38.143,0,98,78,76,2463,1000,5.55796,271,8.49585,0.000102997,0,4466,33945845397
200.023,4.99942,38.143,0,98,78,76,2463,1000,5.55796,271,8.49585,0.000102997,0,4466,34049927035
237.154,4.21667,36.7089,0,98,77,76,2467,1000,5.55796,271,8.50816,0.000102997,0,4416,34154762968
242.498,4.12375,36.7089,0,98,77,76,2467,1000,5.55796,271,8.50816,0.000102997,0,4416,34258828806
259.075,3.85989,36.7089,0,98,77,76,2467,1000,5.55796,271,8.50816,0.000102997,0,4416,34362908110
256.949,3.89183,36.7089,0,98,77,76,2467,1000,5.55796,271,8.50816,0.000102997,0,4416,34467019986
222.613,4.4921,36.7089,0,98,77,76,2467,1000,5.55796,271,8.50816,0.000102997,0,4416,34571727888
160.361,6.23592,36.7758,0,98,77,76,2472,1000,5.55796,271,8.49603,0.000102997,0,4452,34675808424
194.105,5.15184,36.7758,0,98,77,76,2472,1000,5.55796,271,8.49603,0.000102997,0,4452,34779881437
169.962,5.88365,36.7758,0,98,77,76,2472,1000,5.55796,271,8.49603,0.000102997,0,4452,34884018910
191.394,5.22483,36.7758,0,98,77,76,2472,1000,5.55796,271,8.49603,0.000102997,0,4452,34988104175
210.791,4.74403,36.7758,0,98,77,76,2472,1000,5.55796,271,8.49603,0.000102997,0,4452,35092201182
226.664,4.41181,36.9347,0,98,77,76,2472,1000,5.55796,271,8.46577,0.000102997,0,4441,35196296176
197.248,5.06977,36.9347,0,98,77,76,2472,1000,5.55796,271,8.46577,0.000102997,0,4441,35300381170
194.797,5.13355,36.9347,0,98,77,76,2472,1000,5.55796,271,8.46577,0.000102997,0,4441,35404459753
193.48,5.16848,36.9347,0,98,77,76,2472,1000,5.55796,271,8.46577,0.000102997,0,4441,35508538987
172.399,5.80051,36.7758,0,98,77,76,2467,1000,5.55404,271,8.44173,0.000102997,0,4445,35612619323
201.778,4.95595,36.7758,0,98,77,76,2467,1000,5.55404,271,8.44173,0.000102997,0,4445,35716704929
154.308,6.48053,36.7758,0,98,77,76,2467,1000,5.55404,271,8.44173,0.000102997,0,4445,35820816824
203.462,4.91493,36.7758,0,98,77,76,2467,1000,5.55404,271,8.44173,0.000102997,0,4445,35924925293
217.453,4.5987,36.7758,0,98,77,76,2467,1000,5.55404,271,8.44173,0.000102997,0,4445,36029124862
222.374,4.49692,37.0744,0,98,77,76,2466,1000,5.55404,271,8.40527,0.000102997,0,4455,36133190891
220.939,4.52614,37.0744,0,98,77,76,2466,1000,5.55404,271,8.40527,0.000102997,0,4455,36237273010
234.297,4.26809,37.0744,0,98,77,76,2466,1000,5.55404,271,8.40527,0.000102997,0,4455,36341350411
203.604,4.9115,37.0744,0,98,77,76,2466,1000,5.55404,271,8.40527,0.000102997,0,4455,36445428012
180.922,5.52725,37.0744,0,98,77,76,2466,1000,5.55404,271,8.40527,0.000102997,0,4455,36549508077
172.959,5.78173,38.3271,0,98,77,76,2472,1000,5.55502,271,8.40241,0.000102997,0,4441,36653589836
212.786,4.69956,38.3271,0,98,77,76,2472,1000,5.55502,271,8.40241,0.000102997,0,4441,36757669040
232.471,4.30161,38.3271,0,98,77,76,2472,1000,5.55502,271,8.40241,0.000102997,0,4441,36862036925
175.888,5.68545,38.3271,0,98,77,76,2472,1000,5.55502,271,8.40241,0.000102997,0,4441,36966115197
194.537,5.14041,38.3271,0,98,77,76,2472,1000,5.55502,271,8.40241,0.000102997,0,4441,37070192267
157.881,6.3339,36.5,0,99,76,76,2466,1000,5.5614,271,8.40263,0.000102997,0,4453,37174270198
213.457,4.68478,36.5,0,99,76,76,2466,1000,5.5614,271,8.40263,0.000102997,0,4453,37278348530
203.625,4.911,36.5,0,99,76,76,2466,1000,5.5614,271,8.40263,0.000102997,0,4453,37382690747
188.858,5.29499,36.5,0,99,76,76,2466,1000,5.5614,271,8.40263,0.000102997,0,4453,37486778678
187.138,5.34366,36.5,0,99,76,76,2466,1000,5.5614,271,8.40263,0.000102997,0,4453,37591083795
224.831,4.44779,37.3283,0,98,76,76,2469,1000,5.5614,271,8.39278,0.000102997,0,4444,37695175763
195.847,5.10602,37.3283,0,98,76,76,2469,1000,5.5614,271,8.39278,0.000102997,0,4444,37799253804
227.516,4.3953,37.3283,0,98,76,76,2469,1000,5.5614,271,8.39278,0.000102997,0,4444,37903339480
199.237,5.01914,37.3283,0,98,76,76,2469,1000,5.5614,271,8.39278,0.000102997,0,4444,38007427761
180.326,5.54552,37.5,0,99,76,76,2470,1000,5.56038,271,8.39313,0.000102997,0,4466,38111510301
196.571,5.08723,37.5,0,99,76,76,2470,1000,5.56038,271,8.39313,0.000102997,0,4466,38215587171
148.771,6.72173,37.5,0,99,76,76,2470,1000,5.56038,271,8.39313,0.000102997,0,4466,38319792251
164.884,6.06486,37.5,0,99,76,76,2470,1000,5.56038,271,8.39313,0.000102997,0,4466,38423868429
175.713,5.69109,37.5,0,99,76,76,2470,1000,5.56038,271,8.39313,0.000102997,0,4466,38527946120
192.762,5.18775,36.8421,0,98,76,76,2472,1000,5.56038,271,8.39167,0.000102997,0,4466,38632022298
228.772,4.37115,36.8421,0,98,76,76,2472,1000,5.56038,271,8.39167,0.000102997,0,4466,38736211127
193.751,5.16126,36.8421,0,98,76,76,2472,1000,5.56038,271,8.39167,0.000102997,0,4466,38840306151
203.524,4.91342,36.8421,0,98,76,76,2472,1000,5.56038,271,8.39167,0.000102997,0,4466,38944763494
215.628,4.63762,36.8421,0,98,76,76,2472,1000,5.56038,271,8.39167,0.000102997,0,4466,39048854830
175.458,5.69939,36.7424,0,99,76,76,2468,1000,5.56135,271,8.39458,0.000102997,0,4454,39152933864
138.93,7.19787,36.7424,0,99,76,76,2468,1000,5.56135,271,8.39458,0.000102997,0,4454,39257586873
208.855,4.78801,36.7424,0,99,76,76,2468,1000,5.56135,271,8.39458,0.000102997,0,4454,39361675845
188.714,5.29902,36.7424,0,99,76,76,2468,1000,5.56135,271,8.39458,0.000102997,0,4454,39465764327
185.417,5.39325,36.7424,0,99,76,76,2468,1000,5.56135,271,8.39458,0.000102997,0,4454,39569858990
208.28,4.80122,36.0656,0,98,76,76,2469,1000,5.57958,271,8.39066,0.000102997,0,4466,39674340087
188.005,5.31901,36.0656,0,98,76,76,2469,1000,5.57958,271,8.39066,0.000102997,0,4466,39778422487
187.307,5.33883,36.0656,0,98,76,76,2469,1000,5.57958,271,8.39066,0.000102997,0,4466,39882507271
186.426,5.36407,36.0656,0,98,76,76,2469,1000,5.57958,271,8.39066,0.000102997,0,4466,39987045045
186.132,5.37252,36.0656,0,98,76,76,2469,1000,5.57958,271,8.39066,0.000102997,0,4466,40091114280
183.148,5.46007,36.8553,0,98,76,76,2469,1000,5.57958,271,8.40425,0.000102997,0,4473,40195191911
181.49,5.50996,36.8553,0,98,76,76,2469,1000,5.57958,271,8.40425,0.000102997,0,4473,40299273389
173.647,5.75881,36.8553,0,98,76,76,2469,1000,5.57958,271,8.40425,0.000102997,0,4473,40403351991
186.808,5.3531,36.8553,0,98,76,76,2469,1000,5.57958,271,8.40425,0.000102997,0,4473,40507600813
192.828,5.18596,36.8553,0,98,76,76,2469,1000,5.57958,271,8.40425,0.000102997,0,4473,40611694785
196.411,5.09135,35.875,0,98,76,76,2468,1000,5.56037,271,8.39394,0.000102997,0,4464,40715767817
191.299,5.22741,35.875,0,98,76,76,2468,1000,5.56037,271,8.39394,0.000102997,0,4464,40819851139
184.58,5.41771,35.875,0,98,76,76,2468,1000,5.56037,271,8.39394,0.000102997,0,4464,40923934991
188.263,5.31171,35.875,0,98,76,76,2468,1000,5.56037,271,8.39394,0.000102997,0,4464,41028018573
185.88,5.37983,35.6234,0,98,75,76,2467,1000,5.55301,271,8.39394,0.000102997,0,4441,41132979170
211.909,4.719,35.6234,0,98,75,76,2467,1000,5.55301,271,8.39394,0.000102997,0,4441,41237055979
191.742,5.21533,35.6234,0,98,75,76,2467,1000,5.55301,271,8.39394,0.000102997,0,4441,41341331952
218.878,4.56876,35.6234,0,98,75,76,2467,1000,5.55301,271,8.39394,0.000102997,0,4441,41445410915
195.701,5.10984,35.6234,0,98,75,76,2467,1000,5.55301,271,8.39394,0.000102997,0,4441,41549489919
161.794,6.18071,36.829,0,98,75,76,2468,1000,5.55301,271,8.387,0.000102997,0,4466,41653568060
138.734,7.20801,36.829,0,98,75,76,2468,1000,5.55301,271,8.387,0.000102997,0,4466,41757660569
185.113,5.4021,36.829,0,98,75,76,2468,1000,5.55301,271,8.387,0.000102997,0,4466,41861746936
164.838,6.06655,36.829,0,98,75,76,2468,1000,5.55301,271,8.387,0.000102997,0,4466,41965862098
175.584,5.69529,36.829,0,98,75,76,2468,1000,5.55301,271,8.387,0.000102997,0,4466,42070036109
186.752,5.3547,37.9224,0,98,75,76,2463,1000,5.55301,271,8.38711,0.000102997,0,4446,42174118689
185.178,5.40022,37.9224,0,98,75,76,2463,1000,5.55301,271,8.38711,0.000102997,0,4446,42278199086
179.304,5.57713,37.9224,0,98,75,76,2463,1000,5.55301,271,8.38711,0.000102997,0,4446,42382757698
167.981,5.95304,37.9224,0,98,75,76,2463,1000,5.55301,271,8.38711,0.000102997,0,4446,42486853273
178.511,5.6019,37.9224,0,98,75,76,2463,1000,5.55301,271,8.38711,0.000102997,0,4446,42590945100
179.891,5.55892,36.3522,0,98,75,76,2471,1000,5.56531,271,8.38485,0.000102997,0,4456,42695250679
206.464,4.84346,36.3522,0,98,75,76,2471,1000,5.56531,271,8.38485,0.000102997,0,4456,42799344370
188.072,5.31711,36.3522,0,98,75,76,2471,1000,5.56531,271,8.38485,0.000102997,0,4456,42903423383
182.607,5.47623,36.3522,0,98,75,76,2471,1000,5.56531,271,8.38485,0.000102997,0,4456,43007875797
217.371,4.60042,36.3522,0,98,75,76,2471,1000,5.56531,271,8.38485,0.000102997,0,4456,43111981540
192.895,5.18417,37.2525,0,98,75,76,2472,1000,5.56531,271,8.38461,0.000102997,0,4466,43216581791
169.972,5.88331,37.2525,0,98,75,76,2472,1000,5.56531,271,8.38461,0.000102997,0,4466,43320673398
174.76,5.72214,37.2525,0,98,75,76,2472,1000,5.56531,271,8.38461,0.000102997,0,4466,43424770095
192.367,5.1984,37.2525,0,98,75,76,2472,1000,5.56531,271,8.38461,0.000102997,0,4466,43528856251
181.885,5.49797,37.2525,0,98,75,76,2472,1000,5.56531,271,8.38461,0.000102997,0,4466,43633158223
184.219,5.42833,37.3283,0,99,75,76,2469,1000,5.56531,271,8.38211,0.000102997,0,4444,43737241044
181.622,5.50593,37.3283,0,99,75,76,2469,1000,5.56531,271,8.38211,0.000102997,0,4444,43841437748
211.598,4.72595,37.3283,0,99,75,76,2469,1000,5.56531,271,8.38211,0.000102997,0,4444,43945526580
187.247,5.34055,37.3283,0,99,75,76,2469,1000,5.56531,271,8.38211,0.000102997,0,4444,44049610893
186.19,5.37086,37.3902,0,98,75,76,2473,1000,5.56531,271,8.38402,0.000102997,0,4441,44153690327
203.677,4.90974,37.3902,0,98,75,76,2473,1000,5.56531,271,8.38402,0.000102997,0,4441,44257763991
182.386,5.48288,37.3902,0,98,75,76,2473,1000,5.56531,271,8.38402,0.000102997,0,4441,44361849416
180.635,5.53603,37.3902,0,98,75,76,2473,1000,5.56531,271,8.38402,0.000102997,0,4441,44465928330
210.617,4.74795,37.3902,0,98,75,76,2473,1000,5.56531,271,8.38402,0.000102997,0,4441,44570007063
187.163,5.34294,36.7168,0,99,75,76,2465,1000,5.56531,271,8.3827,0.000102997,0,4441,44674567649
218.423,4.57827,36.7168,0,99,75,76,2465,1000,5.56531,271,8.3827,0.000102997,0,4441,44778656381
190.358,5.25326,36.7168,0,99,75,76,2465,1000,5.56531,271,8.3827,0.000102997,0,4441,44882952311
194.726,5.13542,36.7168,0,99,75,76,2465,1000,5.56531,271,8.3827,0.000102997,0,4441,44987044549
167.264,5.97857,36.7168,0,99,75,76,2465,1000,5.56531,271,8.3827,0.000102997,0,4441,45091137168
195.084,5.12599,37.5312,0,99,75,76,2473,1000,5.56531,271,8.37197,0.000102997,0,4466,45195772214
118.01,8.47389,37.5312,0,99,75,76,2473,1000,5.56531,271,8.37197,0.000102997,0,4466,45299853792
244.504,4.08991,37.5312,0,99,75,76,2473,1000,5.56531,271,8.37197,0.000102997,0,4466,45403947974
193.068,5.17952,37.5312,0,99,75,76,2473,1000,5.56531,271,8.37197,0.000102997,0,4466,45508072082
185.738,5.38393,37.5312,0,99,75,76,2473,1000,5.56531,271,8.37197,0.000102997,0,4466,45612151637
183.372,5.45339,45.4318,0,99,75,76,2473,1000,5.56531,271,8.37155,0.000102997,0,4441,45717032974
205.396,4.86865,45.4318,0,99,75,76,2473,1000,5.56531,271,8.37155,0.000102997,0,4441,45821112719
203.427,4.91578,45.4318,0,99,75,76,2473,1000,5.56531,271,8.37155,0.000102997,0,4441,45925800184
185.42,5.39316,45.4318,0,99,75,76,2473,1000,5.56531,271,8.37155,0.000102997,0,4441,46029879037
203.812,4.90649,45.4318,0,99,75,76,2473,1000,5.56531,271,8.37155,0.000102997,0,4441,46133958201
183.191,5.45878,35.101,0,97,75,76,2468,1000,5.56531,271,8.37131,0.000102997,0,4460,46238036142
183.787,5.44109,35.101,0,97,75,76,2468,1000,5.56531,271,8.37131,0.000102997,0,4460,46342113983
181.011,5.52453,35.101,0,97,75,76,2468,1000,5.56531,271,8.37131,0.000102997,0,4460,46446192746
156.887,6.374,35.101,0,97,75,76,2468,1000,5.56531,271,8.37131,0.000102997,0,4460,46550720712
199.578,5.01056,35.0126,0,98,75,76,2473,1000,5.56531,271,8.37045,0.000102997,0,4441,46654800126
157.836,6.33571,35.0126,0,98,75,76,2473,1000,5.56531,271,8.37045,0.000102997,0,4441,46758877807
204.863,4.88131,35.0126,0,98,75,76,2473,1000,5.56531,271,8.37045,0.000102997,0,4441,46862957401
177.33,5.6392,35.0126,0,98,75,76,2473,1000,5.56531,271,8.37045,0.000102997,0,4441,46967033409
226.44,4.41619,35.0126,0,98,75,76,2473,1000,5.56531,271,8.37045,0.000102997,0,4441,47071134013
190.86,5.23943,35.7054,0,98,75,76,2475,1000,5.55893,271,8.37127,0.000102997,0,4441,47175620250
215.811,4.63368,35.7054,0,98,75,76,2475,1000,5.55893,271,8.37127,0.000102997,0,4441,47279716005
173.534,5.76254,35.7054,0,98,75,76,2475,1000,5.55893,271,8.37127,0.000102997,0,4441,47383797874
210.451,4.75171,35.7054,0,98,75,76,2475,1000,5.55893,271,8.37127,0.000102997,0,4441,47488416289
171.54,5.82955,35.7054,0,98,75,76,2475,1000,5.55893,271,8.37127,0.000102997,0,4441,47592508296
219.873,4.54808,34.005,0,98,75,76,2475,1000,5.58809,271,8.37096,0.000102997,0,4466,47696594203
217.516,4.59736,34.005,0,98,75,76,2475,1000,5.58809,271,8.37096,0.000102997,0,4466,47800684297
179.743,5.56349,34.005,0,98,75,76,2475,1000,5.58809,271,8.37096,0.000102997,0,4466,47904771476
177.945,5.61973,34.005,0,98,75,76,2475,1000,5.58809,271,8.37096,0.000102997,0,4466,48008864125
171.707,5.82388,34.005,0,98,75,76,2475,1000,5.58809,271,8.37096,0.000102997,0,4466,48112959529
194.25,5.14801,34.8259,0,98,75,76,2474,1000,5.58417,271,8.35761,0.000102997,0,4456,48217061486
188.103,5.31624,34.8259,0,98,75,76,2474,1000,5.58417,271,8.35761,0.000102997,0,4456,48321139577
167.695,5.9632,34.8259,0,98,75,76,2474,1000,5.58417,271,8.35761,0.000102997,0,4456,48425219282
172.794,5.78724,34.8259,0,98,75,76,2474,1000,5.58417,271,8.35761,0.000102997,0,4456,48529705609
226.066,4.42348,34.8259,0,98,75,76,2474,1000,5.58417,271,8.35761,0.000102997,0,4456,48633802096
192.654,5.19066,34.5523,0,99,75,76,2474,1000,5.57324,271,8.36488,0.000102997,0,4466,48737883724
185.75,5.38358,34.5523,0,99,75,76,2474,1000,5.57324,271,8.36488,0.000102997,0,4466,48841967256
170.071,5.87989,34.5523,0,99,75,76,2474,1000,5.57324,271,8.36488,0.000102997,0,4466,48946264949
166.122,6.01966,34.5523,0,99,75,76,2474,1000,5.57324,271,8.36488,0.000102997,0,4466,49050348912
189.752,5.27003,34.5523,0,99,75,76,2474,1000,5.57324,271,8.36488,0.000102997,0,4466,49154435059
182.792,5.4707,35.4193,0,98,75,76,2463,1000,5.57957,271,8.38273,0.000102997,0,4440,49259067370
180.799,5.531,35.4193,0,98,75,76,2463,1000,5.57957,271,8.38273,0.000102997,0,4440,49363162033
185.035,5.40439,35.4193,0,98,75,76,2463,1000,5.57957,271,8.38273,0.000102997,0,4440,49467238692
166.999,5.98808,35.4193,0,98,75,76,2463,1000,5.57957,271,8.38273,0.000102997,0,4440,49571322594
145.03,6.89511,34.3711,0,98,75,76,2465,1000,5.58055,271,8.38754,0.000102997,0,4466,49675401758
285.485,3.50282,34.3711,0,98,75,76,2465,1000,5.58055,271,8.38754,0.000102997,0,4466,49779482815
181.325,5.51495,34.3711,0,98,75,76,2465,1000,5.58055,271,8.38754,0.000102997,0,4466,49883579522
184.464,5.42111,34.3711,0,98,75,76,2465,1000,5.58055,271,8.38754,0.000102997,0,4466,49987667703
178.189,5.61203,34.3711,0,98,75,76,2465,1000,5.58055,271,8.38754,0.000102997,0,4466,50091760502
181.098,5.52188,35.9848,0,98,75,76,2465,1000,5.57222,271,8.41327,0.000102997,0,4467,50195843403
183.472,5.45042,35.9848,0,98,75,76,2465,1000,5.57222,271,8.41327,0.000102997,0,4467,50299929600
176.824,5.65535,35.9848,0,98,75,76,2465,1000,5.57222,271,8.41327,0.000102997,0,4467,50404015967
177.452,5.63531,35.9848,0,98,75,76,2465,1000,5.57222,271,8.41327,0.000102997,0,4467,50508101292
186.013,5.37597,35.9848,0,98,75,76,2465,1000,5.57222,271,8.41327,0.000102997,0,4467,50612181719
186.462,5.36303,34.9938,0,98,75,76,2459,1000,5.57957,271,8.41577,0.000102997,0,4446,50716589789
185.38,5.39433,34.9938,0,98,75,76,2459,1000,5.57957,271,8.41577,0.000102997,0,4446,50820679232
180.551,5.5386,34.9938,0,98,75,76,2459,1000,5.57957,271,8.41577,0.000102997,0,4446,50924736034
171.233,5.83998,34.9938,0,98,75,76,2459,1000,5.57957,271,8.41577,0.000102997,0,4446,51028819526
171.32,5.83701,34.9938,0,98,75,76,2459,1000,5.57957,271,8.41577,0.000102997,0,4446,51132898850
178.092,5.61509,33.4988,0,99,75,76,2459,1000,5.57957,271,8.41577,0.000102997,0,4446,51237202775
185.024,5.40471,33.4988,0,99,75,76,2459,1000,5.57957,271,8.41577,0.000102997,0,4446,51341293911
187.113,5.34436,33.4988,0,99,75,76,2459,1000,5.57957,271,8.41577,0.000102997,0,4446,51445372394
172.088,5.81099,33.4988,0,99,75,76,2459,1000,5.57957,271,8.41577,0.000102997,0,4446,51549697008
179.194,5.58053,33.4988,0,99,75,76,2459,1000,5.57957,271,8.41577,0.000102997,0,4446,51653787523
188.098,5.31638,33.4596,0,99,75,76,2459,1000,5.57957,271,8.41705,0.000102997,0,4461,51757874631
170.62,5.86097,33.4596,0,99,75,76,2459,1000,5.57957,271,8.41705,0.000102997,0,4461,51861955138
157.617,6.3445,33.4596,0,99,75,76,2459,1000,5.57957,271,8.41705,0.000102997,0,4461,51966032979
231.719,4.31558,33.4596,0,99,75,76,2459,1000,5.57957,271,8.41705,0.000102997,0,4461,52070112764
203.85,4.90557,33.4596,0,99,75,76,2459,1000,5.57957,271,8.41705,0.000102997,0,4461,52174320499
226.251,4.41987,33.5435,0,98,75,76,2454,1000,5.57222,271,8.4175,0.000102997,0,4456,52278455176
214.473,4.6626,33.5435,0,98,75,76,2454,1000,5.57222,271,8.4175,0.000102997,0,4456,52382532056
168.719,5.927,33.5435,0,98,75,76,2454,1000,5.57222,271,8.4175,0.000102997,0,4456,52486640805
150.177,6.65882,33.5435,0,98,75,76,2454,1000,5.57222,271,8.4175,0.000102997,0,4456,52591550035
176.076,5.67936,34.2105,0,99,75,76,2449,1000,5.57222,271,8.43173,0.000102997,0,4462,52695691225
188.774,5.29734,34.2105,0,99,75,76,2449,1000,5.57222,271,8.43173,0.000102997,0,4462,52799774437
204.368,4.89314,34.2105,0,99,75,76,2449,1000,5.57222,271,8.43173,0.000102997,0,4462,52903873959
173.531,5.76266,34.2105,0,99,75,76,2449,1000,5.57222,271,8.43173,0.000102997,0,4462,53007950828
177.869,5.62211,34.2105,0,99,75,76,2449,1000,5.57222,271,8.43173,0.000102997,0,4462,53112145759
195.463,5.11605,32.9975,0,98,75,76,2452,1000,5.57222,271,8.43147,0.000102997,0,4466,53216224181
169.885,5.88633,32.9975,0,98,75,76,2452,1000,5.57222,271,8.43147,0.000102997,0,4466,53320303445
158.281,6.31789,32.9975,0,98,75,76,2452,1000,5.57222,271,8.43147,0.000102997,0,4466,53424386957
194.161,5.15036,32.9975,0,98,75,76,2452,1000,5.57222,271,8.43147,0.000102997,0,4466,53528482011
162.307,6.16116,32.9975,0,98,75,76,2452,1000,5.57222,271,8.43147,0.000102997,0,4466,53632609976
166.28,6.01395,33.7922,0,99,75,76,2444,1000,5.57222,271,8.42971,0.000102997,0,4466,53736667088
238.975,4.18455,33.7922,0,99,75,76,2444,1000,5.57222,271,8.42971,0.000102997,0,4466,53840986653
146.773,6.81326,33.7922,0,99,75,76,2444,1000,5.57222,271,8.42971,0.000102997,0,4466,53945123244
158.862,6.29476,33.7922,0,99,75,76,2444,1000,5.57222,271,8.42971,0.000102997,0,4466,54049220592
161.136,6.20596,33.7922,0,99,75,76,2444,1000,5.57222,271,8.42971,0.000102997,0,4466,54153372763
170.375,5.8694,32.795,0,99,74,76,2457,1000,5.57957,271,8.42225,0.000102997,0,4466,54257455032
158.817,6.29657,32.795,0,99,74,76,2457,1000,5.57957,271,8.42225,0.000102997,0,4466,54361558582
156.133,6.40478,32.795,0,99,74,76,2457,1000,5.57957,271,8.42225,0.000102997,0,4466,54465618600
178.384,5.60587,32.795,0,99,74,76,2457,1000,5.57957,271,8.42225,0.000102997,0,4466,54569745152
201.947,4.95178,32.795,0,99,74,76,2457,1000,5.57957,271,8.42225,0.000102997,0,4466,54673834335
152.808,6.54416,32.0755,0,99,74,76,2455,1000,5.57957,271,8.42387,0.000102997,0,4468,54778196619
167.91,5.95556,32.0755,0,99,74,76,2455,1000,5.57957,271,8.42387,0.000102997,0,4468,54882278779
156.508,6.38943,32.0755,0,99,74,76,2455,1000,5.57957,271,8.42387,0.000102997,0,4468,54986441319
172.377,5.80123,32.0755,0,99,74,76,2455,1000,5.57957,271,8.42387,0.000102997,0,4468,55090543466
188.361,5.30896,32.0755,0,99,74,76,2455,1000,5.57957,271,8.42387,0.000102997,0,4468,55194625655
181.261,5.51691,35.4919,0,99,74,76,2447,1000,5.56036,271,8.39667,0.000102997,0,4445,55298716962
192.873,5.18476,35.4919,0,99,74,76,2447,1000,5.56036,271,8.39667,0.000102997,0,4445,55403345005
203.978,4.90248,35.4919,0,99,74,76,2447,1000,5.56036,271,8.39667,0.000102997,0,4445,55507431803
173.461,5.765,35.4919,0,99,74,76,2447,1000,5.56036,271,8.39667,0.000102997,0,4445,55611557343
194.908,5.13062,37.2796,0,98,74,76,2443,1000,5.55301,271,8.3843,0.000102997,0,4457,55715644462
176.514,5.66527,37.2796,0,98,74,76,2443,1000,5.55301,271,8.3843,0.000102997,0,4457,55819727212
208.541,4.79523,37.2796,0,98,74,76,2443,1000,5.55301,271,8.3843,0.000102997,0,4457,55923804883
214.747,4.65664,37.2796,0,98,74,76,2443,1000,5.55301,271,8.3843,0.000102997,0,4457,56027898524
189.246,5.28412,37.2796,0,98,74,76,2443,1000,5.55301,271,8.3843,0.000102997,0,4457,56131982898
168.4,5.93823,39.0762,0,99,74,76,2447,1000,5.55375,271,8.38723,0.000102997,0,4460,56236542532
187.221,5.34128,39.0762,0,99,74,76,2447,1000,5.55375,271,8.38723,0.000102997,0,4460,56340632677
168.219,5.94465,39.0762,0,99,74,76,2447,1000,5.55375,271,8.38723,0.000102997,0,4460,56444753078
170.373,5.86947,39.0762,0,99,74,76,2447,1000,5.55375,271,8.38723,0.000102997,0,4460,56548833644
202.704,4.9333,39.0762,0,99,74,76,2447,1000,5.55375,271,8.38723,0.000102997,0,4460,56652913199
185.244,5.39827,41.3233,0,98,74,76,2463,1000,5.55301,271,8.39965,0.000102997,0,4450,56757357086
184.194,5.42907,41.3233,0,98,74,76,2463,1000,5.55301,271,8.39965,0.000102997,0,4450,56861437753
197.878,5.05362,41.3233,0,98,74,76,2463,1000,5.55301,271,8.39965,0.000102997,0,4450,56965520113
184.647,5.41574,41.3233,0,98,74,76,2463,1000,5.55301,271,8.39965,0.000102997,0,4450,57069598715
180.091,5.55275,41.3233,0,98,74,76,2463,1000,5.55301,271,8.39965,0.000102997,0,4450,57173688439
212.4,4.7081,40.2242,0,98,74,76,2463,1000,5.55301,271,8.39886,0.000102997,0,4443,57277770117
161.887,6.17715,40.2242,0,98,74,76,2463,1000,5.55301,271,8.39886,0.000102997,0,4443,57381858869
207.237,4.82539,40.2242,0,98,74,76,2463,1000,5.55301,271,8.39886,0.000102997,0,4443,57485945697
182.689,5.47377,40.2242,0,98,74,76,2463,1000,5.55301,271,8.39886,0.000102997,0,4443,57590634444
163.124,6.13031,40.2242,0,98,74,76,2463,1000,5.55301,271,8.39886,0.000102997,0,4443,57694719789
174.729,5.72314,42.25,0,98,74,76,2452,1000,5.55301,271,8.40778,0.000102997,0,4419,57798789756
129.337,7.73176,42.25,0,98,74,76,2452,1000,5.55301,271,8.40778,0.000102997,0,4419,57902857628
202.284,4.94355,42.25,0,98,74,76,2452,1000,5.55301,271,8.40778,0.000102997,0,4419,58006946410
173.47,5.76468,42.25,0,98,74,76,2452,1000,5.55301,271,8.40778,0.000102997,0,4419,58111032657
104.697,9.55136,42.25,0,98,74,76,2452,1000,5.55301,271,8.40778,0.000102997,0,4419,58215613351
181.547,5.50822,42.9455,0,98,74,76,2463,1000,5.55301,271,8.44275,0.000102997,0,4439,58319700911
71.1087,14.063,42.9455,0,98,74,76,2463,1000,5.55301,271,8.44275,0.000102997,0,4439,58423803799
78.4262,12.7508,42.9455,0,98,74,76,2463,1000,5.55301,271,8.44275,0.000102997,0,4439,58529752428
74.0675,13.5012,42.9455,0,98,74,76,2463,1000,5.55301,271,8.44275,0.000102997,0,4439,58633860506
82.3414,12.1446,42.9455,0,98,74,76,2463,1000,5.55301,271,8.44275,0.000102997,0,4439,58737963554
85.1375,11.7457,44.1032,0,95,75,76,1833,1000,5.55301,266,8.49068,0.000102997,0,4466,58842047758
75.7577,13.2,44.1032,0,95,75,76,1833,1000,5.55301,266,8.49068,0.000102997,0,4466,58946135137
75.7577,13.2,44.1032,0,95,75,76,1833,1000,5.55301,266,8.49068,0.000102997,0,4466,59050215453
75.7577,13.2,44.1032,0,95,75,76,1833,1000,5.55301,266,8.49068,0.000102997,0,4466,59154288655
42.3273,23.6254,27.5649,0,66,76,73,1154,1000,5.55375,131,8.51161,0.000102997,0,4516,59258371506
56.7045,17.6353,27.5649,0,66,76,73,1154,1000,5.55375,131,8.51161,0.000102997,0,4516,59362543574
74.1152,13.4925,27.5649,0,66,76,73,1154,1000,5.55375,131,8.51161,0.000102997,0,4516,59466720511
79.1521,12.6339,27.5649,0,66,76,73,1154,1000,5.55375,131,8.51161,0.000102997,0,4516,59570823810
99.5449,10.0457,27.5649,0,66,76,73,1154,1000,5.55375,131,8.51161,0.000102997,0,4516,59674977263
137.411,7.27741,49.1272,0,26,76,71,1433,1000,5.57223,69,8.59798,0.000102997,0,4441,59779061276
206.654,4.839,49.1272,0,26,76,71,1433,1000,5.57223,69,8.59798,0.000102997,0,4441,59883143816
171.11,5.8442,49.1272,0,26,76,71,1433,1000,5.57223,69,8.59798,0.000102997,0,4441,59987186772
156.967,6.37077,49.1272,0,26,76,71,1433,1000,5.57223,69,8.59798,0.000102997,0,4441,60091268921
158.662,6.3027,49.1272,0,26,76,71,1433,1000,5.57223,69,8.59798,0.000102997,0,4441,60195534955
160.281,6.23905,38.2134,0,90,75,73,2428,1000,5.57223,192,8.58954,0.000102997,0,4442,60299591627
139.067,7.19076,38.2134,0,90,75,73,2428,1000,5.57223,192,8.58954,0.000102997,0,4442,60403670971
141.743,7.05502,38.2134,0,90,75,73,2428,1000,5.57223,192,8.58954,0.000102997,0,4442,60507718746
163.299,6.12374,38.2134,0,90,75,73,2428,1000,5.57223,192,8.58954,0.000102997,0,4442,60611805845
145.354,6.87976,38.2134,0,90,75,73,2428,1000,5.57223,192,8.58954,0.000102997,0,4442,60715894777
156.12,6.40533,37.4378,0,99,75,75,2422,1000,5.57223,271,8.59919,0.000102997,0,4443,60819985442
156.824,6.37657,37.4378,0,99,75,75,2422,1000,5.57223,271,8.59919,0.000102997,0,4443,60924066990
156.602,6.38563,37.4378,0,99,75,75,2422,1000,5.57223,271,8.59919,0.000102997,0,4443,61028153698
153.03,6.53466,37.4378,0,99,75,75,2422,1000,5.57223,271,8.59919,0.000102997,0,4443,61132232291
99.2466,10.0759,37.4378,0,99,75,75,2422,1000,5.57223,271,8.59919,0.000102997,0,4443,61236316514
175.19,5.70809,39.7756,0,98,75,76,2420,1000,5.57223,271,8.64484,0.000102997,0,4462,61340429421
162.695,6.14647,39.7756,0,98,75,76,2420,1000,5.57223,271,8.64484,0.000102997,0,4462,61444588264
167.194,5.98108,39.7756,0,98,75,76,2420,1000,5.57223,271,8.64484,0.000102997,0,4462,61548670333
160.926,6.21402,39.7756,0,98,75,76,2420,1000,5.57223,271,8.64484,0.000102997,0,4462,61652756881
189.584,5.27471,39.7756,0,98,75,76,2420,1000,5.57223,271,8.64484,0.000102997,0,4462,61756809114
169.451,5.90141,41.9355,0,94,75,75,2466,1000,5.82223,250,8.62101,0.000102997,0,4441,61860979960
171.427,5.83338,41.9355,0,94,75,75,2466,1000,5.82223,250,8.62101,0.000102997,0,4441,61965066307
171.761,5.82203,41.9355,0,94,75,75,2466,1000,5.82223,250,8.62101,0.000102997,0,4441,62069155209
164.314,6.0859,41.9355,0,94,75,75,2466,1000,5.82223,250,8.62101,0.000102997,0,4441,62173251285
151.257,6.61127,41.2129,0,94,75,75,2466,1000,5.82223,250,8.62205,0.000102997,0,4441,62277506979
171.674,5.825,41.2129,0,94,75,75,2466,1000,5.82223,250,8.62205,0.000102997,0,4441,62381578268
176.834,5.65502,41.2129,0,94,75,75,2466,1000,5.82223,250,8.62205,0.000102997,0,4441,62485660758
157.75,6.33913,41.2129,0,94,75,75,2466,1000,5.82223,250,8.62205,0.000102997,0,4441,62590233608
240.427,4.15927,41.2129,0,94,75,75,2466,1000,5.82223,250,8.62205,0.000102997,0,4441,62694319905
170.886,5.85187,40.7862,0,99,75,76,2469,1000,5.82958,271,8.57784,0.000102997,0,4441,62798516649
162.369,6.15883,40.7862,0,99,75,76,2469,1000,5.82958,271,8.57784,0.000102997,0,4441,62902572329
157.794,6.33737,40.7862,0,99,75,76,2469,1000,5.82958,271,8.57784,0.000102997,0,4441,63006756259
169.134,5.91248,40.7862,0,99,75,76,2469,1000,5.82958,271,8.57784,0.000102997,0,4441,63110840633
163.979,6.09834,40.7862,0,99,75,76,2469,1000,5.82958,271,8.57784,0.000102997,0,4441,63214931188
173.244,5.77221,40.2743,0,98,75,76,2471,1000,5.82958,271,8.57735,0.000102997,0,4434,63319018978
164.022,6.09675,40.2743,0,98,75,76,2471,1000,5.82958,271,8.57735,0.000102997,0,4434,63423570367
175.609,5.69447,40.2743,0,98,75,76,2471,1000,5.82958,271,8.57735,0.000102997,0,4434,63527659740
170.43,5.86751,40.2743,0,98,75,76,2471,1000,5.82958,271,8.57735,0.000102997,0,4434,63631741418
170.286,5.87246,40.2743,0,98,75,76,2471,1000,5.82958,271,8.57735,0.000102997,0,4434,63736187189
148.734,6.72343,40.2484,0,98,75,76,2464,1000,5.82223,271,8.57698,0.000102997,0,4441,63840273166
151.903,6.58316,40.2484,0,98,75,76,2464,1000,5.82223,271,8.57698,0.000102997,0,4441,63944524563
178.818,5.59227,40.2484,0,98,75,76,2464,1000,5.82223,271,8.57698,0.000102997,0,4441,64048566186
174.2,5.74054,40.2484,0,98,75,76,2464,1000,5.82223,271,8.57698,0.000102997,0,4441,64152654036
200.735,4.98169,40.2484,0,98,75,76,2464,1000,5.82223,271,8.57698,0.000102997,0,4441,64256753668
174.712,5.72369,39.3173,0,99,75,76,2466,1000,5.82223,271,8.57407,0.000102997,0,4464,64360836950
165.472,6.04333,39.3173,0,99,75,76,2466,1000,5.82223,271,8.57407,0.000102997,0,4464,64464921884
150.633,6.63864,39.3173,0,99,75,76,2466,1000,5.82223,271,8.57407,0.000102997,0,4464,64569294719
151.278,6.61033,39.3173,0,99,75,76,2466,1000,5.82223,271,8.57407,0.000102997,0,4464,64673373832
148.36,6.74038,39.3173,0,99,75,76,2466,1000,5.82223,271,8.57407,0.000102997,0,4464,64777434942
151.845,6.58565,37.1747,0,98,75,76,2470,1000,5.82958,271,8.56387,0.000102997,0,4443,64881560192
163.307,6.12343,37.1747,0,98,75,76,2470,1000,5.82958,271,8.56387,0.000102997,0,4443,64985652210
158.128,6.32398,37.1747,0,98,75,76,2470,1000,5.82958,271,8.56387,0.000102997,0,4443,65089739469
161.155,6.20519,37.1747,0,98,75,76,2470,1000,5.82958,271,8.56387,0.000102997,0,4443,65193816779
163.288,6.12416,34.7342,0,99,75,76,2467,1000,5.82958,271,8.54068,0.000102997,0,4450,65297895843
163.796,6.10516,34.7342,0,99,75,76,2467,1000,5.82958,271,8.54068,0.000102997,0,4450,65401975367
170.889,5.85175,34.7342,0,99,75,76,2467,1000,5.82958,271,8.54068,0.000102997,0,4450,65506053509
178.723,5.59525,34.7342,0,99,75,76,2467,1000,5.82958,271,8.54068,0.000102997,0,4450,65610135318
163.923,6.10042,34.7342,0,99,75,76,2467,1000,5.82958,271,8.54068,0.000102997,0,4450,65714219852
217.283,4.6023,34.7342,0,99,75,76,2469,1000,5.82958,271,8.53259,0.000102997,0,4463,65818300358
153.903,6.4976,34.7342,0,99,75,76,2469,1000,5.82958,271,8.53259,0.000102997,0,4463,65922526377
168.994,5.91737,34.7342,0,99,75,76,2469,1000,5.82958,271,8.53259,0.000102997,0,4463,66026611953
122.73,8.14798,34.7342,0,99,75,76,2469,1000,5.82958,271,8.53259,0.000102997,0,4463,66130676469
241.034,4.14879,34.7342,0,99,75,76,2469,1000,5.82958,271,8.53259,0.000102997,0,4463,66234772174
232.178,4.30704,35.5198,0,98,75,76,2475,1000,5.82223,271,8.52969,0.000102997,0,4441,66338852340
240.407,4.15962,35.5198,0,98,75,76,2475,1000,5.82223,271,8.52969,0.000102997,0,4441,66443371358
214.477,4.6625,35.5198,0,98,75,76,2475,1000,5.82223,271,8.52969,0.000102997,0,4441,66547457796
222.254,4.49936,35.5198,0,98,75,76,2475,1000,5.82223,271,8.52969,0.000102997,0,4441,66651543221
185.994,5.37651,35.5198,0,98,75,76,2475,1000,5.82223,271,8.52969,0.000102997,0,4441,66755923199
205.16,4.87425,39.4737,0,97,75,76,2465,1000,5.83453,271,8.56403,0.000102997,0,4441,66860010868
256.441,3.89953,39.4737,0,97,75,76,2465,1000,5.83453,271,8.56403,0.000102997,0,4441,66964101764
189.68,5.27203,39.4737,0,97,75,76,2465,1000,5.83453,271,8.56403,0.000102997,0,4441,67068188232
240.264,4.16209,39.4737,0,97,75,76,2465,1000,5.83453,271,8.56403,0.000102997,0,4441,67172272956
200.961,4.9761,39.4737,0,97,75,76,2465,1000,5.83453,271,8.56403,0.000102997,0,4441,67276371706
189.99,5.26343,36.9077,0,98,75,76,2461,1000,5.83453,271,8.56426,0.000102997,0,4426,67380454547
195.23,5.12216,36.9077,0,98,75,76,2461,1000,5.83453,271,8.56426,0.000102997,0,4426,67484542197
163.223,6.12658,36.9077,0,98,75,76,2461,1000,5.83453,271,8.56426,0.000102997,0,4426,67588649263
185.942,5.37802,36.9077,0,98,75,76,2461,1000,5.83453,271,8.56426,0.000102997,0,4426,67693011718
203.066,4.92451,36.9077,0,98,75,76,2461,1000,5.83453,271,8.56426,0.000102997,0,4426,67797095580
184.83,5.41036,36.2391,0,98,75,76,2461,1000,5.83453,271,8.56456,0.000102997,0,4441,67901192247
231.991,4.31051,36.2391,0,98,75,76,2461,1000,5.83453,271,8.56456,0.000102997,0,4441,68005297620
194.249,5.14804,36.2391,0,98,75,76,2461,1000,5.83453,271,8.56456,0.000102997,0,4441,68109388696
206.68,4.83839,36.2391,0,98,75,76,2461,1000,5.83453,271,8.56456,0.000102997,0,4441,68213477277
192.355,5.19873,36.783,0,98,75,76,2459,1000,5.83453,271,8.56435,0.000102997,0,4441,68317527557
167.617,5.96596,36.783,0,98,75,76,2459,1000,5.83453,271,8.56435,0.000102997,0,4441,68421615808
166.533,6.00481,36.783,0,98,75,76,2459,1000,5.83453,271,8.56435,0.000102997,0,4441,68525873146
168.679,5.92841,36.783,0,98,75,76,2459,1000,5.83453,271,8.56435,0.000102997,0,4441,68629982857
185.323,5.39599,36.783,0,98,75,76,2459,1000,5.83453,271,8.56435,0.000102997,0,4441,68734135989
198.701,5.03267,36.0902,0,98,75,76,2456,1000,5.82325,271,8.55523,0.000102997,0,4441,68838214492
181.678,5.50425,36.0902,0,98,75,76,2456,1000,5.82325,271,8.55523,0.000102997,0,4441,68942296200
176.189,5.67573,36.0902,0,98,75,76,2456,1000,5.82325,271,8.55523,0.000102997,0,4441,69046383599
213.676,4.67997,36.0902,0,98,75,76,2456,1000,5.82325,271,8.55523,0.000102997,0,4441,69150463334
254.283,3.93263,36.0902,0,98,75,76,2456,1000,5.82325,271,8.55523,0.000102997,0,4441,69254519805
215.697,4.63614,37.3585,0,99,75,76,2458,1000,5.82325,271,8.56089,0.000102997,0,4448,69358601604
171.663,5.82537,37.3585,0,99,75,76,2458,1000,5.82325,271,8.56089,0.000102997,0,4448,69462684244
301.774,3.31374,37.3585,0,99,75,76,2458,1000,5.82325,271,8.56089,0.000102997,0,4448,69566914712
184.279,5.42656,37.3585,0,99,75,76,2458,1000,5.82325,271,8.56089,0.000102997,0,4448,69670994807
207.542,4.8183,37.3585,0,99,75,76,2458,1000,5.82325,271,8.56089,0.000102997,0,4448,69775083940
243.906,4.09994,34.3358,0,98,75,76,2456,1000,5.82958,271,8.54251,0.000102997,0,4448,69879165758
207.391,4.8218,34.3358,0,98,75,76,2456,1000,5.82958,271,8.54251,0.000102997,0,4448,69983507034
205.75,4.86027,34.3358,0,98,75,76,2456,1000,5.82958,271,8.54251,0.000102997,0,4448,70087587810
187.907,5.32177,34.3358,0,98,75,76,2456,1000,5.82958,271,8.54251,0.000102997,0,4448,70191671433
203.28,4.91933,34.3358,0,98,75,76,2456,1000,5.82958,271,8.54251,0.000102997,0,4448,70295749224
209.781,4.76688,30.2648,0,99,75,76,2431,1000,5.82958,271,8.53508,0.000102997,0,4458,70399828728
196.683,5.08431,30.2648,0,99,75,76,2431,1000,5.82958,271,8.53508,0.000102997,0,4458,70503919944
177.581,5.63123,30.2648,0,99,75,76,2431,1000,5.82958,271,8.53508,0.000102997,0,4458,70609102687
193.591,5.16552,30.2648,0,99,75,76,2431,1000,5.82958,271,8.53508,0.000102997,0,4458,70713201899
204.257,4.89579,31.6646,0,99,75,76,2431,1000,5.82958,271,8.52074,0.000102997,0,4466,70817301210
182.384,5.48295,31.6646,0,99,75,76,2431,1000,5.82958,271,8.52074,0.000102997,0,4466,70921379552
191.764,5.21475,31.6646,0,99,75,76,2431,1000,5.82958,271,8.52074,0.000102997,0,4466,71025456642
193.703,5.16254,31.6646,0,99,75,76,2431,1000,5.82958,271,8.52074,0.000102997,0,4466,71129505519
209.208,4.77993,31.6646,0,99,75,76,2431,1000,5.82958,271,8.52074,0.000102997,0,4466,71233582359
215.929,4.63115,35.75,0,98,75,76,2444,1000,5.82958,270,8.53224,0.000102997,0,4442,71337694124
230.898,4.33091,35.75,0,98,75,76,2444,1000,5.82958,270,8.53224,0.000102997,0,4442,71441772356
216.548,4.61792,35.75,0,98,75,76,2444,1000,5.82958,270,8.53224,0.000102997,0,4442,71545849375
173.745,5.75555,35.75,0,98,75,76,2444,1000,5.82958,270,8.53224,0.000102997,0,4442,71649928289
111.389,8.97755,35.75,0,98,75,76,2444,1000,5.82958,270,8.53224,0.000102997,0,4442,71754007863
227.307,4.39934,35,0,98,75,76,2385,1000,5.82958,271,8.53635,0.000102997,0,4441,71858089882
260.821,3.83405,35,0,98,75,76,2385,1000,5.82958,271,8.53635,0.000102997,0,4441,71962180868
224.782,4.44875,35,0,98,75,76,2385,1000,5.82958,271,8.53635,0.000102997,0,4441,72066281923
228.294,4.38031,35,0,98,75,76,2385,1000,5.82958,271,8.53635,0.000102997,0,4441,72170362790
233.658,4.27975,35,0,98,75,76,2385,1000,5.82958,271,8.53635,0.000102997,0,4441,72274453055
206.722,4.83742,37.7972,0,96,75,76,2464,1000,5.82958,271,8.53638,0.000102997,0,4438,72378541386
241.315,4.14396,37.7972,0,96,75,76,2464,1000,5.82958,271,8.53638,0.000102997,0,4438,72482637461
246.563,4.05576,37.7972,0,96,75,76,2464,1000,5.82958,271,8.53638,0.000102997,0,4438,72586718128
225.045,4.44356,37.7972,0,96,75,76,2464,1000,5.82958,271,8.53638,0.000102997,0,4438,72690803814
262.435,3.81046,37.7972,0,96,75,76,2464,1000,5.82958,271,8.53638,0.000102997,0,4438,72794895270
241.396,4.14258,36.5,0,96,75,76,2464,1000,5.82958,271,8.53708,0.000102997,0,4439,72898974745
227.602,4.39364,36.5,0,96,75,76,2464,1000,5.82958,271,8.53708,0.000102997,0,4439,73003057966
250.923,3.98529,36.5,0,96,75,76,2464,1000,5.82958,271,8.53708,0.000102997,0,4439,73107142490
247.573,4.03921,36.5,0,96,75,76,2464,1000,5.82958,271,8.53708,0.000102997,0,4439,73211279662
229.739,4.35277,36.5,0,96,75,76,2464,1000,5.82958,271,8.53708,0.000102997,0,4439,73315379164
230.543,4.33758,36.0902,0,97,75,76,2465,1000,5.82958,271,8.53708,0.000102997,0,4423,73419485629
261.713,3.82097,36.0902,0,97,75,76,2465,1000,5.82958,271,8.53708,0.000102997,0,4423,73523568811
272.385,3.67127,36.0902,0,97,75,76,2465,1000,5.82958,271,8.53708,0.000102997,0,4423,73627643175
240.303,4.16141,36.0902,0,97,75,76,2465,1000,5.82958,271,8.53708,0.000102997,0,4423,73731723081
242.725,4.11988,36.7702,0,96,75,76,2400,1000,5.82958,271,8.52541,0.000102997,0,4441,73835803797
208.6,4.79386,36.7702,0,96,75,76,2400,1000,5.82958,271,8.52541,0.000102997,0,4441,73939881087
280.898,3.56001,36.7702,0,96,75,76,2400,1000,5.82958,271,8.52541,0.000102997,0,4441,74043964649
261.783,3.81995,36.7702,0,96,75,76,2400,1000,5.82958,271,8.52541,0.000102997,0,4441,74148059883
92.7018,10.7873,36.7702,0,96,75,76,2400,1000,5.82958,271,8.52541,0.000102997,0,4441,74252175065
240.974,4.14982,38.5,0,97,75,76,2458,1000,5.82958,271,8.57692,0.000102997,0,4442,74356294454
193.713,5.16229,38.5,0,97,75,76,2458,1000,5.82958,271,8.57692,0.000102997,0,4442,74460373748
183.635,5.44559,38.5,0,97,75,76,2458,1000,5.82958,271,8.57692,0.000102997,0,4442,74564471526
187.238,5.34078,38.5,0,97,75,76,2458,1000,5.82958,271,8.57692,0.000102997,0,4442,74668553445
168.306,5.94156,38.5,0,97,75,76,2458,1000,5.82958,271,8.57692,0.000102997,0,4442,74772636527
159.969,6.25122,34.3396,0,96,75,76,2441,1000,5.8213,257,8.50282,0.000102997,0,4441,74876724046
161.168,6.20472,34.3396,0,96,75,76,2441,1000,5.8213,257,8.50282,0.000102997,0,4441,74980808981
189.782,5.26921,34.3396,0,96,75,76,2441,1000,5.8213,257,8.50282,0.000102997,0,4441,75084897031
168.334,5.94059,34.3396,0,96,75,76,2441,1000,5.8213,257,8.50282,0.000102997,0,4441,75188977106
156.221,6.40118,34.3396,0,96,75,76,2441,1000,5.8213,257,8.50282,0.000102997,0,4441,75293065127
184.505,5.41992,34.1709,0,99,75,76,2441,1000,5.8213,271,8.46936,0.000102997,0,4441,75397150883
204.698,4.88524,34.1709,0,99,75,76,2441,1000,5.8213,271,8.46936,0.000102997,0,4441,75501237390
171.61,5.82717,34.1709,0,99,75,76,2441,1000,5.8213,271,8.46936,0.000102997,0,4441,75605387127
181.521,5.50902,34.1709,0,99,75,76,2441,1000,5.8213,271,8.46936,0.000102997,0,4441,75709454969
190.657,5.24503,34.1709,0,99,75,76,2441,1000,5.8213,271,8.46936,0.000102997,0,4441,75814139678
167.403,5.97362,33.2915,0,99,75,76,2441,1000,5.81394,271,8.46938,0.000102997,0,4441,75918217519
154.447,6.47473,33.2915,0,99,75,76,2441,1000,5.81394,271,8.46938,0.000102997,0,4441,76022301823
213.724,4.67892,33.2915,0,99,75,76,2441,1000,5.81394,271,8.46938,0.000102997,0,4441,76126386066
184.509,5.4198,33.2915,0,99,75,76,2441,1000,5.81394,271,8.46938,0.000102997,0,4441,76230511487
184.012,5.43443,33.2915,0,99,75,76,2441,1000,5.81394,271,8.46938,0.000102997,0,4441,76334601320
177.737,5.6263,32.3714,0,98,75,76,2438,1000,5.81394,271,8.4691,0.000102997,0,4441,76438730388
174.521,5.72995,32.3714,0,98,75,76,2438,1000,5.81394,271,8.4691,0.000102997,0,4441,76542811545
183.164,5.4596,32.3714,0,98,75,76,2438,1000,5.81394,271,8.4691,0.000102997,0,4441,76646910085
208.646,4.79281,32.3714,0,98,75,76,2438,1000,5.81394,271,8.4691,0.000102997,0,4441,76751677299
177.828,5.6234,34.0347,0,99,75,76,2443,1000,5.8213,272,8.47365,0.000102997,0,4441,76856291957
192.101,5.2056,34.0347,0,99,75,76,2443,1000,5.8213,272,8.47365,0.000102997,0,4441,76960371561
198.479,5.03832,34.0347,0,99,75,76,2443,1000,5.8213,272,8.47365,0.000102997,0,4441,77064444804
160.489,6.23095,34.0347,0,99,75,76,2443,1000,5.8213,272,8.47365,0.000102997,0,4441,77168552571
174.565,5.72852,34.0347,0,99,75,76,2443,1000,5.8213,272,8.47365,0.000102997,0,4441,77272632336
169.245,5.90861,33.3333,0,99,75,76,2446,1000,5.8213,271,8.45503,0.000102997,0,4430,77376712843
191.912,5.21073,33.3333,0,99,75,76,2446,1000,5.8213,271,8.45503,0.000102997,0,4430,77480792207
192.661,5.19046,33.3333,0,99,75,76,2446,1000,5.8213,271,8.45503,0.000102997,0,4430,77584871070
214.611,4.65959,33.3333,0,99,75,76,2446,1000,5.8213,271,8.45503,0.000102997,0,4430,77688943571
178.799,5.59286,33.3333,0,99,75,76,2446,1000,5.8213,271,8.45503,0.000102997,0,4430,77793022845
192.309,5.19996,32.4969,0,99,75,76,2446,1000,5.8213,271,8.45381,0.000102997,0,4450,77897163254
184.87,5.4092,32.4969,0,99,75,76,2446,1000,5.8213,271,8.45381,0.000102997,0,4450,78001252316
179.74,5.5636,32.4969,0,99,75,76,2446,1000,5.8213,271,8.45381,0.000102997,0,4450,78105338273
176.245,5.67392,32.4969,0,99,75,76,2446,1000,5.8213,271,8.45381,0.000102997,0,4450,78209464925
179.785,5.56219,32.4969,0,99,75,76,2446,1000,5.8213,271,8.45381,0.000102997,0,4450,78313544590
161.511,6.19153,32.7456,0,98,75,76,2428,1000,5.81394,271,8.45749,0.000102997,0,4466,78418179506
232.04,4.3096,32.7456,0,98,75,76,2428,1000,5.81394,271,8.45749,0.000102997,0,4466,78522258740
161.705,6.1841,32.7456,0,98,75,76,2428,1000,5.81394,271,8.45749,0.000102997,0,4466,78626343093
227.135,4.40266,32.7456,0,98,75,76,2428,1000,5.81394,271,8.45749,0.000102997,0,4466,78730448476
177.539,5.63257,32.7456,0,98,75,76,2428,1000,5.81394,271,8.45749,0.000102997,0,4466,78835000587
171.446,5.83275,32.6658,0,98,75,76,2429,1000,5.8213,271,8.46196,0.000102997,0,4458,78939103044
167.728,5.96202,32.6658,0,98,75,76,2429,1000,5.8213,271,8.46196,0.000102997,0,4458,79043180705
195.392,5.11792,32.6658,0,98,75,76,2429,1000,5.8213,271,8.46196,0.000102997,0,4458,79147357622
194.321,5.14612,32.6658,0,98,75,76,2429,1000,5.8213,271,8.46196,0.000102997,0,4458,79251455311
179.091,5.58377,32.6658,0,98,75,76,2429,1000,5.8213,271,8.46196,0.000102997,0,4458,79355533372
218.486,4.57695,32.625,0,98,75,76,2427,1000,5.8213,271,8.46482,0.000102997,0,4465,79459615381
199.121,5.02208,32.625,0,98,75,76,2427,1000,5.8213,271,8.46482,0.000102997,0,4465,79563693944
230.846,4.33189,32.625,0,98,75,76,2427,1000,5.8213,271,8.46482,0.000102997,0,4465,79667772026
195.635,5.11155,32.625,0,98,75,76,2427,1000,5.8213,271,8.46482,0.000102997,0,4465,79771849276
170.917,5.85081,33.0836,0,98,75,76,2424,1000,5.8213,271,8.45898,0.000102997,0,4742,79875930203
177.87,5.62209,33.0836,0,98,75,76,2424,1000,5.8213,271,8.45898,0.000102997,0,4742,79980011621
205.132,4.87492,33.0836,0,98,75,76,2424,1000,5.8213,271,8.45898,0.000102997,0,4742,80084281813
182.701,5.47342,33.0836,0,98,75,76,2424,1000,5.8213,271,8.45898,0.000102997,0,4742,80188368801
180.243,5.54806,33.0836,0,98,75,76,2424,1000,5.8213,271,8.45898,0.000102997,0,4742,80292422918
214.426,4.6636,39.6015,0,98,76,76,2466,1000,5.81492,271,8.52158,0.000102997,0,4441,80396504577
238.488,4.19309,39.6015,0,98,76,76,2466,1000,5.81492,271,8.52158,0.000102997,0,4441,80500640958
250.936,3.98508,39.6015,0,98,76,76,2466,1000,5.81492,271,8.52158,0.000102997,0,4441,80604719610
201.423,4.96468,39.6015,0,98,76,76,2466,1000,5.81492,271,8.52158,0.000102997,0,4441,80708800197
204.287,4.89508,39.6015,0,98,76,76,2466,1000,5.81492,271,8.52158,0.000102997,0,4441,80812881164
181.506,5.50946,43.3208,0,98,78,76,2474,1000,5.82624,271,8.63997,0.000102997,0,4441,80917271381
102.437,9.76214,43.3208,0,98,78,76,2474,1000,5.82624,271,8.63997,0.000102997,0,4441,81021359812
211.587,4.72618,43.3208,0,98,78,76,2474,1000,5.82624,271,8.63997,0.000102997,0,4441,81125526750
191.581,5.21973,43.3208,0,98,78,76,2474,1000,5.82624,271,8.63997,0.000102997,0,4441,81229607467
141.44,7.07016,43.3208,0,98,78,76,2474,1000,5.82624,271,8.63997,0.000102997,0,4441,81333696950
191.852,5.21235,44.3609,0,98,80,76,2460,1000,5.82624,271,8.84222,0.000102997,0,4409,81437931666
196.413,5.09131,44.3609,0,98,80,76,2460,1000,5.82624,271,8.84222,0.000102997,0,4409,81542041226
197.082,5.07403,44.3609,0,98,80,76,2460,1000,5.82624,271,8.84222,0.000102997,0,4409,81646126862
189.551,5.27563,44.3609,0,98,80,76,2460,1000,5.82624,271,8.84222,0.000102997,0,4409,81750220954
169.969,5.88342,44.3609,0,98,80,76,2460,1000,5.82624,271,8.84222,0.000102997,0,4409,81854309435
160.269,6.23953,38.5378,0,97,80,76,2504,1000,5.81889,268,8.93472,0.000102997,0,4442,81958406242
176.19,5.67569,38.5378,0,97,80,76,2504,1000,5.81889,268,8.93472,0.000102997,0,4442,82062484574
195.022,5.12762,38.5378,0,97,80,76,2504,1000,5.81889,268,8.93472,0.000102997,0,4442,82166562957
196.222,5.09626,38.5378,0,97,80,76,2504,1000,5.81889,268,8.93472,0.000102997,0,4442,82270651799
178.462,5.60343,38.5378,0,97,80,76,2504,1000,5.81889,268,8.93472,0.000102997,0,4442,82374730722
194.62,5.13822,31.0302,0,98,80,76,2435,1000,5.81889,271,8.93518,0.000102997,0,4454,82478810206
32.5851,30.6889,31.0302,0,98,80,76,2435,1000,5.81889,271,8.93518,0.000102997,0,4454,82582888438
210.079,4.76012,31.0302,0,98,80,76,2435,1000,5.81889,271,8.93518,0.000102997,0,4454,82686967762
165.598,6.03872,31.0302,0,98,80,76,2435,1000,5.81889,271,8.93518,0.000102997,0,4454,82791063447
165.602,6.03859,32.3821,0,96,80,76,2448,1000,5.82232,262,8.8818,0.000102997,0,4455,82895127052
164.196,6.09027,32.3821,0,96,80,76,2448,1000,5.82232,262,8.8818,0.000102997,0,4455,82999180597
171.61,5.82716,32.3821,0,96,80,76,2448,1000,5.82232,262,8.8818,0.000102997,0,4455,83103259551
198.048,5.04929,32.3821,0,96,80,76,2448,1000,5.82232,262,8.8818,0.000102997,0,4455,83207338083
216.441,4.6202,32.3821,0,96,80,76,2448,1000,5.82232,262,8.8818,0.000102997,0,4455,83311396378
189.85,5.26731,34.0452,0,96,80,76,2448,1000,5.82232,262,8.84153,0.000102997,0,4441,83415474380
104.554,9.56447,34.0452,0,96,80,76,2448,1000,5.82232,262,8.84153,0.000102997,0,4441,83519553333
184.121,5.43122,34.0452,0,96,80,76,2448,1000,5.82232,262,8.84153,0.000102997,0,4441,83623651522
201.002,4.97507,34.0452,0,96,80,76,2448,1000,5.82232,262,8.84153,0.000102997,0,4441,83727785208
154.631,6.46702,34.0452,0,96,80,76,2448,1000,5.82232,262,8.84153,0.000102997,0,4441,83831862729
174.273,5.73814,33.4994,0,98,79,76,2446,1000,5.81139,271,8.84016,0.000102997,0,4441,83935943636
200.56,4.98604,33.4994,0,98,79,76,2446,1000,5.81139,271,8.84016,0.000102997,0,4441,84040901748
177.219,5.64274,33.4994,0,98,79,76,2446,1000,5.81139,271,8.84016,0.000102997,0,4441,84144984899
196.726,5.08322,33.4994,0,98,79,76,2446,1000,5.81139,271,8.84016,0.000102997,0,4441,84249072448
187.181,5.34244,33.4994,0,98,79,76,2446,1000,5.81139,271,8.84016,0.000102997,0,4441,84353185746
190.726,5.24311,36.125,0,99,79,76,2443,1000,5.80404,271,8.5479,0.000102997,0,4441,84457274618
212.675,4.702,36.125,0,99,79,76,2443,1000,5.80404,271,8.5479,0.000102997,0,4441,84561384179
199.965,5.00089,36.125,0,99,79,76,2443,1000,5.80404,271,8.5479,0.000102997,0,4441,84665468082
183.497,5.44968,36.125,0,99,79,76,2443,1000,5.80404,271,8.5479,0.000102997,0,4441,84769607949
175.989,5.68216,36.125,0,99,79,76,2443,1000,5.80404,271,8.5479,0.000102997,0,4441,84874032430
179.776,5.56247,35.3674,0,99,79,76,2446,1000,5.81139,271,8.55725,0.000102997,0,4441,84978119980
180.263,5.54746,35.3674,0,99,79,76,2446,1000,5.81139,271,8.55725,0.000102997,0,4441,85082209874
169.033,5.91602,35.3674,0,99,79,76,2446,1000,5.81139,271,8.55725,0.000102997,0,4441,85186377664
219.145,4.5632,35.3674,0,99,79,76,2446,1000,5.81139,271,8.55725,0.000102997,0,4441,85290459001
80.2671,12.4584,35.3674,0,99,79,76,2446,1000,5.81139,271,8.55725,0.000102997,0,4441,85394549667
172.412,5.80006,41.9355,0,99,79,76,2444,1000,5.81139,271,8.55814,0.000102997,0,4439,85498793109
185.22,5.39898,41.9355,0,99,79,76,2444,1000,5.81139,271,8.55814,0.000102997,0,4439,85603112934
208.422,4.79797,41.9355,0,99,79,76,2444,1000,5.81139,271,8.55814,0.000102997,0,4439,85707198990
181.27,5.51662,41.9355,0,99,79,76,2444,1000,5.81139,271,8.55814,0.000102997,0,4439,85811280158
185.863,5.38031,34.9306,0,94,79,76,2453,1000,5.81139,265,8.53547,0.000102997,0,4441,85915372095
181.626,5.50582,34.9306,0,94,79,76,2453,1000,5.81139,265,8.53547,0.000102997,0,4441,86020209871
167.059,5.98591,34.9306,0,94,79,76,2453,1000,5.81139,265,8.53547,0.000102997,0,4441,86124291440
171.988,5.81435,34.9306,0,94,79,76,2453,1000,5.81139,265,8.53547,0.000102997,0,4441,86228364302
201.971,4.95121,34.9306,0,94,79,76,2453,1000,5.81139,265,8.53547,0.000102997,0,4441,86332665983
173.76,5.75507,34.9442,0,99,78,76,2443,1000,5.81139,271,8.50437,0.000102997,0,4462,86436981199
177.292,5.64042,34.9442,0,99,78,76,2443,1000,5.81139,271,8.50437,0.000102997,0,4462,86541069871
183.735,5.44262,34.9442,0,99,78,76,2443,1000,5.81139,271,8.50437,0.000102997,0,4462,86645153984
165.636,6.03732,34.9442,0,99,78,76,2443,1000,5.81139,271,8.50437,0.000102997,0,4462,86749237455
160.105,6.24592,34.9442,0,99,78,76,2443,1000,5.81139,271,8.50437,0.000102997,0,4462,86853364900
207.128,4.82794,32.0942,0,99,78,76,2441,1000,5.81139,271,8.50452,0.000102997,0,4447,86957773351
173.925,5.74961,32.0942,0,99,78,76,2441,1000,5.81139,271,8.50452,0.000102997,0,4447,87061850631
169.284,5.90725,32.0942,0,99,78,76,2441,1000,5.81139,271,8.50452,0.000102997,0,4447,87165927000
195.161,5.12397,32.0942,0,99,78,76,2441,1000,5.81139,271,8.50452,0.000102997,0,4447,87270005462
172.638,5.79246,32.0942,0,99,78,76,2441,1000,5.81139,271,8.50452,0.000102997,0,4447,87374082822
208.464,4.79698,31.9255,0,98,78,76,2435,1000,5.81139,271,8.4972,0.000102997,0,4466,87478162768
189.123,5.28757,31.9255,0,98,78,76,2435,1000,5.81139,271,8.4972,0.000102997,0,4466,87582241020
195.643,5.11136,31.9255,0,98,78,76,2435,1000,5.81139,271,8.4972,0.000102997,0,4466,87686320344
171.903,5.81723,31.9255,0,98,78,76,2435,1000,5.81139,271,8.4972,0.000102997,0,4466,87790409717
143.388,6.97408,31.9255,0,98,78,76,2435,1000,5.81139,271,8.4972,0.000102997,0,4466,87894501083
186.209,5.37031,31.2891,0,99,78,76,2428,1000,5.80404,271,8.49245,0.000102997,0,4466,87998579666
196.462,5.09003,31.2891,0,99,78,76,2428,1000,5.80404,271,8.49245,0.000102997,0,4466,88102699847
216.624,4.61629,31.2891,0,99,78,76,2428,1000,5.80404,271,8.49245,0.000102997,0,4466,88206786565
182.987,5.46487,31.2891,0,99,78,76,2428,1000,5.80404,271,8.49245,0.000102997,0,4466,88310865017
212.742,4.70052,31.2891,0,99,78,76,2428,1000,5.80404,271,8.49245,0.000102997,0,4466,88414961914
176.236,5.67421,34.6633,0,99,77,76,2452,1000,5.80404,271,8.48492,0.000102997,0,4466,88519046207
156.988,6.3699,34.6633,0,99,77,76,2452,1000,5.80404,271,8.48492,0.000102997,0,4466,88623127625
91.5315,10.9252,34.6633,0,99,77,76,2452,1000,5.80404,271,8.48492,0.000102997,0,4466,88727207250
183.619,5.44606,34.6633,0,99,77,76,2452,1000,5.80404,271,8.48492,0.000102997,0,4466,88831349312
169.801,5.88923,37.1393,0,99,77,76,2452,1000,5.80404,271,8.52401,0.000102997,0,4450,88935437462
167.805,5.9593,37.1393,0,99,77,76,2452,1000,5.80404,271,8.52401,0.000102997,0,4450,89039597408
179.09,5.5838,37.1393,0,99,77,76,2452,1000,5.80404,271,8.52401,0.000102997,0,4450,89143641896
187.735,5.32666,37.1393,0,99,77,76,2452,1000,5.80404,271,8.52401,0.000102997,0,4450,89247681065
208.47,4.79686,37.1393,0,99,77,76,2452,1000,5.80404,271,8.52401,0.000102997,0,4450,89351980031
207.774,4.81292,37.2354,0,95,77,76,2461,1000,6.05404,265,8.52184,0.000102997,0,4440,89456058744
177.516,5.63328,37.2354,0,95,77,76,2461,1000,6.05404,265,8.52184,0.000102997,0,4440,89560139881
154.622,6.46736,37.2354,0,95,77,76,2461,1000,6.05404,265,8.52184,0.000102997,0,4440,89664257658
179.588,5.56829,37.2354,0,95,77,76,2461,1000,6.05404,265,8.52184,0.000102997,0,4440,89768329618
192.548,5.19351,37.2354,0,95,77,76,2461,1000,6.05404,265,8.52184,0.000102997,0,4440,89872566898
246.708,4.05338,37.5469,0,99,77,76,2457,1000,6.05404,271,8.51612,0.000102997,0,4442,89976648717
159.662,6.26322,37.5469,0,99,77,76,2457,1000,6.05404,271,8.51612,0.000102997,0,4442,90080726468
76.7735,13.0253,37.5469,0,99,77,76,2457,1000,6.05404,271,8.51612,0.000102997,0,4442,90184810140
204.789,4.88307,37.5469,0,99,77,76,2457,1000,6.05404,271,8.51612,0.000102997,0,4442,90288889554
174.445,5.73248,37.5469,0,99,77,76,2457,1000,6.05404,271,8.51612,0.000102997,0,4442,90392973467
195.103,5.12549,35.3674,0,98,77,76,2458,1000,6.05478,271,8.49224,0.000102997,0,4444,90497074261
183.428,5.45173,35.3674,0,98,77,76,2458,1000,6.05478,271,8.49224,0.000102997,0,4444,90601159887
190.534,5.24842,35.3674,0,98,77,76,2458,1000,6.05478,271,8.49224,0.000102997,0,4444,90705244221
198.936,5.02674,35.3674,0,98,77,76,2458,1000,6.05478,271,8.49224,0.000102997,0,4444,90809327362
152.655,6.55071,35.3674,0,98,77,76,2458,1000,6.05478,271,8.49224,0.000102997,0,4444,90914146914
171.53,5.82989,34.1709,0,99,77,76,2462,1000,6.05404,271,8.49945,0.000102997,0,4441,91018228272
191.257,5.22857,34.1709,0,99,77,76,2462,1000,6.05404,271,8.49945,0.000102997,0,4441,91122995556
187.446,5.33488,34.1709,0,99,77,76,2462,1000,6.05404,271,8.49945,0.000102997,0,4441,91227078997
202.35,4.94193,34.1709,0,99,77,76,2462,1000,6.05404,271,8.49945,0.000102997,0,4441,91331160786
82.8267,12.0734,34.1709,0,99,77,76,2462,1000,6.05404,271,8.49945,0.000102997,0,4441,91435239519
67.7725,14.7553,36.0149,0,99,77,76,2459,1000,6.05404,271,8.48985,0.000102997,0,4442,91539314625
137.187,7.28931,36.0149,0,99,77,76,2459,1000,6.05404,271,8.48985,0.000102997,0,4442,91643391986
102.765,9.73098,36.0149,0,99,77,76,2459,1000,6.05404,271,8.48985,0.000102997,0,4442,91747477241
103.671,9.64589,36.0149,0,99,77,76,2459,1000,6.05404,271,8.48985,0.000102997,0,4442,91851836119
101.926,9.81102,37.0744,0,83,77,75,1541,1000,6.05404,201,8.52412,0.000102997,0,4432,91955917537
200.825,4.97946,37.0744,0,83,77,75,1541,1000,6.05404,201,8.52412,0.000102997,0,4432,92060057765
198.38,5.04082,37.0744,0,83,77,75,1541,1000,6.05404,201,8.52412,0.000102997,0,4432,92164149212
156.813,6.37701,37.0744,0,83,77,75,1541,1000,6.05404,201,8.52412,0.000102997,0,4432,92268315128
201.337,4.96679,37.0744,0,83,77,75,1541,1000,6.05404,201,8.52412,0.000102997,0,4432,92372401987
198.939,5.02668,40.8922,0,81,77,73,2331,1000,6.05404,151,8.52365,0.000102997,0,4441,92476488624
137.984,7.2472,40.8922,0,81,77,73,2331,1000,6.05404,151,8.52365,0.000102997,0,4441,92580570533
169.061,5.91504,40.8922,0,81,77,73,2331,1000,6.05404,151,8.52365,0.000102997,0,4441,92684648755
107.238,9.32508,40.8922,0,81,77,73,2331,1000,6.05404,151,8.52365,0.000102997,0,4441,92788728300
159.373,6.27459,40.8922,0,81,77,73,2331,1000,6.05404,151,8.52365,0.000102997,0,4441,92892936896
139.217,7.18302,41.573,0,82,77,76,1888,1000,6.05404,265,8.52415,0.000102997,0,4417,92997023844
134.193,7.45193,41.573,0,82,77,76,1888,1000,6.05404,265,8.52415,0.000102997,0,4417,93101108178
171.151,5.84279,41.573,0,82,77,76,1888,1000,6.05404,265,8.52415,0.000102997,0,4417,93205197110
152.242,6.5685,41.573,0,82,77,76,1888,1000,6.05404,265,8.52415,0.000102997,0,4417,93309287495
189.652,5.27281,41.573,0,82,77,76,1888,1000,6.05404,265,8.52415,0.000102997,0,4417,93413371177
211.439,4.72951,41.6562,0,83,77,75,2344,1000,6.08061,249,8.52383,0.000102997,0,4441,93517455891
181.702,5.50352,41.6562,0,83,77,75,2344,1000,6.08061,249,8.52383,0.000102997,0,4441,93621572285
187.091,5.34498,41.6562,0,83,77,75,2344,1000,6.08061,249,8.52383,0.000102997,0,4441,93725657540
189.924,5.26526,41.6562,0,83,77,75,2344,1000,6.08061,249,8.52383,0.000102997,0,4441,93830048458
168.962,5.91849,41.6562,0,83,77,75,2344,1000,6.08061,249,8.52383,0.000102997,0,4441,93934135607
172.606,5.79353,41.9598,0,83,76,75,2344,1000,6.08061,249,8.52572,0.000102997,0,4416,94038216103
163.163,6.12883,41.9598,0,83,76,75,2344,1000,6.08061,249,8.52572,0.000102997,0,4416,94142304745
168.213,5.94484,41.9598,0,83,76,75,2344,1000,6.08061,249,8.52572,0.000102997,0,4416,94246383227
197.309,5.06818,41.9598,0,83,76,75,2344,1000,6.08061,249,8.52572,0.000102997,0,4416,94350478551
154.378,6.47761,40.9262,0,94,76,76,2238,1000,6.07959,271,8.52514,0.000102997,0,4421,94454548398
146.384,6.83137,40.9262,0,94,76,76,2238,1000,6.07959,271,8.52514,0.000102997,0,4421,94558627331
199.229,5.01934,40.9262,0,94,76,76,2238,1000,6.07959,271,8.52514,0.000102997,0,4421,94662703349
170.924,5.85054,40.9262,0,94,76,76,2238,1000,6.07959,271,8.52514,0.000102997,0,4421,94766786630
153.84,6.50026,40.9262,0,94,76,76,2238,1000,6.07959,271,8.52514,0.000102997,0,4421,94870867277
110.322,9.06437,40.0744,0,92,76,76,2467,1000,6.07959,271,8.54327,0.000102997,0,4442,94974949677
199.931,5.00173,40.0744,0,92,76,76,2467,1000,6.07959,271,8.54327,0.000102997,0,4442,95079095576
215.855,4.63274,40.0744,0,92,76,76,2467,1000,6.07959,271,8.54327,0.000102997,0,4442,95183177825
167.793,5.95971,40.0744,0,92,76,76,2467,1000,6.07959,271,8.54327,0.000102997,0,4442,95287221502
205.422,4.86804,40.0744,0,92,76,76,2467,1000,6.07959,271,8.54327,0.000102997,0,4442,95391280268
177.091,5.64681,41.0959,0,92,76,76,2581,1000,6.07959,260,8.52332,0.000102997,0,4417,95495562122
177.371,5.63789,41.0959,0,92,76,76,2581,1000,6.07959,260,8.52332,0.000102997,0,4417,95599644592
143.306,6.97807,41.0959,0,92,76,76,2581,1000,6.07959,260,8.52332,0.000102997,0,4417,95703723004
167.06,5.98587,41.0959,0,92,76,76,2581,1000,6.07959,260,8.52332,0.000102997,0,4417,95807826483
210.464,4.75141,41.0959,0,92,76,76,2581,1000,6.07959,260,8.52332,0.000102997,0,4417,95911936996
177.769,5.62529,41.4392,0,95,76,76,2467,1000,6.05302,265,8.51933,0.000102997,0,4441,96016019436
154.419,6.47588,41.4392,0,95,76,76,2467,1000,6.05302,265,8.51933,0.000102997,0,4441,96120291952
188.712,5.29909,41.4392,0,95,76,76,2467,1000,6.05302,265,8.51933,0.000102997,0,4441,96224371797
174.573,5.72827,41.4392,0,95,76,76,2467,1000,6.05302,265,8.51933,0.000102997,0,4441,96328567780
172.856,5.78516,41.4392,0,95,76,76,2467,1000,6.05302,265,8.51933,0.000102997,0,4441,96432668374
159.341,6.27584,41.1692,0,96,76,76,2474,1000,6.06112,271,8.51751,0.000102997,0,4434,96536738000
178.735,5.59487,41.1692,0,96,76,76,2474,1000,6.06112,271,8.51751,0.000102997,0,4434,96640826301
183.385,5.45301,41.1692,0,96,76,76,2474,1000,6.06112,271,8.51751,0.000102997,0,4434,96744908851
182.29,5.48577,41.1692,0,96,76,76,2474,1000,6.06112,271,8.51751,0.000102997,0,4434,96848987443
177.736,5.62633,41.1692,0,96,76,76,2474,1000,6.06112,271,8.51751,0.000102997,0,4434,96953080143
181.068,5.52277,40.6758,0,96,76,76,2465,1000,6.06038,271,8.52154,0.000102997,0,4437,97057243133
207.043,4.82991,40.6758,0,96,76,76,2465,1000,6.06038,271,8.52154,0.000102997,0,4437,97161332747
154.586,6.4689,40.6758,0,96,76,76,2465,1000,6.06038,271,8.52154,0.000102997,0,4437,97265420737
164.124,6.09295,40.6758,0,96,76,76,2465,1000,6.06038,271,8.52154,0.000102997,0,4437,97369500121
154.214,6.48449,40.6758,0,96,76,76,2465,1000,6.06038,271,8.52154,0.000102997,0,4437,97474276041
165.6,6.03863,38.6897,0,96,76,76,2440,1000,6.06038,270,8.51641,0.000102997,0,4422,97578366035
182.486,5.47987,38.6897,0,96,76,76,2440,1000,6.06038,270,8.51641,0.000102997,0,4422,97682446402
157.207,6.36106,38.6897,0,96,76,76,2440,1000,6.06038,270,8.51641,0.000102997,0,4422,97786532879
168.875,5.92153,38.6897,0,96,76,76,2440,1000,6.06038,270,8.51641,0.000102997,0,4422,97890618505
171.508,5.83064,38.1304,0,99,76,76,2445,1000,6.05302,271,8.50694,0.000102997,0,4441,97994726833
178.415,5.60492,38.1304,0,99,76,76,2445,1000,6.05302,271,8.50694,0.000102997,0,4441,98098805686
189.032,5.2901,38.1304,0,99,76,76,2445,1000,6.05302,271,8.50694,0.000102997,0,4441,98202890461
193.69,5.16289,38.1304,0,99,76,76,2445,1000,6.05302,271,8.50694,0.000102997,0,4441,98307002777
238.854,4.18666,38.1304,0,99,76,76,2445,1000,6.05302,271,8.50694,0.000102997,0,4441,98411095185
212.288,4.71059,39.4279,0,98,76,76,2439,1000,6.05302,271,8.50729,0.000102997,0,4425,98515178777
206.819,4.83514,39.4279,0,98,76,76,2439,1000,6.05302,271,8.50729,0.000102997,0,4425,98619262650
194.788,5.13378,39.4279,0,98,76,76,2439,1000,6.05302,271,8.50729,0.000102997,0,4425,98723501734
139.02,7.19319,39.4279,0,98,76,76,2439,1000,6.05302,271,8.50729,0.000102997,0,4425,98827581859
179.651,5.56634,39.4279,0,98,76,76,2439,1000,6.05302,271,8.50729,0.000102997,0,4425,98931692572
189.753,5.27001,38.9447,0,98,76,76,2439,1000,6.05302,271,8.51066,0.000102997,0,4441,99035782055
170.372,5.86949,38.9447,0,98,76,76,2439,1000,6.05302,271,8.51066,0.000102997,0,4441,99139870927
218.367,4.57945,38.9447,0,98,76,76,2439,1000,6.05302,271,8.51066,0.000102997,0,4441,99243953227
217.122,4.60571,38.9447,0,98,76,76,2439,1000,6.05302,271,8.51066,0.000102997,0,4441,99348047449
190.419,5.25158,38.9447,0,98,76,76,2439,1000,6.05302,271,8.51066,0.000102997,0,4441,99452129859
228.948,4.36781,39.7243,0,98,76,76,2437,1000,6.05302,271,8.51177,0.000102997,0,4440,99556207199
211.023,4.73882,39.7243,0,98,76,76,2437,1000,6.05302,271,8.51177,0.000102997,0,4440,99660247630
219.795,4.54969,39.7243,0,98,76,76,2437,1000,6.05302,271,8.51177,0.000102997,0,4440,99764327565
148.763,6.7221,39.7243,0,98,76,76,2437,1000,6.05302,271,8.51177,0.000102997,0,4440,99868416758
158.842,6.29557,39.7243,0,98,76,76,2437,1000,6.05302,271,8.51177,0.000102997,0,4440,99972567596
153.319,6.52235,39.7004,0,98,76,76,2441,1000,6.06395,271,8.50534,0.000102997,0,4441,100076667248
175.902,5.685,39.7004,0,98,76,76,2441,1000,6.06395,271,8.50534,0.000102997,0,4441,100180767902
171.997,5.81406,39.7004,0,98,76,76,2441,1000,6.06395,271,8.50534,0.000102997,0,4441,100284854790
181.062,5.52297,39.7004,0,98,76,76,2441,1000,6.06395,271,8.50534,0.000102997,0,4441,100388934074
175.139,5.70973,39.7004,0,98,76,76,2441,1000,6.06395,271,8.50534,0.000102997,0,4441,100493017146
168.453,5.93639,36.3412,0,98,76,76,2447,1000,6.06395,271,8.50244,0.000102997,0,4443,100597094947
165.858,6.02925,36.3412,0,98,76,76,2447,1000,6.06395,271,8.50244,0.000102997,0,4443,100701173760
160.051,6.24802,36.3412,0,98,76,76,2447,1000,6.06395,271,8.50244,0.000102997,0,4443,100805238336
158.452,6.31106,36.3412,0,98,76,76,2447,1000,6.06395,271,8.50244,0.000102997,0,4443,100909317440
178.893,5.58994,35.6962,0,99,76,76,2450,1000,6.06395,271,8.50329,0.000102997,0,4442,101013431048
232.609,4.29906,35.6962,0,99,76,76,2450,1000,6.06395,271,8.50329,0.000102997,0,4442,101117515211
152.226,6.5692,35.6962,0,99,76,76,2450,1000,6.06395,271,8.50329,0.000102997,0,4442,101221642245
146.316,6.83451,35.6962,0,99,76,76,2450,1000,6.06395,271,8.50329,0.000102997,0,4442,101325720116
154.777,6.4609,35.6962,0,99,76,76,2450,1000,6.06395,271,8.50329,0.000102997,0,4442,101429810191
160.337,6.23686,35.7591,0,99,76,76,2448,1000,6.0713,271,8.49255,0.000102997,0,4442,101533893983
174.671,5.72504,35.7591,0,99,76,76,2448,1000,6.0713,271,8.49255,0.000102997,0,4442,101637975732
180.333,5.54531,35.7591,0,99,76,76,2448,1000,6.0713,271,8.49255,0.000102997,0,4442,101742283714
169.607,5.89597,35.7591,0,99,76,76,2448,1000,6.0713,271,8.49255,0.000102997,0,4442,101846363810
144.726,6.90961,35.7591,0,99,76,76,2448,1000,6.0713,271,8.49255,0.000102997,0,4442,101950447632
142.788,7.00341,36.8944,0,99,76,76,2452,1000,6.0713,271,8.4939,0.000102997,0,4432,102054527247
163.888,6.10174,36.8944,0,99,76,76,2452,1000,6.0713,271,8.4939,0.000102997,0,4432,102158623583
146.614,6.82064,36.8944,0,99,76,76,2452,1000,6.0713,271,8.4939,0.000102997,0,4432,102262709349
192.163,5.20391,36.8944,0,99,76,76,2452,1000,6.0713,271,8.4939,0.000102997,0,4432,102367231363
165.081,6.05763,36.8944,0,99,76,76,2452,1000,6.0713,271,8.4939,0.000102997,0,4432,102471319083
155.091,6.44784,36.409,0,99,76,76,2454,1000,6.0713,271,8.47695,0.000102997,0,4431,102575403637
160.967,6.21244,36.409,0,99,76,76,2454,1000,6.0713,271,8.47695,0.000102997,0,4431,102679488050
148.991,6.71182,36.409,0,99,76,76,2454,1000,6.0713,271,8.47695,0.000102997,0,4431,102783576752
189.167,5.28633,36.409,0,99,76,76,2454,1000,6.0713,271,8.47695,0.000102997,0,4431,102888326894
236.632,4.22596,36.409,0,99,76,76,2454,1000,6.0713,271,8.47695,0.000102997,0,4431,102992415074
203.647,4.91045,40.3509,0,89,76,76,2513,1000,6.0713,254,8.47407,0.000102997,0,4442,103096509657
246.877,4.0506,40.3509,0,89,76,76,2513,1000,6.0713,254,8.47407,0.000102997,0,4442,103200611694
190.56,5.24768,40.3509,0,89,76,76,2513,1000,6.0713,254,8.47407,0.000102997,0,4442,103304701818
171.471,5.83187,40.3509,0,89,76,76,2513,1000,6.0713,254,8.47407,0.000102997,0,4442,103408781282
191.848,5.21247,45.2592,0,97,76,76,2464,1000,6.06395,271,8.45731,0.000102997,0,4441,103512869333
209.057,4.78338,45.2592,0,97,76,76,2464,1000,6.06395,271,8.45731,0.000102997,0,4441,103616953766
210.688,4.74636,45.2592,0,97,76,76,2464,1000,6.06395,271,8.45731,0.000102997,0,4441,103721069629
210.971,4.73999,45.2592,0,97,76,76,2464,1000,6.06395,271,8.45731,0.000102997,0,4441,103825159723
207.425,4.82102,45.2592,0,97,76,76,2464,1000,6.06395,271,8.45731,0.000102997,0,4441,103929203531
199.349,5.01632,42.1581,0,97,76,76,2464,1000,6.06395,271,8.45253,0.000102997,0,4441,104034008115
155.583,6.42743,42.1581,0,97,76,76,2464,1000,6.06395,271,8.45253,0.000102997,0,4441,104138089713
135.706,7.36886,42.1581,0,97,76,76,2464,1000,6.06395,271,8.45253,0.000102997,0,4441,104242178294
153.657,6.50799,42.1581,0,97,76,76,2464,1000,6.06395,271,8.45253,0.000102997,0,4441,104346267978
160.454,6.23231,42.1581,0,97,76,76,2464,1000,6.06395,271,8.45253,0.000102997,0,4441,104450349656
180.732,5.53306,43.125,0,98,76,76,2470,1000,6.06395,271,8.44243,0.000102997,0,4436,104554434090
184.479,5.42068,43.125,0,98,76,76,2470,1000,6.06395,271,8.44243,0.000102997,0,4436,104658595047
195.894,5.10481,43.125,0,98,76,76,2470,1000,6.06395,271,8.44243,0.000102997,0,4436,104762671957
191.061,5.23394,43.125,0,98,76,76,2470,1000,6.06395,271,8.44243,0.000102997,0,4436,104866767671
161.112,6.20686,43.125,0,98,76,76,2470,1000,6.06395,271,8.44243,0.000102997,0,4436,104970851905
205.812,4.8588,43.4128,0,96,76,76,2468,1000,6.05302,271,8.43967,0.000102997,0,4448,105074931980
180.968,5.52585,43.4128,0,96,76,76,2468,1000,6.05302,271,8.43967,0.000102997,0,4448,105179014731
184.626,5.41635,43.4128,0,96,76,76,2468,1000,6.05302,271,8.43967,0.000102997,0,4448,105283098764
178.392,5.60562,43.4128,0,96,76,76,2468,1000,6.05302,271,8.43967,0.000102997,0,4448,105387179230
212.18,4.71299,43.4128,0,96,76,76,2468,1000,6.05302,271,8.43967,0.000102997,0,4448,105491267210
169.978,5.88312,43.0175,0,96,76,76,2474,1000,6.05302,271,8.44501,0.000102997,0,4446,105595346975
206.778,4.83611,43.0175,0,96,76,76,2474,1000,6.05302,271,8.44501,0.000102997,0,4446,105699432260
166.271,6.01427,43.0175,0,96,76,76,2474,1000,6.05302,271,8.44501,0.000102997,0,4446,105803511554
187.579,5.33108,43.0175,0,96,76,76,2474,1000,6.05302,271,8.44501,0.000102997,0,4446,105907613481
181.142,5.52052,43.0175,0,96,76,76,2474,1000,6.05302,271,8.44501,0.000102997,0,4446,106012249198
184.634,5.41611,40.6566,0,99,76,76,2471,1000,6.06532,271,8.44894,0.000102997,0,4418,106116332620
211.405,4.73025,40.6566,0,99,76,76,2471,1000,6.06532,271,8.44894,0.000102997,0,4418,106220381226
195.018,5.12772,40.6566,0,99,76,76,2471,1000,6.06532,271,8.44894,0.000102997,0,4418,106324468435
235.142,4.25274,40.6566,0,99,76,76,2471,1000,6.06532,271,8.44894,0.000102997,0,4418,106428549582
189.085,5.28864,39.5232,0,98,76,76,2473,1000,6.06532,271,8.4488,0.000102997,0,4441,106532634798
215.426,4.64196,39.5232,0,98,76,76,2473,1000,6.06532,271,8.4488,0.000102997,0,4441,106636714412
196.858,5.07981,39.5232,0,98,76,76,2473,1000,6.06532,271,8.4488,0.000102997,0,4441,106740801361
185.165,5.4006,39.5232,0,98,76,76,2473,1000,6.06532,271,8.4488,0.000102997,0,4441,106845609070
170.672,5.8592,39.5232,0,98,76,76,2473,1000,6.06532,271,8.4488,0.000102997,0,4441,106949664950
208.795,4.78938,41.2798,0,99,76,76,2473,1000,6.06532,271,8.4346,0.000102997,0,4438,107053750596
176.862,5.65412,41.2798,0,99,76,76,2473,1000,6.06532,271,8.4346,0.000102997,0,4438,107157900783
132.676,7.53715,41.2798,0,99,76,76,2473,1000,6.06532,271,8.4346,0.000102997,0,4438,107261981530
179.119,5.58289,41.2798,0,99,76,76,2473,1000,6.06532,271,8.4346,0.000102997,0,4438,107366063619
227.302,4.39944,41.2798,0,99,76,76,2473,1000,6.06532,271,8.4346,0.000102997,0,4438,107470150998
159.717,6.26108,45.5224,0,95,76,76,2448,1000,6.0881,270,8.437,0.000102997,0,4426,107574236534
154.064,6.49081,45.5224,0,95,76,76,2448,1000,6.0881,270,8.437,0.000102997,0,4426,107678294228
148.516,6.73329,45.5224,0,95,76,76,2448,1000,6.0881,270,8.437,0.000102997,0,4426,107782378190
169.365,5.90441,45.5224,0,95,76,76,2448,1000,6.0881,270,8.437,0.000102997,0,4426,107886470779
185.937,5.37816,45.5224,0,95,76,76,2448,1000,6.0881,270,8.437,0.000102997,0,4426,107990697119
197.508,5.06309,42.225,0,96,76,76,2477,1000,6.07717,271,8.43641,0.000102997,0,4416,108094781713
193.897,5.15738,42.225,0,96,76,76,2477,1000,6.07717,271,8.43641,0.000102997,0,4416,108198863752
215.764,4.6347,42.225,0,96,76,76,2477,1000,6.07717,271,8.43641,0.000102997,0,4416,108302945972
186.066,5.37445,42.225,0,96,76,76,2477,1000,6.07717,271,8.43641,0.000102997,0,4416,108407402262
167.674,5.96397,42.225,0,96,76,76,2477,1000,6.07717,271,8.43641,0.000102997,0,4416,108511504279
144.702,6.91078,42.2167,0,98,76,76,2478,1000,6.07325,271,8.42465,0.000102997,0,4441,108615597058
186.07,5.37432,42.2167,0,98,76,76,2478,1000,6.07325,271,8.42465,0.000102997,0,4441,108719675020
177.033,5.64865,42.2167,0,98,76,76,2478,1000,6.07325,271,8.42465,0.000102997,0,4441,108823757109
186.304,5.36757,42.2167,0,98,76,76,2478,1000,6.07325,271,8.42465,0.000102997,0,4441,108927871890
210.426,4.75227,42.2167,0,98,76,76,2478,1000,6.07325,271,8.42465,0.000102997,0,4441,109032165596
235.56,4.2452,42.6229,0,98,76,76,2478,1000,6.07325,271,8.42561,0.000102997,0,4441,109136246873
185.564,5.38896,42.6229,0,98,76,76,2478,1000,6.07325,271,8.42561,0.000102997,0,4441,109240334092
162.168,6.16644,42.6229,0,98,76,76,2478,1000,6.07325,271,8.42561,0.000102997,0,4441,109344420990
180.533,5.53916,42.6229,0,98,76,76,2478,1000,6.07325,271,8.42561,0.000102997,0,4441,109448502318
223.39,4.47648,42.6229,0,98,76,76,2478,1000,6.07325,271,8.42561,0.000102997,0,4441,109552585640
179.612,5.56757,40.9774,0,98,76,76,2476,1000,6.0806,271,8.4189,0.000102997,0,4416,109656688197
128.993,7.75236,40.9774,0,98,76,76,2476,1000,6.0806,271,8.4189,0.000102997,0,4416,109760777771
204.575,4.88818,40.9774,0,98,76,76,2476,1000,6.0806,271,8.4189,0.000102997,0,4416,109864873586
189.576,5.27493,40.9774,0,98,76,76,2476,1000,6.0806,271,8.4189,0.000102997,0,4416,109968965523
198.931,5.02687,42.0253,0,99,76,76,2475,1000,6.0806,271,8.42053,0.000102997,0,4416,110073045919
169.508,5.89942,42.0253,0,99,76,76,2475,1000,6.0806,271,8.42053,0.000102997,0,4416,110177130193
139.589,7.16389,42.0253,0,99,76,76,2475,1000,6.0806,271,8.42053,0.000102997,0,4416,110281231638
178.34,5.60725,42.0253,0,99,76,76,2475,1000,6.0806,271,8.42053,0.000102997,0,4416,110385315431
155.06,6.4491,42.0253,0,99,76,76,2475,1000,6.0806,271,8.42053,0.000102997,0,4416,110489398582
198.745,5.03156,42.5373,0,99,76,76,2480,1000,6.07325,271,8.42651,0.000102997,0,4441,110593477515
181.213,5.51837,42.5373,0,99,76,76,2480,1000,6.07325,271,8.42651,0.000102997,0,4441,110697563712
198.42,5.03981,42.5373,0,99,76,76,2480,1000,6.07325,271,8.42651,0.000102997,0,4441,110801657564
243.852,4.10085,42.5373,0,99,76,76,2480,1000,6.07325,271,8.42651,0.000102997,0,4441,110905764299
192.287,5.20055,42.5373,0,99,76,76,2480,1000,6.07325,271,8.42651,0.000102997,0,4441,111009842221
168.32,5.94107,41.1692,0,98,76,76,2475,1000,6.07325,271,8.41249,0.000102997,0,4416,111114034015
204.966,4.87885,41.1692,0,98,76,76,2475,1000,6.07325,271,8.41249,0.000102997,0,4416,111218117427
158.377,6.31405,41.1692,0,98,76,76,2475,1000,6.07325,271,8.41249,0.000102997,0,4416,111322268386
165.55,6.04047,41.1692,0,98,76,76,2475,1000,6.07325,271,8.41249,0.000102997,0,4416,111426348010
184.035,5.43376,41.1692,0,98,76,76,2475,1000,6.07325,271,8.41249,0.000102997,0,4416,111530469002
200.237,4.99409,41.9154,0,98,76,76,2480,1000,6.07399,271,8.41287,0.000102997,0,4439,111634784589
155.918,6.41363,41.9154,0,98,76,76,2480,1000,6.07399,271,8.41287,0.000102997,0,4439,111738867079
186.034,5.37537,41.9154,0,98,76,76,2480,1000,6.07399,271,8.41287,0.000102997,0,4439,111843945376
179.84,5.5605,41.9154,0,98,76,76,2480,1000,6.07399,271,8.41287,0.000102997,0,4439,111948024751
176.483,5.66627,41.9154,0,98,76,76,2480,1000,6.07399,271,8.41287,0.000102997,0,4439,112052110026
177.621,5.62995,41.1321,0,98,76,76,2480,1000,6.07332,271,8.41227,0.000102997,0,4441,112157094918
221.011,4.52466,41.1321,0,98,76,76,2480,1000,6.07332,271,8.41227,0.000102997,0,4441,112261143183
198.862,5.02861,41.1321,0,98,76,76,2480,1000,6.07332,271,8.41227,0.000102997,0,4441,112365267011
205.467,4.86695,41.1321,0,98,76,76,2480,1000,6.07332,271,8.41227,0.000102997,0,4441,112469713604
181.118,5.52127,41.4141,0,98,76,76,2478,1000,6.07958,271,8.41571,0.000102997,0,4421,112573802826
205.598,4.86385,41.4141,0,98,76,76,2478,1000,6.07958,271,8.41571,0.000102997,0,4421,112677893802
179.46,5.57226,41.4141,0,98,76,76,2478,1000,6.07958,271,8.41571,0.000102997,0,4421,112781980690
150.805,6.63109,41.4141,0,98,76,76,2478,1000,6.07958,271,8.41571,0.000102997,0,4421,112886064172
211.518,4.72773,41.4141,0,98,76,76,2478,1000,6.07958,271,8.41571,0.000102997,0,4421,112990122707
202.432,4.93993,42.9287,0,98,76,77,2480,1000,6.07965,271,8.42964,0.000102997,0,4416,113094200448
183.33,5.45464,42.9287,0,98,76,77,2480,1000,6.07965,271,8.42964,0.000102997,0,4416,113198282147
218.621,4.57412,42.9287,0,98,76,77,2480,1000,6.07965,271,8.42964,0.000102997,0,4416,113302822826
202.535,4.93741,42.9287,0,98,76,77,2480,1000,6.07965,271,8.42964,0.000102997,0,4416,113406914864
198.978,5.02568,42.9287,0,98,76,77,2480,1000,6.07965,271,8.42964,0.000102997,0,4416,113510995010
195.703,5.10979,41.6771,0,98,76,77,2480,1000,6.07958,271,8.43087,0.000102997,0,4416,113615077039
170.578,5.86242,41.6771,0,98,76,77,2480,1000,6.07958,271,8.43087,0.000102997,0,4416,113719129843
169.021,5.91642,41.6771,0,98,76,77,2480,1000,6.07958,271,8.43087,0.000102997,0,4416,113823223143
196.959,5.0772,41.6771,0,98,76,77,2480,1000,6.07958,271,8.43087,0.000102997,0,4416,113927305122
178.095,5.61499,41.6771,0,98,76,77,2480,1000,6.07958,271,8.43087,0.000102997,0,4416,114031390357
194.514,5.14102,41.75,0,98,76,77,2480,1000,6.07958,271,8.4259,0.000102997,0,4417,114135494187
184.686,5.4146,41.75,0,98,76,77,2480,1000,6.07958,271,8.4259,0.000102997,0,4417,114239600622
214.249,4.66747,41.75,0,98,76,77,2480,1000,6.07958,271,8.4259,0.000102997,0,4417,114343694384
227.787,4.39007,41.75,0,98,76,77,2480,1000,6.07958,271,8.4259,0.000102997,0,4417,114447776483
188.813,5.29625,41.75,0,98,76,77,2480,1000,6.07958,271,8.4259,0.000102997,0,4417,114551857340
153.226,6.52633,42.236,0,98,76,76,2477,1000,6.07958,271,8.42755,0.000102997,0,4418,114656641786
188.552,5.30357,42.236,0,98,76,76,2477,1000,6.07958,271,8.42755,0.000102997,0,4418,114760727582
178.284,5.60904,42.236,0,98,76,76,2477,1000,6.07958,271,8.42755,0.000102997,0,4418,114864822135
200.639,4.98406,42.236,0,98,76,76,2477,1000,6.07958,271,8.42755,0.000102997,0,4418,114968900988
239.531,4.17483,42.236,0,98,76,76,2477,1000,6.07958,271,8.42755,0.000102997,0,4418,115072980282
189.15,5.28681,41.0354,0,99,76,77,2479,1000,6.07958,271,8.4198,0.000102997,0,4431,115177056670
188.726,5.29869,41.0354,0,99,76,77,2479,1000,6.07958,271,8.4198,0.000102997,0,4431,115281110847
176.655,5.66075,41.0354,0,99,76,77,2479,1000,6.07958,271,8.4198,0.000102997,0,4431,115385199729
245.554,4.07242,41.0354,0,99,76,77,2479,1000,6.07958,271,8.4198,0.000102997,0,4431,115489286097
193.385,5.17104,41.1765,0,98,76,76,2479,1000,6.05302,271,8.41957,0.000102997,0,4416,115593834781
190.051,5.26174,41.1765,0,98,76,76,2479,1000,6.05302,271,8.41957,0.000102997,0,4416,115697880572
168.948,5.919,41.1765,0,98,76,76,2479,1000,6.05302,271,8.41957,0.000102997,0,4416,115801966508
179.458,5.57233,41.1765,0,98,76,76,2479,1000,6.05302,271,8.41957,0.000102997,0,4416,115906050311
216.993,4.60844,41.1765,0,98,76,76,2479,1000,6.05302,271,8.41957,0.000102997,0,4416,116010095721
224.111,4.46207,43.0884,0,98,76,77,2472,1000,6.06037,271,8.41988,0.000102997,0,4416,116114190073
155.529,6.42969,43.0884,0,98,76,77,2472,1000,6.06037,271,8.41988,0.000102997,0,4416,116218282532
242.303,4.12707,43.0884,0,98,76,77,2472,1000,6.06037,271,8.41988,0.000102997,0,4416,116322404606
185.83,5.38127,43.0884,0,98,76,77,2472,1000,6.06037,271,8.41988,0.000102997,0,4416,116427038059
186.648,5.35767,43.0884,0,98,76,77,2472,1000,6.06037,271,8.41988,0.000102997,0,4416,116531169862
206.761,4.83651,41.5829,0,98,76,77,2475,1000,6.06037,271,8.4174,0.000102997,0,4431,116635361046
216.405,4.62096,41.5829,0,98,76,77,2475,1000,6.06037,271,8.4174,0.000102997,0,4431,116739447763
194.693,5.13629,41.5829,0,98,76,77,2475,1000,6.06037,271,8.4174,0.000102997,0,4431,116843528350
199.716,5.0071,41.5829,0,98,76,77,2475,1000,6.06037,271,8.4174,0.000102997,0,4431,116947620728
188.357,5.30906,41.5829,0,98,76,77,2475,1000,6.06037,271,8.4174,0.000102997,0,4431,117052489192
185.05,5.40395,41.5829,0,97,76,77,2479,1000,6.06084,271,8.41569,0.000102997,0,4438,117156572163
189.62,5.2737,41.5829,0,97,76,77,2479,1000,6.06084,271,8.41569,0.000102997,0,4438,117260666365
120.131,8.32427,41.5829,0,97,76,77,2479,1000,6.06084,271,8.41569,0.000102997,0,4438,117365367024
245.786,4.06858,41.5829,0,97,76,77,2479,1000,6.06084,271,8.41569,0.000102997,0,4438,117469461206
182.631,5.47551,41.5829,0,97,76,77,2479,1000,6.06084,271,8.41569,0.000102997,0,4438,117573547232
185.694,5.38521,49.2481,0,94,76,76,2144,1000,6.06037,270,8.41784,0.000102997,0,4418,117677635022
221.728,4.51003,49.2481,0,94,76,76,2144,1000,6.06037,270,8.41784,0.000102997,0,4418,117781876400
179.448,5.57264,49.2481,0,94,76,76,2144,1000,6.06037,270,8.41784,0.000102997,0,4418,117885965342
211.693,4.72383,49.2481,0,94,76,76,2144,1000,6.06037,270,8.41784,0.000102997,0,4418,117990048403
210.406,4.75272,49.2481,0,94,76,76,2144,1000,6.06037,270,8.41784,0.000102997,0,4418,118094145401
175.99,5.68215,42.8215,0,97,77,76,2475,1000,6.06037,269,8.41761,0.000102997,0,4419,118198436993
226.218,4.42051,42.8215,0,97,77,76,2475,1000,6.06037,269,8.41761,0.000102997,0,4419,118302522118
179.719,5.56424,42.8215,0,97,77,76,2475,1000,6.06037,269,8.41761,0.000102997,0,4419,118406606902
184.129,5.43098,42.8215,0,97,77,76,2475,1000,6.06037,269,8.41761,0.000102997,0,4419,118510691957
197.562,5.06169,40.7223,0,98,77,77,2470,1000,6.06037,271,8.41789,0.000102997,0,4434,118614778574
166.634,6.00117,40.7223,0,98,77,77,2470,1000,6.06037,271,8.41789,0.000102997,0,4434,118718863619
200.805,4.97995,40.7223,0,98,77,77,2470,1000,6.06037,271,8.41789,0.000102997,0,4434,118822943134
205.14,4.87471,40.7223,0,98,77,77,2470,1000,6.06037,271,8.41789,0.000102997,0,4434,118927239905
242.185,4.12907,40.7223,0,98,77,77,2470,1000,6.06037,271,8.41789,0.000102997,0,4434,119031353053
186.206,5.37041,42.5718,0,98,77,77,2467,1000,6.06037,271,8.42314,0.000102997,0,4441,119135437106
194.73,5.13532,42.5718,0,98,77,77,2467,1000,6.06037,271,8.42314,0.000102997,0,4441,119239522221
234.289,4.26823,42.5718,0,98,77,77,2467,1000,6.06037,271,8.42314,0.000102997,0,4441,119344096252
166.416,6.00903,42.5718,0,98,77,77,2467,1000,6.06037,271,8.42314,0.000102997,0,4441,119448160919
192.731,5.18858,42.5718,0,98,77,77,2467,1000,6.06037,271,8.42314,0.000102997,0,4441,119552251314
140.028,7.14145,41.3534,0,98,77,77,2467,1000,6.06037,271,8.4271,0.000102997,0,4417,119656354152
253.808,3.93999,41.3534,0,98,77,77,2467,1000,6.06037,271,8.4271,0.000102997,0,4417,119760437443
203.089,4.92395,41.3534,0,98,77,77,2467,1000,6.06037,271,8.4271,0.000102997,0,4417,119864519873
161.488,6.1924,41.3534,0,98,77,77,2467,1000,6.06037,271,8.4271,0.000102997,0,4417,119968602824
192.94,5.18297,41.3534,0,98,77,77,2467,1000,6.06037,271,8.4271,0.000102997,0,4417,120072683661
144.811,6.90557,41.7706,0,99,77,77,2468,1000,6.07958,271,8.42483,0.000102997,0,4447,120176795767
178.809,5.59255,41.7706,0,99,77,77,2468,1000,6.07958,271,8.42483,0.000102997,0,4447,120281982697
205.966,4.85516,41.7706,0,99,77,77,2468,1000,6.07958,271,8.42483,0.000102997,0,4447,120386058034
160.648,6.22477,41.7706,0,99,77,77,2468,1000,6.07958,271,8.42483,0.000102997,0,4447,120490142498
175.164,5.70892,41.7706,0,99,77,77,2468,1000,6.07958,271,8.42483,0.000102997,0,4447,120594225088
186.886,5.35086,41.4053,0,98,76,77,2466,1000,6.07958,271,8.42513,0.000102997,0,4416,120698369764
187.166,5.34284,41.4053,0,98,76,77,2466,1000,6.07958,271,8.42513,0.000102997,0,4416,120802453537
154.145,6.48741,41.4053,0,98,76,77,2466,1000,6.07958,271,8.42513,0.000102997,0,4416,120906542379
162.852,6.14055,41.4053,0,98,76,77,2466,1000,6.07958,271,8.42513,0.000102997,0,4416,121010619328
191.611,5.21891,41.9924,0,97,76,77,2449,1000,6.07965,271,8.41373,0.000102997,0,4441,121114716025
175.326,5.70365,41.9924,0,97,76,77,2449,1000,6.07965,271,8.41373,0.000102997,0,4441,121218801791
179.04,5.58534,41.9924,0,97,76,77,2449,1000,6.07965,271,8.41373,0.000102997,0,4441,121323060752
235.877,4.23949,41.9924,0,97,76,77,2449,1000,6.07965,271,8.41373,0.000102997,0,4441,121427143242
213.748,4.67841,41.9924,0,97,76,77,2449,1000,6.07965,271,8.41373,0.000102997,0,4441,121531259195
174.234,5.73941,40.0251,0,97,76,77,2465,1000,6.05309,271,8.40846,0.000102997,0,4441,121635332147
161.768,6.18168,40.0251,0,97,76,77,2465,1000,6.05309,271,8.40846,0.000102997,0,4441,121739475020
233.74,4.27825,40.0251,0,97,76,77,2465,1000,6.05309,271,8.40846,0.000102997,0,4441,121843555416
201.661,4.95881,40.0251,0,97,76,77,2465,1000,6.05309,271,8.40846,0.000102997,0,4441,121947871975
171.533,5.82978,40.0251,0,97,76,77,2465,1000,6.05309,271,8.40846,0.000102997,0,4441,122052009638
157.949,6.33114,41.2129,0,98,76,77,2472,1000,6.05309,271,8.40282,0.000102997,0,4422,122156111054
210.99,4.73957,41.2129,0,98,76,77,2472,1000,6.05309,271,8.40282,0.000102997,0,4422,122260192692
163.725,6.10782,41.2129,0,98,76,77,2472,1000,6.05309,271,8.40282,0.000102997,0,4422,122364299047
229.063,4.3656,41.2129,0,98,76,77,2472,1000,6.05309,271,8.40282,0.000102997,0,4422,122468377449
160.606,6.22643,41.2129,0,98,76,77,2472,1000,6.05309,271,8.40282,0.000102997,0,4422,122572467043
222.512,4.49415,40.625,0,98,76,77,2466,1000,6.05309,271,8.4068,0.000102997,0,4417,122676556846
201.174,4.97081,40.625,0,98,76,77,2466,1000,6.05309,271,8.4068,0.000102997,0,4417,122780652080
167.176,5.98173,40.625,0,98,76,77,2466,1000,6.05309,271,8.4068,0.000102997,0,4417,122884731985
172.39,5.8008,40.625,0,98,76,77,2466,1000,6.05309,271,8.4068,0.000102997,0,4417,122988839582
178.11,5.61451,40.625,0,98,76,77,2466,1000,6.05309,271,8.4068,0.000102997,0,4417,123093136224
243.587,4.10532,40.4255,0,99,76,77,2464,1000,6.05309,271,8.40703,0.000102997,0,4417,123197215638
170.52,5.86443,40.4255,0,99,76,77,2464,1000,6.05309,271,8.40703,0.000102997,0,4417,123301568655
253.992,3.93713,40.4255,0,99,76,77,2464,1000,6.05309,271,8.40703,0.000102997,0,4417,123405661184
175.015,5.71381,40.4255,0,99,76,77,2464,1000,6.05309,271,8.40703,0.000102997,0,4417,123509756729
183.485,5.45003,40.4255,0,99,76,77,2464,1000,6.05309,271,8.40703,0.000102997,0,4417,123613854638
167.727,5.96208,39.4207,0,98,76,77,2463,1000,6.05309,271,8.40688,0.000102997,0,4426,123717985729
191.675,5.21716,39.4207,0,98,76,77,2463,1000,6.05309,271,8.40688,0.000102997,0,4426,123822080432
165.132,6.05577,39.4207,0,98,76,77,2463,1000,6.05309,271,8.40688,0.000102997,0,4426,123926156189
192.893,5.18422,39.4207,0,98,76,77,2463,1000,6.05309,271,8.40688,0.000102997,0,4426,124030254499
185.078,5.40312,40.6289,0,98,76,77,2466,1000,6.05309,271,8.40688,0.000102997,0,4429,124134534198
181.855,5.49888,40.6289,0,98,76,77,2466,1000,6.05309,271,8.40688,0.000102997,0,4429,124238624693
177.62,5.63001,40.6289,0,98,76,77,2466,1000,6.05309,271,8.40688,0.000102997,0,4429,124342703817
222.564,4.49308,40.6289,0,98,76,77,2466,1000,6.05309,271,8.40688,0.000102997,0,4429,124446789353
230.561,4.33725,40.6289,0,98,76,77,2466,1000,6.05309,271,8.40688,0.000102997,0,4429,124550836567
171.054,5.8461,42.25,0,98,76,77,2466,1000,6.05309,271,8.40961,0.000102997,0,4416,124654920670
158.993,6.2896,42.25,0,98,76,77,2466,1000,6.05309,271,8.40961,0.000102997,0,4416,124758975989
168.983,5.91775,42.25,0,98,76,77,2466,1000,6.05309,271,8.40961,0.000102997,0,4416,124863250068
192.954,5.18259,42.25,0,98,76,77,2466,1000,6.05309,271,8.40961,0.000102997,0,4416,124967326767
195.265,5.12124,42.25,0,98,76,77,2466,1000,6.05309,271,8.40961,0.000102997,0,4416,125071666690
166.275,6.01415,40.4015,0,98,76,77,2465,1000,6.0713,271,8.4061,0.000102997,0,4430,125175821395
221.266,4.51944,40.4015,0,98,76,77,2465,1000,6.0713,271,8.4061,0.000102997,0,4430,125279900318
184.498,5.42012,40.4015,0,98,76,77,2465,1000,6.0713,271,8.4061,0.000102997,0,4430,125383985844
168.489,5.9351,40.4015,0,98,76,77,2465,1000,6.0713,271,8.4061,0.000102997,0,4430,125488079846
173.111,5.77663,40.4015,0,98,76,77,2465,1000,6.0713,271,8.4061,0.000102997,0,4430,125592158839
253.535,3.94423,40.0749,0,98,76,77,2463,1000,6.0713,271,8.40677,0.000102997,0,4441,125696244185
202.686,4.93375,40.0749,0,98,76,77,2463,1000,6.0713,271,8.40677,0.000102997,0,4441,125800334139
194.473,5.1421,40.0749,0,98,76,77,2463,1000,6.0713,271,8.40677,0.000102997,0,4441,125904425104
176.088,5.67899,40.0749,0,98,76,77,2463,1000,6.0713,271,8.40677,0.000102997,0,4441,126008507104
189.74,5.27036,40.0749,0,98,76,77,2463,1000,6.0713,271,8.40677,0.000102997,0,4441,126112616484
193.665,5.16355,38.9788,0,99,76,77,2466,1000,6.06394,271,8.40675,0.000102997,0,4450,126216735833
191.357,5.22583,38.9788,0,99,76,77,2466,1000,6.06394,271,8.40675,0.000102997,0,4450,126320815428
146.749,6.81437,38.9788,0,99,76,77,2466,1000,6.06394,271,8.40675,0.000102997,0,4450,126424898669
235.778,4.24128,38.9788,0,99,76,77,2466,1000,6.06394,271,8.40675,0.000102997,0,4450,126528977262
114.373,8.74329,38.9788,0,99,76,77,2466,1000,6.06394,271,8.40675,0.000102997,0,4450,126633058119
222.824,4.48785,40.2743,0,98,76,77,2463,1000,6.06394,271,8.42559,0.000102997,0,4403,126737143464
224.019,4.46391,40.2743,0,98,76,77,2463,1000,6.06394,271,8.42559,0.000102997,0,4403,126841227006
204.852,4.88158,40.2743,0,98,76,77,2463,1000,6.06394,271,8.42559,0.000102997,0,4403,126945332579
227.26,4.40024,40.2743,0,98,76,77,2463,1000,6.06394,271,8.42559,0.000102997,0,4403,127049410931
185.084,5.40294,41.3233,0,98,76,77,2466,1000,6.05302,271,8.41243,0.000102997,0,4437,127154036490
177.661,5.62868,41.3233,0,98,76,77,2466,1000,6.05302,271,8.41243,0.000102997,0,4437,127258157011
209.532,4.77254,41.3233,0,98,76,77,2466,1000,6.05302,271,8.41243,0.000102997,0,4437,127362241084
189.28,5.28318,41.3233,0,98,76,77,2466,1000,6.05302,271,8.41243,0.000102997,0,4437,127466320518
229.507,4.35717,41.3233,0,98,76,77,2466,1000,6.05302,271,8.41243,0.000102997,0,4437,127570403810
211.63,4.72523,40.0504,0,98,76,77,2463,1000,6.05302,271,8.41035,0.000102997,0,4739,127674487622
201.845,4.95431,40.0504,0,98,76,77,2463,1000,6.05302,271,8.41035,0.000102997,0,4739,127778640695
201.699,4.95789,40.0504,0,98,76,77,2463,1000,6.05302,271,8.41035,0.000102997,0,4739,127882728705
216.971,4.60891,40.0504,0,98,76,77,2463,1000,6.05302,271,8.41035,0.000102997,0,4739,127986993968
182.943,5.46618,40.0504,0,98,76,77,2463,1000,6.05302,271,8.41035,0.000102997,0,4739,128091076858
185.721,5.38442,41.2422,0,99,76,77,2464,1000,6.05302,271,8.42069,0.000102997,0,4441,128195179867
191.367,5.22557,41.2422,0,99,76,77,2464,1000,6.05302,271,8.42069,0.000102997,0,4441,128299262687
253.124,3.95064,41.2422,0,99,76,77,2464,1000,6.05302,271,8.42069,0.000102997,0,4441,128403988864
225.871,4.42731,41.2422,0,99,76,77,2464,1000,6.05302,271,8.42069,0.000102997,0,4441,128508067918
189.403,5.27974,41.2422,0,99,76,77,2464,1000,6.05302,271,8.42069,0.000102997,0,4441,128612241869
209.001,4.78466,40.824,0,98,76,77,2466,1000,6.05302,271,8.41957,0.000102997,0,4416,128716327696
191.698,5.21654,40.824,0,98,76,77,2466,1000,6.05302,271,8.41957,0.000102997,0,4416,128820408001
157.104,6.36521,40.824,0,98,76,77,2466,1000,6.05302,271,8.41957,0.000102997,0,4416,128924990499
169.172,5.91113,40.824,0,98,76,77,2466,1000,6.05302,271,8.41957,0.000102997,0,4416,129029089129
175.137,5.70983,40.824,0,98,76,77,2466,1000,6.05302,271,8.41957,0.000102997,0,4416,129133235258
186.483,5.36241,40.9204,0,98,76,77,2466,1000,6.06037,271,8.42095,0.000102997,0,4416,129237357323
212.313,4.71003,40.9204,0,98,76,77,2466,1000,6.06037,271,8.42095,0.000102997,0,4416,129341445834
185.407,5.39355,40.9204,0,98,76,77,2466,1000,6.06037,271,8.42095,0.000102997,0,4416,129446279041
222.586,4.49264,40.9204,0,98,76,77,2466,1000,6.06037,271,8.42095,0.000102997,0,4416,129550373474
165.6,6.03865,40.9204,0,98,76,77,2466,1000,6.06037,271,8.42095,0.000102997,0,4416,129654461123
203.924,4.90378,41.1765,0,98,76,77,2473,1000,6.0713,271,8.42744,0.000102997,0,4416,129758560736
181.616,5.50612,41.1765,0,98,76,77,2473,1000,6.0713,271,8.42744,0.000102997,0,4416,129862644278
167.741,5.96157,41.1765,0,98,76,77,2473,1000,6.0713,271,8.42744,0.000102997,0,4416,129966724163
185.116,5.40201,41.1765,0,98,76,77,2473,1000,6.0713,271,8.42744,0.000102997,0,4416,130070810069
226.129,4.42225,41.7293,0,98,76,77,2473,1000,6.0713,271,8.42496,0.000102997,0,4416,130174890305
233.378,4.28489,41.7293,0,98,76,77,2473,1000,6.0713,271,8.42496,0.000102997,0,4416,130279292755
228.261,4.38094,41.7293,0,98,76,77,2473,1000,6.0713,271,8.42496,0.000102997,0,4416,130383374463
186.664,5.35722,41.7293,0,98,76,77,2473,1000,6.0713,271,8.42496,0.000102997,0,4416,130487465259
231.244,4.32443,41.7293,0,98,76,77,2473,1000,6.0713,271,8.42496,0.000102997,0,4416,130591555323
231.184,4.32556,41.1028,0,98,76,77,2475,1000,6.0713,271,8.40704,0.000102997,0,4417,130695647261
189.991,5.26342,41.1028,0,98,76,77,2475,1000,6.0713,271,8.40704,0.000102997,0,4417,130799727737
188.514,5.30466,41.1028,0,98,76,77,2475,1000,6.0713,271,8.40704,0.000102997,0,4417,130903811509
226.71,4.41093,41.1028,0,98,76,77,2475,1000,6.0713,271,8.40704,0.000102997,0,4417,131007879843
201.033,4.97432,41.1028,0,98,76,77,2475,1000,6.0713,271,8.40704,0.000102997,0,4417,131111964136
199.045,5.02399,40.3965,0,98,76,77,2469,1000,6.0713,271,8.40775,0.000102997,0,4417,131216545912
208.458,4.79713,40.3965,0,98,76,77,2469,1000,6.0713,271,8.40775,0.000102997,0,4417,131320630897
172.115,5.81008,40.3965,0,98,76,77,2469,1000,6.0713,271,8.40775,0.000102997,0,4417,131424794038
201.226,4.96953,40.3965,0,98,76,77,2469,1000,6.0713,271,8.40775,0.000102997,0,4417,131528889633
172.17,5.8082,40.3965,0,98,76,77,2469,1000,6.0713,271,8.40775,0.000102997,0,4417,131632957576
205.838,4.85819,40.5707,0,98,76,77,2470,1000,6.0713,271,8.40823,0.000102997,0,4426,131737048251
192.005,5.20821,40.5707,0,98,76,77,2470,1000,6.0713,271,8.40823,0.000102997,0,4426,131841166768
269.888,3.70524,40.5707,0,98,76,77,2470,1000,6.0713,271,8.40823,0.000102997,0,4426,131945247415
227.958,4.38678,40.5707,0,98,76,77,2470,1000,6.0713,271,8.40823,0.000102997,0,4426,132049333141
207.225,4.82567,40.5707,0,98,76,77,2470,1000,6.0713,271,8.40823,0.000102997,0,4426,132153684215
162.737,6.14487,39.9254,0,98,76,77,2472,1000,6.06394,271,8.40364,0.000102997,0,4417,132257766955
200.1,4.9975,39.9254,0,98,76,77,2472,1000,6.06394,271,8.40364,0.000102997,0,4417,132362316841
182.938,5.46633,39.9254,0,98,76,77,2472,1000,6.06394,271,8.40364,0.000102997,0,4417,132466401546
239.139,4.18166,39.9254,0,98,76,77,2472,1000,6.06394,271,8.40364,0.000102997,0,4417,132570487793
207.931,4.80928,39.9254,0,98,76,77,2472,1000,6.06394,271,8.40364,0.000102997,0,4417,132674561196
173.657,5.75847,40.8291,0,98,76,77,2476,1000,6.0713,271,8.40513,0.000102997,0,4416,132778766135
192.334,5.19928,40.8291,0,98,76,77,2476,1000,6.0713,271,8.40513,0.000102997,0,4416,132882845189
168.692,5.92798,40.8291,0,98,76,77,2476,1000,6.0713,271,8.40513,0.000102997,0,4416,132986929181
203.421,4.91592,40.8291,0,98,76,77,2476,1000,6.0713,271,8.40513,0.000102997,0,4416,133091024726
176.003,5.68173,40.8978,0,99,77,77,2474,1000,6.0713,271,8.39537,0.000102997,0,4416,133195114700
174.442,5.73257,40.8978,0,99,77,77,2474,1000,6.0713,271,8.39537,0.000102997,0,4416,133299196328
145.011,6.89601,40.8978,0,99,77,77,2474,1000,6.0713,271,8.39537,0.000102997,0,4416,133403290190
175.147,5.70951,40.8978,0,99,77,77,2474,1000,6.0713,271,8.39537,0.000102997,0,4416,133507378240
182.373,5.48327,40.8978,0,99,77,77,2474,1000,6.0713,271,8.39537,0.000102997,0,4416,133611462874
174.938,5.7163,42.1581,0,99,77,77,2472,1000,6.0713,271,8.39537,0.000102997,0,4418,133715545474
207.854,4.81108,42.1581,0,99,77,77,2472,1000,6.0713,271,8.39537,0.000102997,0,4418,133819637723
187.329,5.33819,42.1581,0,99,77,77,2472,1000,6.0713,271,8.39537,0.000102997,0,4418,133923716145
182.309,5.48518,42.1581,0,99,77,77,2472,1000,6.0713,271,8.39537,0.000102997,0,4418,134027795890
200.193,4.99517,42.1581,0,99,77,77,2472,1000,6.0713,271,8.39537,0.000102997,0,4418,134131874983
141.979,7.04328,42.5,0,97,76,77,2481,1000,6.05302,271,8.39536,0.000102997,0,4416,134235929932
213.049,4.69376,42.5,0,97,76,77,2481,1000,6.05302,271,8.39536,0.000102997,0,4416,134340020086
187.875,5.3227,42.5,0,97,76,77,2481,1000,6.05302,271,8.39536,0.000102997,0,4416,134444637790
199.776,5.00561,42.5,0,97,76,77,2481,1000,6.05302,271,8.39536,0.000102997,0,4416,134548752129
171.727,5.8232,42.5,0,97,76,77,2481,1000,6.05302,271,8.39536,0.000102997,0,4416,134652850088
204.666,4.88602,43.3041,0,98,77,77,2478,1000,6.06394,271,8.40466,0.000102997,0,4416,134756944912
141.842,7.05009,43.3041,0,98,77,77,2478,1000,6.06394,271,8.40466,0.000102997,0,4416,134861039805
158.388,6.31362,43.3041,0,98,77,77,2478,1000,6.06394,271,8.40466,0.000102997,0,4416,134965124018
167.325,5.97641,43.3041,0,98,77,77,2478,1000,6.06394,271,8.40466,0.000102997,0,4416,135069212249
207.381,4.82205,43.3041,0,98,77,77,2478,1000,6.06394,271,8.40466,0.000102997,0,4416,135173305048
200.71,4.98231,41.8546,0,98,77,77,2478,1000,6.06394,271,8.39439,0.000102997,0,4429,135277392527
159.059,6.28699,41.8546,0,98,77,77,2478,1000,6.06394,271,8.39439,0.000102997,0,4429,135381472693
198.115,5.04756,41.8546,0,98,77,77,2478,1000,6.06394,271,8.39439,0.000102997,0,4429,135485560954
171.56,5.82885,41.8546,0,98,77,77,2478,1000,6.06394,271,8.39439,0.000102997,0,4429,135589645698
190.033,5.26225,41.8546,0,98,77,77,2478,1000,6.06394,271,8.39439,0.000102997,0,4429,135693738848
188.843,5.2954,41.1692,0,98,77,77,2480,1000,6.0713,271,8.39719,0.000102997,0,4416,135797819044
185.026,5.40465,41.1692,0,98,77,77,2480,1000,6.0713,271,8.39719,0.000102997,0,4416,135902273371
205.084,4.87605,41.1692,0,98,77,77,2480,1000,6.0713,271,8.39719,0.000102997,0,4416,136006360800
199.029,5.02439,41.1692,0,98,77,77,2480,1000,6.0713,271,8.39719,0.000102997,0,4416,136110443340
175.348,5.70295,41.3665,0,99,77,77,2476,1000,6.0495,271,8.39719,0.000102997,0,4416,136214526792
184.249,5.42743,41.3665,0,99,77,77,2476,1000,6.0495,271,8.39719,0.000102997,0,4416,136318606437
164.745,6.06999,41.3665,0,99,77,77,2476,1000,6.0495,271,8.39719,0.000102997,0,4416,136422918056
201.375,4.96587,41.3665,0,99,77,77,2476,1000,6.0495,271,8.39719,0.000102997,0,4416,136527017218
194.556,5.13992,41.3665,0,99,77,77,2476,1000,6.0495,271,8.39719,0.000102997,0,4416,136631105408
164.226,6.08919,41.1321,0,98,76,77,2477,1000,6.0495,271,8.39703,0.000102997,0,4416,136735194681
170.072,5.87986,41.1321,0,98,76,77,2477,1000,6.0495,271,8.39703,0.000102997,0,4416,136839279566
166.033,6.0229,41.1321,0,98,76,77,2477,1000,6.0495,271,8.39703,0.000102997,0,4416,136943390409
244.396,4.09172,41.1321,0,98,76,77,2477,1000,6.0495,271,8.39703,0.000102997,0,4416,137047484440
146.48,6.82688,41.1321,0,98,76,77,2477,1000,6.0495,271,8.39703,0.000102997,0,4416,137151577911
184.522,5.41941,41.4358,0,98,76,77,2478,1000,6.0495,271,8.39529,0.000102997,0,4419,137255679727
190.462,5.2504,41.4358,0,98,76,77,2478,1000,6.0495,271,8.39529,0.000102997,0,4419,137359771525
215.186,4.64715,41.4358,0,98,76,77,2478,1000,6.0495,271,8.39529,0.000102997,0,4419,137463852632
162.618,6.14939,41.4358,0,98,76,77,2478,1000,6.0495,271,8.39529,0.000102997,0,4419,137567918351
133.596,7.48525,41.4358,0,98,76,77,2478,1000,6.0495,271,8.39529,0.000102997,0,4419,137672000971
166.039,6.02269,42.7681,0,98,77,77,2478,1000,6.06037,271,8.40096,0.000102997,0,4442,137776252478
190.007,5.26296,42.7681,0,98,77,77,2478,1000,6.06037,271,8.40096,0.000102997,0,4442,137880337082
172.673,5.7913,42.7681,0,98,77,77,2478,1000,6.06037,271,8.40096,0.000102997,0,4442,137984430242
183.94,5.43654,42.7681,0,98,77,77,2478,1000,6.06037,271,8.40096,0.000102997,0,4442,138088520266
224.848,4.44745,42.7681,0,98,77,77,2478,1000,6.06037,271,8.40096,0.000102997,0,4442,138192607845
189.969,5.26402,42.2111,0,97,77,77,2472,1000,6.06037,271,8.40129,0.000102997,0,4416,138296696176
156.142,6.40442,42.2111,0,97,77,77,2472,1000,6.06037,271,8.40129,0.000102997,0,4416,138400775380
173.311,5.76997,42.2111,0,97,77,77,2472,1000,6.06037,271,8.40129,0.000102997,0,4416,138504854474
162.694,6.14652,42.2111,0,97,77,77,2472,1000,6.06037,271,8.40129,0.000102997,0,4416,138608960057
135.278,7.3922,42.2111,0,97,77,77,2472,1000,6.06037,271,8.40129,0.000102997,0,4416,138713055572
143.932,6.94772,41.519,0,98,77,77,2446,1000,6.06037,271,8.40104,0.000102997,0,4416,138817135186
176.379,5.66961,41.519,0,98,77,77,2446,1000,6.06037,271,8.40104,0.000102997,0,4416,138921214390
212.423,4.70759,41.519,0,98,77,77,2446,1000,6.06037,271,8.40104,0.000102997,0,4416,139025294876
168.934,5.91949,41.519,0,98,77,77,2446,1000,6.06037,271,8.40104,0.000102997,0,4416,139129372056
197.317,5.06799,40.806,0,93,77,77,2462,1000,6.06037,270,8.40163,0.000102997,0,4441,139233450569
188.231,5.31262,40.806,0,93,77,77,2462,1000,6.06037,270,8.40163,0.000102997,0,4441,139337546304
178.117,5.6143,40.806,0,93,77,77,2462,1000,6.06037,270,8.40163,0.000102997,0,4441,139441747456
194.516,5.14096,40.806,0,93,77,77,2462,1000,6.06037,270,8.40163,0.000102997,0,4441,139545841368
182.168,5.48944,40.806,0,93,77,77,2462,1000,6.06037,270,8.40163,0.000102997,0,4441,139649975244
192.62,5.19157,43.4509,0,96,77,77,2465,1000,6.06394,271,8.40166,0.000102997,0,4416,139754056792
176.474,5.66654,43.4509,0,96,77,77,2465,1000,6.06394,271,8.40166,0.000102997,0,4416,139858315543
198.177,5.04599,43.4509,0,96,77,77,2465,1000,6.06394,271,8.40166,0.000102997,0,4416,139962411398
194.346,5.14546,43.4509,0,96,77,77,2465,1000,6.06394,271,8.40166,0.000102997,0,4416,140066496563
172.297,5.80394,43.4509,0,96,77,77,2465,1000,6.06394,271,8.40166,0.000102997,0,4416,140170575195
169.826,5.88838,41.0289,0,96,77,77,2465,1000,6.06394,271,8.4011,0.000102997,0,4416,140274769545
142.729,7.00627,41.0289,0,96,77,77,2465,1000,6.06394,271,8.4011,0.000102997,0,4416,140378886430
177.61,5.63033,41.0289,0,96,77,77,2465,1000,6.06394,271,8.4011,0.000102997,0,4416,140483043059
188.046,5.31784,41.0289,0,96,77,77,2465,1000,6.06394,271,8.4011,0.000102997,0,4416,140587129215
154.7,6.46411,41.0289,0,96,77,77,2465,1000,6.06394,271,8.4011,0.000102997,0,4416,140691210002
195.564,5.11341,42.2446,0,98,77,77,2472,1000,6.06394,271,8.39633,0.000102997,0,4440,140795255854
232.074,4.30897,42.2446,0,98,77,77,2472,1000,6.06394,271,8.39633,0.000102997,0,4440,140899347441
202.814,4.93061,42.2446,0,98,77,77,2472,1000,6.06394,271,8.39633,0.000102997,0,4440,141003431363
186.657,5.35741,42.2446,0,98,77,77,2472,1000,6.06394,271,8.39633,0.000102997,0,4440,141107586700
179.72,5.56421,42.2446,0,98,77,77,2472,1000,6.06394,271,8.39633,0.000102997,0,4440,141211651336
175.335,5.70335,41.761,0,98,77,77,2474,1000,6.06394,271,8.39668,0.000102997,0,4421,141315737163
170.629,5.86067,41.761,0,98,77,77,2474,1000,6.06394,271,8.39668,0.000102997,0,4421,141419820464
207.297,4.82401,41.761,0,98,77,77,2474,1000,6.06394,271,8.39668,0.000102997,0,4421,141524769248
227.771,4.39038,41.761,0,98,77,77,2474,1000,6.06394,271,8.39668,0.000102997,0,4421,141628855165
201.909,4.95274,41.761,0,98,77,77,2474,1000,6.06394,271,8.39668,0.000102997,0,4421,141732942113
184.861,5.40948,42.5718,0,98,77,77,2218,1000,6.06394,271,8.3966,0.000102997,0,4416,141837116425
157.889,6.33356,42.5718,0,98,77,77,2218,1000,6.06394,271,8.3966,0.000102997,0,4416,141941200518
128.346,7.79146,42.5718,0,98,77,77,2218,1000,6.06394,271,8.3966,0.000102997,0,4416,142045279582
189.283,5.28309,42.5718,0,98,77,77,2218,1000,6.06394,271,8.3966,0.000102997,0,4416,142149366089
189.897,5.266,42.3515,0,95,77,77,2470,1000,6.06394,270,8.39653,0.000102997,0,4417,142253403675
232.915,4.29342,42.3515,0,95,77,77,2470,1000,6.06394,270,8.39653,0.000102997,0,4417,142357484252
210.427,4.75224,42.3515,0,95,77,77,2470,1000,6.06394,270,8.39653,0.000102997,0,4417,142461562975
230.605,4.33641,42.3515,0,95,77,77,2470,1000,6.06394,270,8.39653,0.000102997,0,4417,142565866178
188.779,5.2972,42.3515,0,95,77,77,2470,1000,6.06394,270,8.39653,0.000102997,0,4417,142669957224
173.663,5.75829,42.375,0,98,77,77,2469,1000,6.06394,271,8.39638,0.000102997,0,4416,142774041137
220.841,4.52815,42.375,0,98,77,77,2469,1000,6.06394,271,8.39638,0.000102997,0,4416,142878092539
167.648,5.96486,42.375,0,98,77,77,2469,1000,6.06394,271,8.39638,0.000102997,0,4416,142982173115
213.19,4.69064,42.375,0,98,77,77,2469,1000,6.06394,271,8.39638,0.000102997,0,4416,143086262208
199.326,5.01692,42.375,0,98,77,77,2469,1000,6.06394,271,8.39638,0.000102997,0,4416,143190347673
210.73,4.74542,42.7148,0,97,77,77,2467,1000,6.06394,271,8.41265,0.000102997,0,4416,143294433670
160.068,6.24734,42.7148,0,97,77,77,2467,1000,6.06394,271,8.41265,0.000102997,0,4416,143398518654
243.922,4.09968,42.7148,0,97,77,77,2467,1000,6.06394,271,8.41265,0.000102997,0,4416,143502766204
181.744,5.50225,42.7148,0,97,77,77,2467,1000,6.06394,271,8.41265,0.000102997,0,4416,143606847572
151.262,6.61104,42.7148,0,97,77,77,2467,1000,6.06394,271,8.41265,0.000102997,0,4416,143710933148
172.067,5.81171,41.6141,0,98,77,77,2476,1000,6.05302,271,8.41306,0.000102997,0,4416,143815022951
207.402,4.82155,41.6141,0,98,77,77,2476,1000,6.05302,271,8.41306,0.000102997,0,4416,143919109218
210.53,4.74993,41.6141,0,98,77,77,2476,1000,6.05302,271,8.41306,0.000102997,0,4416,144023344836
200.504,4.98744,41.6141,0,98,77,77,2476,1000,6.05302,271,8.41306,0.000102997,0,4416,144127423859
211.533,4.7274,41.6141,0,98,77,77,2476,1000,6.05302,271,8.41306,0.000102997,0,4416,144231512250
196.63,5.08569,42.2111,0,99,77,77,2469,1000,6.05399,271,8.41288,0.000102997,0,4425,144335596764
160.362,6.23588,42.2111,0,99,77,77,2469,1000,6.05399,271,8.41288,0.000102997,0,4425,144439689814
195.017,5.12775,42.2111,0,99,77,77,2469,1000,6.05399,271,8.41288,0.000102997,0,4425,144544319780
192.237,5.2019,42.2111,0,99,77,77,2469,1000,6.05399,271,8.41288,0.000102997,0,4425,144648398523
188.251,5.31205,42.2111,0,99,77,77,2469,1000,6.05399,271,8.41288,0.000102997,0,4425,144752481564
255.092,3.92016,42.0126,0,97,77,77,2442,1000,6.05302,271,8.40928,0.000102997,0,4441,144856565958
233.751,4.27806,42.0126,0,97,77,77,2442,1000,6.05302,271,8.40928,0.000102997,0,4441,144960650952
208.917,4.78659,42.0126,0,97,77,77,2442,1000,6.05302,271,8.40928,0.000102997,0,4441,145064744754
225.586,4.43289,42.0126,0,97,77,77,2442,1000,6.05302,271,8.40928,0.000102997,0,4441,145168842222
213.395,4.68615,42.4318,0,97,77,77,2442,1000,6.05302,271,8.40927,0.000102997,0,4429,145272936193
218.193,4.58309,42.4318,0,97,77,77,2442,1000,6.05302,271,8.40927,0.000102997,0,4429,145377023773
192.974,5.18204,42.4318,0,97,77,77,2442,1000,6.05302,271,8.40927,0.000102997,0,4429,145481107375
165.788,6.03179,42.4318,0,97,77,77,2442,1000,6.05302,271,8.40927,0.000102997,0,4429,145585189584
233.171,4.28869,42.4318,0,97,77,77,2442,1000,6.05302,271,8.40927,0.000102997,0,4429,145689277955
184.994,5.40557,41.6773,0,98,77,77,2477,1000,6.05302,271,8.40972,0.000102997,0,4423,145793834975
177.532,5.6328,41.6773,0,98,77,77,2477,1000,6.05302,271,8.40972,0.000102997,0,4423,145897914359
225.623,4.43218,41.6773,0,98,77,77,2477,1000,6.05302,271,8.40972,0.000102997,0,4423,146001997460
198.917,5.02722,41.6773,0,98,77,77,2477,1000,6.05302,271,8.40972,0.000102997,0,4423,146106080121
194.522,5.14082,41.6773,0,98,77,77,2477,1000,6.05302,271,8.40972,0.000102997,0,4423,146210167780
160.899,6.21506,42.6966,0,97,77,77,2478,1000,6.05302,268,8.40984,0.000102997,0,4417,146314226987
183.994,5.43495,42.6966,0,97,77,77,2478,1000,6.05302,268,8.40984,0.000102997,0,4417,146418454849
131.055,7.63036,42.6966,0,97,77,77,2478,1000,6.05302,268,8.40984,0.000102997,0,4417,146522533823
180.333,5.54529,42.6966,0,97,77,77,2478,1000,6.05302,268,8.40984,0.000102997,0,4417,146626626822
183.487,5.44997,42.6966,0,97,77,77,2478,1000,6.05302,268,8.40984,0.000102997,0,4417,146730823717
188.796,5.29672,43.5866,0,98,77,77,2473,1000,6.07958,271,8.41533,0.000102997,0,4414,146834902780
183.481,5.45017,43.5866,0,98,77,77,2473,1000,6.07958,271,8.41533,0.000102997,0,4414,146938982115
188.186,5.31389,43.5866,0,98,77,77,2473,1000,6.07958,271,8.41533,0.000102997,0,4414,147043068702
175.181,5.70839,43.5866,0,98,77,77,2473,1000,6.07958,271,8.41533,0.000102997,0,4414,147147535934
225.717,4.43033,43.5866,0,98,77,77,2473,1000,6.07958,271,8.41533,0.000102997,0,4414,147251621309
221.184,4.52112,41.1543,0,97,77,77,2472,1000,6.06037,271,8.42048,0.000102997,0,4433,147355699411
203.36,4.91739,41.1543,0,97,77,77,2472,1000,6.06037,271,8.42048,0.000102997,0,4433,147460489688
193.753,5.16122,41.1543,0,97,77,77,2472,1000,6.06037,271,8.42048,0.000102997,0,4433,147564575274
199.226,5.01943,41.1543,0,97,77,77,2472,1000,6.06037,271,8.42048,0.000102997,0,4433,147668659136
150.372,6.65016,41.1543,0,97,77,77,2472,1000,6.06037,271,8.42048,0.000102997,0,4433,147772732369
179.834,5.56069,41.4268,0,98,77,77,2475,1000,6.06037,271,8.41222,0.000102997,0,4416,147876828294
175.074,5.71188,41.4268,0,98,77,77,2475,1000,6.06037,271,8.41222,0.000102997,0,4416,147980916835
202.327,4.94251,41.4268,0,98,77,77,2475,1000,6.06037,271,8.41222,0.000102997,0,4416,148085000938
194.382,5.14451,41.4268,0,98,77,77,2475,1000,6.06037,271,8.41222,0.000102997,0,4416,148189092125
190.671,5.24464,42.2836,0,98,77,77,2467,1000,6.06037,271,8.41222,0.000102997,0,4416,148293182930
188.507,5.30484,42.2836,0,98,77,77,2467,1000,6.06037,271,8.41222,0.000102997,0,4416,148397270029
193.501,5.16793,42.2836,0,98,77,77,2467,1000,6.06037,271,8.41222,0.000102997,0,4416,148501347419
208.564,4.7947,42.2836,0,98,77,77,2467,1000,6.06037,271,8.41222,0.000102997,0,4416,148605427815
200.267,4.99332,42.2836,0,98,77,77,2467,1000,6.06037,271,8.41222,0.000102997,0,4416,148709512800
160.638,6.22518,41.7193,0,98,77,77,2476,1000,6.06037,271,8.41265,0.000102997,0,4416,148813618894
148.51,6.73357,41.7193,0,98,77,77,2476,1000,6.06037,271,8.41265,0.000102997,0,4416,148917711383
179.859,5.5599,41.7193,0,98,77,77,2476,1000,6.06037,271,8.41265,0.000102997,0,4416,149021800425
211.59,4.72611,41.7193,0,98,77,77,2476,1000,6.06037,271,8.41265,0.000102997,0,4416,149125883787
180.067,5.5535,41.7193,0,98,77,77,2476,1000,6.06037,271,8.41265,0.000102997,0,4416,149229969223
199.357,5.01613,42.1581,0,97,77,77,2470,1000,6.06037,271,8.41356,0.000102997,0,4416,149334101245
194.109,5.15175,42.1581,0,97,77,77,2470,1000,6.06037,271,8.41356,0.000102997,0,4416,149438200126
154.023,6.49254,42.1581,0,97,77,77,2470,1000,6.06037,271,8.41356,0.000102997,0,4416,149543408196
167.014,5.98753,42.1581,0,97,77,77,2470,1000,6.06037,271,8.41356,0.000102997,0,4416,149647501036
176.513,5.66531,42.1581,0,97,77,77,2470,1000,6.06037,271,8.41356,0.000102997,0,4416,149751591521
193.726,5.16192,43.7656,0,97,77,77,2435,1000,6.06037,271,8.40963,0.000102997,0,4410,149855679822
184.69,5.41449,43.7656,0,97,77,77,2435,1000,6.06037,271,8.40963,0.000102997,0,4410,149959769535
186.352,5.3662,43.7656,0,97,77,77,2435,1000,6.06037,271,8.40963,0.000102997,0,4410,150063854159
