os,cpu,gpu,ram,kernel,driver,cpuscheduler
Arch Linux,AMD Ryzen 7 5800X 8-Core Processor,AMD Radeon RX 6900 XT ,32764444,7.0.9-arch1-1,,performance
fps,frametime,cpu_load,cpu_power,gpu_load,cpu_temp,gpu_temp,gpu_core_clock,gpu_mem_clock,gpu_vram_used,gpu_power,ram_used,swap_used,process_rss,cpu_mhz,elapsed
43.632,22.9189,12.75,0,99,71,64,2484,1000,5.10765,271,5.54841,0,0,4784,559516847
45.7583,21.854,12.75,0,99,71,64,2484,1000,5.10765,271,5.54841,0,0,4784,663725150
45.3039,22.0732,12.75,0,99,71,64,2484,1000,5.10765,271,5.54841,0,0,4784,767809030
46.036,21.7221,12.75,0,99,71,64,2484,1000,5.10765,271,5.54841,0,0,4784,871896386
44.2964,22.5752,13.2934,0,99,71,64,2500,1000,5.10765,271,5.56293,0,0,4753,975989182
44.107,22.6721,13.2934,0,99,71,64,2500,1000,5.10765,271,5.56293,0,0,4753,1080075887
45.5377,21.9598,13.2934,0,99,71,64,2500,1000,5.10765,271,5.56293,0,0,4753,1184169425
41.5239,24.0825,13.2934,0,99,71,64,2500,1000,5.10765,271,5.56293,0,0,4753,1288249327
47.3333,21.1268,13.2934,0,99,71,64,2500,1000,5.10765,271,5.56293,0,0,4753,1392335802
41.8354,23.9032,13.4132,0,99,70,64,2472,1000,5.10764,271,5.56267,0,0,4762,1496442784
40.2867,24.8221,13.4132,0,99,70,64,2472,1000,5.10764,271,5.56267,0,0,4762,1600528087
42.8764,23.3229,13.4132,0,99,70,64,2472,1000,5.10764,271,5.56267,0,0,4762,1704623758
44.1301,22.6603,13.4132,0,99,70,64,2472,1000,5.10764,271,5.56267,0,0,4762,1808707187
41.9728,23.825,13.4132,0,99,70,64,2472,1000,5.10764,271,5.56267,0,0,4762,1912798420
42.3851,23.5932,13.0383,0,99,70,64,2498,1000,5.1096,271,5.56199,0,0,4658,2016896236
41.4817,24.107,13.0383,0,99,70,64,2498,1000,5.1096,271,5.56199,0,0,4658,2120979986
44.6437,22.3996,13.0383,0,99,70,64,2498,1000,5.1096,271,5.56199,0,0,4658,2225071199
42.7204,23.408,13.0383,0,99,70,64,2498,1000,5.1096,271,5.56199,0,0,4658,2329155820
45.3744,22.0389,13.0383,0,99,70,64,2498,1000,5.1096,271,5.56199,0,0,4658,2433247584
42.7803,23.3753,13.3094,0,99,69,65,2474,1000,5.09293,271,5.56273,0,0,4687,2537339860
45.9264,21.7739,13.3094,0,99,69,65,2474,1000,5.09293,271,5.56273,0,0,4687,2641429370
48.4875,20.6239,13.3094,0,99,69,65,2474,1000,5.09293,271,5.56273,0,0,4687,2745533106
50.8772,19.6552,13.3094,0,99,69,65,2474,1000,5.09293,271,5.56273,0,0,4687,2849618449
43.4984,22.9893,13.3094,0,99,69,65,2474,1000,5.09293,271,5.56273,0,0,4687,2953710073
43.8505,22.8048,12.4246,0,99,69,65,2474,1000,5.09293,271,5.56274,0,0,4765,3057816465
43.4874,22.9952,12.4246,0,99,69,65,2474,1000,5.09293,271,5.56274,0,0,4765,3161900404
45.3191,22.0657,12.4246,0,99,69,65,2474,1000,5.09293,271,5.56274,0,0,4765,3265991287
41.4008,24.1541,12.4246,0,99,69,65,2474,1000,5.09293,271,5.56274,0,0,4765,3370075938
44.3883,22.5285,12.4246,0,99,69,65,2474,1000,5.09293,271,5.56274,0,0,4765,3474167151
42.4512,23.5565,12.5156,0,99,68,65,2477,1000,5.09293,271,5.56254,0,0,4653,3578277511
45.796,21.836,12.5156,0,99,68,65,2477,1000,5.09293,271,5.56254,0,0,4653,3682358775
46.4883,21.5108,12.5156,0,99,68,65,2477,1000,5.09293,271,5.56254,0,0,4653,3786443957
48.6808,20.542,12.5156,0,99,68,65,2477,1000,5.09293,271,5.56254,0,0,4653,3890535040
45.3623,22.0448,12.5156,0,99,68,65,2477,1000,5.09293,271,5.56254,0,0,4653,3994635171
44.2056,22.6216,12.4547,0,99,68,65,2489,1000,5.09488,271,5.56064,0,0,4715,4098791766
40.3361,24.7917,12.4547,0,99,68,65,2489,1000,5.09488,271,5.56064,0,0,4715,4202875355
45.8695,21.801,12.4547,0,99,68,65,2489,1000,5.09488,271,5.56064,0,0,4715,4306960868
44.3986,22.5232,12.4547,0,99,68,65,2489,1000,5.09488,271,5.56064,0,0,4715,4411047854
46.0316,21.7242,12.4547,0,99,68,65,2489,1000,5.09488,271,5.56064,0,0,4715,4515134659
45.5405,21.9585,12.7404,0,99,68,65,2473,1000,5.089,271,5.558,0,0,4714,4619249937
49.6225,20.1522,12.7404,0,99,68,65,2473,1000,5.089,271,5.558,0,0,4714,4723334328
45.982,21.7477,12.7404,0,99,68,65,2473,1000,5.089,271,5.558,0,0,4714,4827421423
49.3425,20.2665,12.7404,0,99,68,65,2473,1000,5.089,271,5.558,0,0,4714,4931541681
44.0027,22.7259,12.7404,0,99,68,65,2473,1000,5.089,271,5.558,0,0,4714,5035627614
48.3738,20.6723,12.3636,0,99,67,66,2500,1000,5.089,271,5.56269,0,0,4615,5139716844
45.7155,21.8744,12.3636,0,99,67,66,2500,1000,5.089,271,5.56269,0,0,4615,5243823677
44.5187,22.4625,12.3636,0,99,67,66,2500,1000,5.089,271,5.56269,0,0,4615,5347913537
45.713,21.8756,12.3636,0,99,67,66,2500,1000,5.089,271,5.56269,0,0,4615,5451998940
42.9618,23.2765,12.3636,0,99,67,66,2500,1000,5.089,271,5.56269,0,0,4615,5556097587
44.2171,22.6157,11.6564,0,99,67,66,2484,1000,5.09488,271,5.55615,0,0,4685,5660181427
42.9023,23.3088,11.6564,0,99,67,66,2484,1000,5.09488,271,5.55615,0,0,4685,5764264344
46.1017,21.6912,11.6564,0,99,67,66,2484,1000,5.09488,271,5.55615,0,0,4685,5868351701
45.2402,22.1042,11.6564,0,99,67,66,2484,1000,5.09488,271,5.55615,0,0,4685,5972436081
43.852,22.804,11.6564,0,99,67,66,2484,1000,5.09488,271,5.55615,0,0,4685,6076539347
42.4832,23.5387,12.4239,0,99,67,65,2468,1000,5.09488,271,5.55402,0,0,4665,6180625461
42.8192,23.354,12.4239,0,99,67,65,2468,1000,5.09488,271,5.55402,0,0,4665,6284719109
44.0046,22.7249,12.4239,0,99,67,65,2468,1000,5.09488,271,5.55402,0,0,4665,6388813969
41.985,23.818,12.4239,0,99,67,65,2468,1000,5.09488,271,5.55402,0,0,4665,6492901165
44.9124,22.2656,12.4239,0,99,67,65,2468,1000,5.09488,271,5.55402,0,0,4665,6596990354
44.944,22.2499,13.6253,0,99,66,66,2483,1000,5.09488,271,5.55449,0,0,4665,6701094993
44.2785,22.5843,13.6253,0,99,66,66,2483,1000,5.09488,271,5.55449,0,0,4665,6805179664
42.6828,23.4287,13.6253,0,99,66,66,2483,1000,5.09488,271,5.55449,0,0,4665,6909267501
42.1696,23.7138,13.6253,0,99,66,66,2483,1000,5.09488,271,5.55449,0,0,4665,7013367430
48.1549,20.7663,13.6253,0,99,66,66,2483,1000,5.09488,271,5.55449,0,0,4665,7117436041
43.4029,23.04,13.0061,0,99,66,66,2492,1000,5.09683,271,5.55494,0,0,4620,7221532204
44.2556,22.596,13.0061,0,99,66,66,2492,1000,5.09683,271,5.55494,0,0,4620,7325623367
44.4285,22.5081,13.0061,0,99,66,66,2492,1000,5.09683,271,5.55494,0,0,4620,7429705423
47.0762,21.2421,13.0061,0,99,66,66,2492,1000,5.09683,271,5.55494,0,0,4620,7533800975
45.5328,21.9622,13.0061,0,99,66,66,2492,1000,5.09683,271,5.55494,0,0,4620,7637884965
47.7721,20.9327,12.6103,0,99,66,66,2492,1000,5.09683,271,5.55605,0,0,4640,7741974735
39.2466,25.4799,12.6103,0,99,66,66,2492,1000,5.09683,271,5.55605,0,0,4640,7846073803
42.0803,23.7641,12.6103,0,99,66,66,2492,1000,5.09683,271,5.55605,0,0,4640,7950171930
44.396,22.5246,12.6103,0,99,66,66,2492,1000,5.09683,271,5.55605,0,0,4640,8054259546
39.7407,25.1631,12.6103,0,99,66,66,2492,1000,5.09683,271,5.55605,0,0,4640,8158363393
40.6303,24.6122,12.2744,0,99,65,66,2491,1000,5.12711,271,5.55466,0,0,4740,8262447062
41.4181,24.144,12.2744,0,99,65,66,2491,1000,5.12711,271,5.55466,0,0,4740,8366527536
43.6743,22.8968,12.2744,0,99,65,66,2491,1000,5.12711,271,5.55466,0,0,4740,8470616234
41.7274,23.9651,12.2744,0,99,65,66,2491,1000,5.12711,271,5.55466,0,0,4740,8574706486
41.2327,24.2526,12.2744,0,99,65,66,2491,1000,5.12711,271,5.55466,0,0,4740,8678820712
40.9054,24.4467,13.0852,0,99,65,66,2451,1000,5.12711,271,5.55202,0,0,4615,8782904181
42.1995,23.697,13.0852,0,99,65,66,2451,1000,5.12711,271,5.55202,0,0,4615,8886988161
40.6606,24.5938,13.0852,0,99,65,66,2451,1000,5.12711,271,5.55202,0,0,4615,8991070037
36.0235,27.7597,13.0852,0,99,65,66,2451,1000,5.12711,271,5.55202,0,0,4615,9095695993
40.7316,24.551,13.0852,0,99,65,66,2451,1000,5.12711,271,5.55202,0,0,4615,9199828594
44.3621,22.5417,19.0073,0,99,65,66,2486,1000,5.12906,271,5.55075,0,0,4740,9303922121
40.4705,24.7094,19.0073,0,99,65,66,2486,1000,5.12906,271,5.55075,0,0,4740,9408001473
38.7104,25.8329,19.0073,0,99,65,66,2486,1000,5.12906,271,5.55075,0,0,4740,9512087817
41.9642,23.8298,19.0073,0,99,65,66,2486,1000,5.12906,271,5.55075,0,0,4740,9616174331
42.7563,23.3884,19.0073,0,99,65,66,2486,1000,5.12906,271,5.55075,0,0,4740,9720262028
43.0415,23.2334,13.0329,0,98,65,66,2457,1000,5.12711,271,5.54949,0,0,4640,9824344605
45.2996,22.0753,13.0329,0,98,65,66,2457,1000,5.12711,271,5.54949,0,0,4640,9928438804
44.4168,22.514,13.0329,0,98,65,66,2457,1000,5.12711,271,5.54949,0,0,4640,10032525138
42.9791,23.2671,13.0329,0,98,65,66,2457,1000,5.12711,271,5.54949,0,0,4640,10136608968
45.0289,22.208,13.0329,0,98,65,66,2457,1000,5.12711,271,5.54949,0,0,4640,10240692046
42.909,23.3051,12.6829,0,99,65,66,2460,1000,5.12711,271,5.54889,0,0,4667,10344752151
40.7821,24.5206,12.6829,0,99,65,66,2460,1000,5.12711,271,5.54889,0,0,4667,10448842723
40.9187,24.4387,12.6829,0,99,65,66,2460,1000,5.12711,271,5.54889,0,0,4667,10552929107
40.5015,24.6905,12.6829,0,99,65,66,2460,1000,5.12711,271,5.54889,0,0,4667,10657017285
43.302,23.0936,12.6829,0,99,65,66,2460,1000,5.12711,271,5.54889,0,0,4667,10761097447
49.845,20.0622,12.9426,0,99,65,66,2474,1000,5.12711,271,5.53798,0,0,4665,10865199381
42.0172,23.7998,12.9426,0,99,65,66,2474,1000,5.12711,271,5.53798,0,0,4665,10969280195
42.5608,23.4958,12.9426,0,99,65,66,2474,1000,5.12711,271,5.53798,0,0,4665,11073376828
42.4794,23.5408,12.9426,0,99,65,66,2474,1000,5.12711,271,5.53798,0,0,4665,11177460588
47.9778,20.843,12.9426,0,99,65,66,2474,1000,5.12711,271,5.53798,0,0,4665,11281547302
41.297,24.2149,12.0988,0,99,65,66,2475,1000,5.12711,271,5.53481,0,0,4740,11385630671
43.427,23.0272,12.0988,0,99,65,66,2475,1000,5.12711,271,5.53481,0,0,4740,11489722145
43.4642,23.0075,12.0988,0,99,65,66,2475,1000,5.12711,271,5.53481,0,0,4740,11593832965
43.2468,23.1231,12.0988,0,99,65,66,2475,1000,5.12711,271,5.53481,0,0,4740,11697921143
43.417,23.0324,12.5771,0,99,64,66,2481,1000,5.12906,271,5.53322,0,0,4707,11802006325
42.7896,23.3701,12.5771,0,99,64,66,2481,1000,5.12906,271,5.53322,0,0,4707,11906093470
41.7354,23.9605,12.5771,0,99,64,66,2481,1000,5.12906,271,5.53322,0,0,4707,12010175036
48.2973,20.7051,12.5771,0,99,64,66,2481,1000,5.12906,271,5.53322,0,0,4707,12114271358
40.1447,24.9099,12.5771,0,99,64,66,2481,1000,5.12906,271,5.53322,0,0,4707,12218366359
42.7891,23.3704,13.0221,0,99,64,66,2482,1000,5.12318,271,5.53167,0,0,4749,12322463343
43.5235,22.9761,13.0221,0,99,64,66,2482,1000,5.12318,271,5.53167,0,0,4749,12426550048
49.5168,20.1952,13.0221,0,99,64,66,2482,1000,5.12318,271,5.53167,0,0,4749,12530633036
43.3485,23.0689,13.0221,0,99,64,66,2482,1000,5.12318,271,5.53167,0,0,4749,12634725201
41.8011,23.9228,13.0221,0,99,64,66,2482,1000,5.12318,271,5.53167,0,0,4749,12738823868
44.4835,22.4802,13.6531,0,99,64,66,2483,1000,5.12514,271,5.5309,0,0,4640,12842916845
47.5068,21.0496,13.6531,0,99,64,66,2483,1000,5.12514,271,5.5309,0,0,4640,12947047101
44.9635,22.2403,13.6531,0,99,64,66,2483,1000,5.12514,271,5.5309,0,0,4640,13051139397
42.9267,23.2955,13.6531,0,99,64,66,2483,1000,5.12514,271,5.5309,0,0,4640,13155264634
43.6835,22.8919,13.6531,0,99,64,66,2483,1000,5.12514,271,5.5309,0,0,4640,13259352210
42.2994,23.641,13.67,0,99,64,66,2470,1000,5.12318,271,5.53114,0,0,4640,13363463431
40.5161,24.6816,13.67,0,99,64,66,2470,1000,5.12318,271,5.53114,0,0,4640,13467550427
41.8604,23.8889,13.67,0,99,64,66,2470,1000,5.12318,271,5.53114,0,0,4640,13571637412
46.3349,21.582,13.67,0,99,64,66,2470,1000,5.12318,271,5.53114,0,0,4640,13675728004
42.9927,23.2598,13.67,0,99,64,66,2470,1000,5.12318,271,5.53114,0,0,4640,13779843193
43.5953,22.9383,12.995,0,99,64,67,2466,1000,5.12318,271,5.53437,0,0,4652,13883941209
44.6429,22.4,12.995,0,99,64,67,2466,1000,5.12318,271,5.53437,0,0,4652,13988027292
42.0783,23.7652,12.995,0,99,64,67,2466,1000,5.12318,271,5.53437,0,0,4652,14092122113
41.4611,24.119,12.995,0,99,64,67,2466,1000,5.12318,271,5.53437,0,0,4652,14196210661
42.6044,23.4717,12.995,0,99,64,67,2466,1000,5.12318,271,5.53437,0,0,4652,14300300281
40.5712,24.648,13.3907,0,99,64,67,2464,1000,5.15541,271,5.53054,0,0,4678,14404398838
43.9134,22.7721,13.3907,0,99,64,67,2464,1000,5.15541,271,5.53054,0,0,4678,14508492677
42.8197,23.3538,13.3907,0,99,64,67,2464,1000,5.15541,271,5.53054,0,0,4678,14612578420
46.9594,21.295,13.3907,0,99,64,67,2464,1000,5.15541,271,5.53054,0,0,4678,14716681976
45.2788,22.0854,13.3907,0,99,64,67,2464,1000,5.15541,271,5.53054,0,0,4678,14820749856
45.567,21.9457,14.5455,0,99,64,67,2473,1000,5.12514,271,5.52344,0,0,4765,14924841259
46.6071,21.4559,14.5455,0,99,64,67,2473,1000,5.12514,271,5.52344,0,0,4765,15028948753
44.7331,22.3548,14.5455,0,99,64,67,2473,1000,5.12514,271,5.52344,0,0,4765,15133033004
48.0211,20.8242,14.5455,0,99,64,67,2473,1000,5.12514,271,5.52344,0,0,4765,15237122654
41.3999,24.1547,14.5455,0,99,64,67,2473,1000,5.12514,271,5.52344,0,0,4765,15341257709
48.5751,20.5867,14.4078,0,99,64,67,2481,1000,5.12514,271,5.53049,0,0,4638,15445337852
40.2549,24.8417,14.4078,0,99,64,67,2481,1000,5.12514,271,5.53049,0,0,4638,15549421972
43.4062,23.0382,14.4078,0,99,64,67,2481,1000,5.12514,271,5.53049,0,0,4638,15653512554
42.1058,23.7497,14.4078,0,99,64,67,2481,1000,5.12514,271,5.53049,0,0,4638,15757597786
44.0268,22.7134,14.4078,0,99,64,67,2481,1000,5.12514,271,5.53049,0,0,4638,15861688889
48.3887,20.666,13.9024,0,99,64,67,2475,1000,5.12318,271,5.52801,0,0,4740,15965754445
41.7703,23.9405,13.9024,0,99,64,67,2475,1000,5.12318,271,5.52801,0,0,4740,16069840168
47.7557,20.9399,13.9024,0,99,64,67,2475,1000,5.12318,271,5.52801,0,0,4740,16173930249
45.7542,21.8559,13.9024,0,99,64,67,2475,1000,5.12318,271,5.52801,0,0,4740,16278015491
45.4273,22.0132,12.9032,0,99,64,67,2475,1000,5.12318,271,5.52813,0,0,4731,16382136049
41.081,24.3422,12.9032,0,99,64,67,2475,1000,5.12318,271,5.52813,0,0,4731,16486216282
42.6433,23.4503,12.9032,0,99,64,67,2475,1000,5.12318,271,5.52813,0,0,4731,16590300763
44.486,22.479,12.9032,0,99,64,67,2475,1000,5.12318,271,5.52813,0,0,4731,16694390714
46.2776,21.6087,12.9032,0,99,64,67,2475,1000,5.12318,271,5.52813,0,0,4731,16798490463
48.8353,20.477,13.5301,0,99,64,67,2455,1000,5.12318,271,5.52809,0,0,4690,16902573120
40.9592,24.4145,13.5301,0,99,64,67,2455,1000,5.12318,271,5.52809,0,0,4690,17006655758
45.0708,22.1873,13.5301,0,99,64,67,2455,1000,5.12318,271,5.52809,0,0,4690,17110738435
45.9778,21.7496,13.5301,0,99,64,67,2455,1000,5.12318,271,5.52809,0,0,4690,17214831452
42.5164,23.5203,13.5301,0,99,64,67,2455,1000,5.12318,271,5.52809,0,0,4690,17318942061
53.3677,18.7379,13.2121,0,99,64,67,2467,1000,5.12318,271,5.52861,0,0,4740,17423022625
48.0531,20.8103,13.2121,0,99,64,67,2467,1000,5.12318,271,5.52861,0,0,4740,17527105032
48.4623,20.6346,13.2121,0,99,64,67,2467,1000,5.12318,271,5.52861,0,0,4740,17631230900
48.0757,20.8005,13.2121,0,99,64,67,2467,1000,5.12318,271,5.52861,0,0,4740,17735309670
44.7881,22.3274,13.2121,0,99,64,67,2467,1000,5.12318,271,5.52861,0,0,4740,17839400723
45.0951,22.1754,12.8993,0,99,64,67,2485,1000,5.12514,271,5.53065,0,0,4665,17943511303
45.1667,22.1402,12.8993,0,99,64,67,2485,1000,5.12514,271,5.53065,0,0,4665,18047595463
43.5871,22.9426,12.8993,0,99,64,67,2485,1000,5.12514,271,5.53065,0,0,4665,18151682178
50.9463,19.6285,12.8993,0,99,64,67,2485,1000,5.12514,271,5.53065,0,0,4665,18255750508
50.1229,19.951,12.8993,0,99,64,67,2485,1000,5.12514,271,5.53065,0,0,4665,18359833346
44.6121,22.4154,12.6082,0,99,64,67,2484,1000,5.12514,271,5.53351,0,0,4764,18463917696
45.5315,21.9628,12.6082,0,99,64,67,2484,1000,5.12514,271,5.53351,0,0,4764,18568011244
41.7841,23.9325,12.6082,0,99,64,67,2484,1000,5.12514,271,5.53351,0,0,4764,18672100363
50.2227,19.9113,12.6082,0,99,64,67,2484,1000,5.12514,271,5.53351,0,0,4764,18776183091
39.9017,25.0616,12.6082,0,99,64,67,2484,1000,5.12514,271,5.53351,0,0,4764,18880267972
44.2991,22.5738,12.8834,0,99,64,67,2476,1000,5.12514,271,5.53289,0,0,4664,18984350439
41.7108,23.9746,12.8834,0,99,64,67,2476,1000,5.12514,271,5.53289,0,0,4664,19088432776
46.2296,21.6312,12.8834,0,99,64,67,2476,1000,5.12514,271,5.53289,0,0,4664,19192517607
50.9029,19.6452,12.8834,0,99,64,67,2476,1000,5.12514,271,5.53289,0,0,4664,19296617066
41.6753,23.995,12.8834,0,99,64,67,2476,1000,5.12514,271,5.53289,0,0,4664,19400694103
49.4756,20.212,12.4384,0,99,64,68,2475,1000,5.12318,271,5.53324,0,0,4722,19504755149
46.4838,21.5129,12.4384,0,99,64,68,2475,1000,5.12318,271,5.53324,0,0,4722,19608868604
46.5739,21.4713,12.4384,0,99,64,68,2475,1000,5.12318,271,5.53324,0,0,4722,19712952083
44.6195,22.4117,12.4384,0,99,64,68,2475,1000,5.12318,271,5.53324,0,0,4722,19817037446
43.4929,22.9922,12.4384,0,99,64,68,2475,1000,5.12318,271,5.53324,0,0,4722,19921141203
46.8436,21.3476,12.4691,0,99,64,68,2470,1000,5.12514,271,5.52952,0,0,4706,20025225252
45.1401,22.1533,12.4691,0,99,64,68,2470,1000,5.12514,271,5.52952,0,0,4706,20129308651
46.4568,21.5254,12.4691,0,99,64,68,2470,1000,5.12514,271,5.52952,0,0,4706,20233397450
41.5555,24.0642,12.4691,0,99,64,68,2470,1000,5.12514,271,5.52952,0,0,4706,20337500205
48.5099,20.6143,12.4691,0,99,64,68,2470,1000,5.12514,271,5.52952,0,0,4706,20441580227
43.4327,23.0241,12.8395,0,99,64,68,2479,1000,5.12514,271,5.528,0,0,4681,20545666271
42.5564,23.4982,12.8395,0,99,64,68,2479,1000,5.12514,271,5.528,0,0,4681,20649768405
40.9338,24.4297,12.8395,0,99,64,68,2479,1000,5.12514,271,5.528,0,0,4681,20753849639
44.5976,22.4227,12.8395,0,99,64,68,2479,1000,5.12514,271,5.528,0,0,4681,20857936224
48.4213,20.6521,12.8395,0,99,64,68,2479,1000,5.12514,271,5.528,0,0,4681,20962050300
49.668,20.1337,12.5461,0,99,64,68,2478,1000,5.12514,271,5.5288,0,0,4748,21066136434
49.3743,20.2534,12.5461,0,99,64,68,2478,1000,5.12514,271,5.5288,0,0,4748,21170226565
41.5569,24.0634,12.5461,0,99,64,68,2478,1000,5.12514,271,5.5288,0,0,4748,21274332977
46.7908,21.3717,12.5461,0,99,64,68,2478,1000,5.12514,271,5.5288,0,0,4748,21378421095
43.011,23.2499,12.5461,0,99,64,68,2478,1000,5.12514,271,5.5288,0,0,4748,21482509583
41.4504,24.1252,13.2353,0,99,64,68,2475,1000,5.12514,271,5.52864,0,0,4639,21586602630
43.6832,22.8921,13.2353,0,99,64,68,2475,1000,5.12514,271,5.52864,0,0,4639,21690685607
43.7125,22.8767,13.2353,0,99,64,68,2475,1000,5.12514,271,5.52864,0,0,4639,21794760931
46.111,21.6868,13.2353,0,99,64,68,2475,1000,5.12514,271,5.52864,0,0,4639,21898869838
45.0673,22.189,13.2353,0,99,64,68,2475,1000,5.12514,271,5.52864,0,0,4639,22002949519
42.5406,23.507,12.4542,0,99,64,68,2466,1000,5.12514,271,5.52614,0,0,4658,22107040252
41.7702,23.9405,12.4542,0,99,64,68,2466,1000,5.12514,271,5.52614,0,0,4658,22211154298
47.1609,21.204,12.4542,0,99,64,68,2466,1000,5.12514,271,5.52614,0,0,4658,22315236244
42.5612,23.4956,12.4542,0,99,64,68,2466,1000,5.12514,271,5.52614,0,0,4658,22419320925
47.5135,21.0467,11.9165,0,99,64,68,2447,1000,5.12318,271,5.52999,0,0,4740,22523421886
44.0346,22.7094,11.9165,0,99,64,68,2447,1000,5.12318,271,5.52999,0,0,4740,22627508952
45.7349,21.8652,11.9165,0,99,64,68,2447,1000,5.12318,271,5.52999,0,0,4740,22731600466
48.6155,20.5696,11.9165,0,99,64,68,2447,1000,5.12318,271,5.52999,0,0,4740,22835691719
43.5423,22.9662,11.9165,0,99,64,68,2447,1000,5.12318,271,5.52999,0,0,4740,22939794214
49.8711,20.0517,18.9189,0,99,64,68,2431,1000,5.12318,271,5.52975,0,0,4617,23043877382
43.0255,23.242,18.9189,0,99,64,68,2431,1000,5.12318,271,5.52975,0,0,4617,23147962724
42.2405,23.6739,18.9189,0,99,64,68,2431,1000,5.12318,271,5.52975,0,0,4617,23252049018
44.635,22.4039,18.9189,0,99,64,68,2431,1000,5.12318,271,5.52975,0,0,4617,23356136244
51.4364,19.4415,18.9189,0,99,64,68,2431,1000,5.12318,271,5.52975,0,0,4617,23460220815
47.9332,20.8624,13.1387,0,99,64,68,2446,1000,5.12318,271,5.52922,0,0,4739,23564300407
50.5213,19.7936,13.1387,0,99,64,68,2446,1000,5.12318,271,5.52922,0,0,4739,23668401679
44.1977,22.6256,13.1387,0,99,64,68,2446,1000,5.12318,271,5.52922,0,0,4739,23772479006
47.9286,20.8643,13.1387,0,99,64,68,2446,1000,5.12318,271,5.52922,0,0,4739,23876566553
42.2662,23.6596,13.1387,0,99,64,68,2446,1000,5.12318,271,5.52922,0,0,4739,23980664188
44.7709,22.3359,12.7139,0,99,64,68,2463,1000,5.12318,271,5.52921,0,0,4665,24084749360
39.8018,25.1245,12.7139,0,99,64,68,2463,1000,5.12318,271,5.52921,0,0,4665,24188841124
43.675,22.8964,12.7139,0,99,64,68,2463,1000,5.12318,271,5.52921,0,0,4665,24292942226
44.4276,22.5085,12.7139,0,99,64,68,2463,1000,5.12318,271,5.52921,0,0,4665,24397026687
44.3008,22.5729,12.7139,0,99,64,68,2463,1000,5.12318,271,5.52921,0,0,4665,24501118391
47.4676,21.067,13.3011,0,99,64,68,2469,1000,5.12514,271,5.52822,0,0,4715,24605198925
47.6014,21.0078,13.3011,0,99,64,68,2469,1000,5.12514,271,5.52822,0,0,4715,24709283906
47.4137,21.0909,13.3011,0,99,64,68,2469,1000,5.12514,271,5.52822,0,0,4715,24813374298
42.4087,23.58,13.3011,0,99,64,68,2469,1000,5.12514,271,5.52822,0,0,4715,24917456344
42.7497,23.392,13.3011,0,99,64,68,2469,1000,5.12514,271,5.52822,0,0,4715,25021534152
40.8855,24.4586,12.7318,0,99,64,69,2461,1000,5.12318,271,5.5289,0,0,4740,25125614575
44.9517,22.2461,12.7318,0,99,64,69,2461,1000,5.12318,271,5.5289,0,0,4740,25229696000
42.5245,23.5159,12.7318,0,99,64,69,2461,1000,5.12318,271,5.5289,0,0,4740,25333749202
45.0034,22.2206,12.7318,0,99,64,69,2461,1000,5.12318,271,5.5289,0,0,4740,25437828864
44.4544,22.495,12.7318,0,99,64,69,2461,1000,5.12318,271,5.5289,0,0,4740,25541916651
43.5354,22.9698,14.2683,0,99,64,69,2459,1000,5.12318,271,5.52773,0,0,4616,25646030857
48.7369,20.5183,14.2683,0,99,64,69,2459,1000,5.12318,271,5.52773,0,0,4616,25750110369
45.1221,22.1621,14.2683,0,99,64,69,2459,1000,5.12318,271,5.52773,0,0,4616,25854194589
44.454,22.4952,14.2683,0,99,64,69,2459,1000,5.12318,271,5.52773,0,0,4616,25958294028
47.1696,21.2001,14.2683,0,99,64,69,2459,1000,5.12318,271,5.52773,0,0,4616,26062378669
52.0585,19.2092,12.7451,0,99,64,69,2467,1000,5.12318,271,5.53006,0,0,4740,26166463380
46.1737,21.6574,12.7451,0,99,64,69,2467,1000,5.12318,271,5.53006,0,0,4740,26270568449
48.0329,20.819,12.7451,0,99,64,69,2467,1000,5.12318,271,5.53006,0,0,4740,26374651227
45.1899,22.1288,12.7451,0,99,64,69,2467,1000,5.12318,271,5.53006,0,0,4740,26478748421
42.6235,23.4613,12.7451,0,99,64,69,2467,1000,5.12318,271,5.53006,0,0,4740,26582860624
43.3582,23.0637,13.017,0,99,64,69,2470,1000,5.12514,271,5.53194,0,0,4740,26686940957
45.6121,21.924,13.017,0,99,64,69,2470,1000,5.12514,271,5.53194,0,0,4740,26791026880
46.321,21.5885,13.017,0,99,64,69,2470,1000,5.12514,271,5.53194,0,0,4740,26895129225
41.9309,23.8488,13.017,0,99,64,69,2470,1000,5.12514,271,5.53194,0,0,4740,26999211541
44.3361,22.555,13.017,0,99,64,69,2470,1000,5.12514,271,5.53194,0,0,4740,27103322121
45.236,22.1063,12.8019,0,99,64,69,2444,1000,5.12318,271,5.53281,0,0,4766,27207422131
43.7394,22.8627,12.8019,0,99,64,69,2444,1000,5.12318,271,5.53281,0,0,4766,27311514817
47.2886,21.1467,12.8019,0,99,64,69,2444,1000,5.12318,271,5.53281,0,0,4766,27415612352
43.8211,22.8201,12.8019,0,99,64,69,2444,1000,5.12318,271,5.53281,0,0,4766,27519691934
44.3717,22.5369,12.8019,0,99,64,69,2444,1000,5.12318,271,5.53281,0,0,4766,27623754513
42.2911,23.6456,13.494,0,99,64,69,2438,1000,5.12318,271,5.53226,0,0,4615,27727860855
45.6561,21.9029,13.494,0,99,64,69,2438,1000,5.12318,271,5.53226,0,0,4615,27831959452
44.5203,22.4617,13.494,0,99,64,69,2438,1000,5.12318,271,5.53226,0,0,4615,27936052399
44.8344,22.3043,13.494,0,99,64,69,2438,1000,5.12318,271,5.53226,0,0,4615,28040134174
43.2706,23.1104,13.494,0,99,64,69,2438,1000,5.12318,271,5.53226,0,0,4615,28144226309
46.3827,21.5598,13.3896,0,99,64,69,2471,1000,5.12318,271,5.53242,0,0,4607,28248346226
41.325,24.1984,13.3896,0,99,64,69,2471,1000,5.12318,271,5.53242,0,0,4607,28352429916
43.2695,23.111,13.3896,0,99,64,69,2471,1000,5.12318,271,5.53242,0,0,4607,28456512232
42.3696,23.6018,13.3896,0,99,64,69,2471,1000,5.12318,271,5.53242,0,0,4607,28560597314
43.7067,22.8798,13.3896,0,99,64,69,2471,1000,5.12318,271,5.53242,0,0,4607,28664690692
40.7044,24.5674,12.8485,0,99,64,69,2455,1000,5.13791,271,5.53084,0,0,4665,28768808324
43.4429,23.0187,12.8485,0,99,64,69,2455,1000,5.13791,271,5.53084,0,0,4665,28872892575
44.4942,22.4748,12.8485,0,99,64,69,2455,1000,5.13791,271,5.53084,0,0,4665,28976973940
46.549,21.4828,12.8485,0,99,64,69,2455,1000,5.13791,271,5.53084,0,0,4665,29081061486
42.2113,23.6903,12.8485,0,99,64,69,2455,1000,5.13791,271,5.53084,0,0,4665,29185163981
43.6222,22.9241,13.6145,0,99,64,69,2439,1000,5.13595,271,5.52976,0,0,4591,29289246427
49.1682,20.3383,13.6145,0,99,64,69,2439,1000,5.13595,271,5.52976,0,0,4591,29393343762
42.8712,23.3257,13.6145,0,99,64,69,2439,1000,5.13595,271,5.52976,0,0,4591,29497429525
41.316,24.2037,13.6145,0,99,64,69,2439,1000,5.13595,271,5.52976,0,0,4591,29601508876
39.5027,25.3147,13.6145,0,99,64,69,2439,1000,5.13595,271,5.52976,0,0,4591,29705611561
40.9196,24.4382,13.2442,0,99,64,69,2473,1000,5.13595,271,5.52296,0,0,4566,29809697445
42.1611,23.7185,13.2442,0,99,64,69,2473,1000,5.13595,271,5.52296,0,0,4566,29913756538
41.0818,24.3417,13.2442,0,99,64,69,2473,1000,5.13595,271,5.52296,0,0,4566,30017869041
43.5668,22.9532,13.2442,0,99,64,69,2473,1000,5.13595,271,5.52296,0,0,4566,30121952480
41.7001,23.9807,13.2442,0,99,64,69,2473,1000,5.13595,271,5.52296,0,0,4566,30226038153
39.8868,25.0709,13.5741,0,99,64,69,2473,1000,5.13595,271,5.527,0,0,4657,30330173288
42.0883,23.7595,13.5741,0,99,64,69,2473,1000,5.13595,271,5.527,0,0,4657,30434257479
41.0352,24.3693,13.5741,0,99,64,69,2473,1000,5.13595,271,5.527,0,0,4657,30538339334
41.5948,24.0414,13.5741,0,99,64,69,2473,1000,5.13595,271,5.527,0,0,4657,30642426660
42.4244,23.5713,13.5741,0,99,64,69,2473,1000,5.13595,271,5.527,0,0,4657,30746520168
41.7522,23.9508,12.7764,0,99,64,69,2444,1000,5.13791,271,5.52992,0,0,4765,30850609327
41.125,24.3161,12.7764,0,99,64,69,2444,1000,5.13791,271,5.52992,0,0,4765,30954704999
36.5005,27.3969,12.7764,0,99,64,69,2444,1000,5.13791,271,5.52992,0,0,4765,31058821179
40.7435,24.5438,12.7764,0,99,64,69,2444,1000,5.13791,271,5.52992,0,0,4765,31162905199
39.3671,25.4019,13.0381,0,99,64,69,2457,1000,5.13791,271,5.52792,0,0,4724,31266987937
41.5584,24.0625,13.0381,0,99,64,69,2457,1000,5.13791,271,5.52792,0,0,4724,31371070414
40.3579,24.7783,13.0381,0,99,64,69,2457,1000,5.13791,271,5.52792,0,0,4724,31475148923
41.0937,24.3346,13.0381,0,99,64,69,2457,1000,5.13791,271,5.52792,0,0,4724,31579235558
41.6808,23.9919,13.0381,0,99,64,69,2457,1000,5.13791,271,5.52792,0,0,4724,31683339245
40.3985,24.7534,12.5452,0,99,64,69,2439,1000,5.13791,271,5.53067,0,0,4717,31787425989
40.7268,24.5538,12.5452,0,99,64,69,2439,1000,5.13791,271,5.53067,0,0,4717,31891507214
42.508,23.525,12.5452,0,99,64,69,2439,1000,5.13791,271,5.53067,0,0,4717,31995589811
42.7693,23.3813,12.5452,0,99,64,69,2439,1000,5.13791,271,5.53067,0,0,4717,32099679832
47.2845,21.1486,12.5452,0,99,64,69,2439,1000,5.13791,271,5.53067,0,0,4717,32203743203
43.7756,22.8438,13.3252,0,99,63,69,2472,1000,5.13791,271,5.52925,0,0,4707,32307829157
39.6042,25.2498,13.3252,0,99,63,69,2472,1000,5.13791,271,5.52925,0,0,4707,32411938013
47.3995,21.0973,13.3252,0,99,63,69,2472,1000,5.13791,271,5.52925,0,0,4707,32516025269
40.6661,24.5905,13.3252,0,99,63,69,2472,1000,5.13791,271,5.52925,0,0,4707,32620110812
44.702,22.3704,13.3252,0,99,63,69,2472,1000,5.13791,271,5.52925,0,0,4707,32724209018
44.1834,22.6329,12.956,0,99,63,69,2478,1000,5.13986,271,5.53152,0,0,4697,32828298949
47.7482,20.9432,12.956,0,99,63,69,2478,1000,5.13986,271,5.53152,0,0,4697,32932410892
43.0191,23.2455,12.956,0,99,63,69,2478,1000,5.13986,271,5.53152,0,0,4697,33036497426
41.218,24.2613,12.956,0,99,63,69,2478,1000,5.13986,271,5.53152,0,0,4697,33140581416
42.8655,23.3288,12.956,0,99,63,69,2478,1000,5.13986,271,5.53152,0,0,4697,33244668461
43.2709,23.1102,12.2807,0,99,63,69,2430,1000,5.13791,271,5.52937,0,0,4716,33348750037
44.1727,22.6384,12.2807,0,99,63,69,2430,1000,5.13791,271,5.52937,0,0,4716,33452891705
47.1318,21.2171,12.2807,0,99,63,69,2430,1000,5.13791,271,5.52937,0,0,4716,33556984721
45.4737,21.9907,12.2807,0,99,63,69,2430,1000,5.13791,271,5.52937,0,0,4716,33661086715
48.8336,20.4777,12.2807,0,99,63,69,2430,1000,5.13791,271,5.52937,0,0,4716,33765185843
43.5408,22.967,12.5156,0,99,63,70,2462,1000,5.12514,271,5.52821,0,0,4715,33869283058
45.2747,22.0874,12.5156,0,99,63,70,2462,1000,5.12514,271,5.52821,0,0,4715,33973370334
42.8155,23.356,12.5156,0,99,63,70,2462,1000,5.12514,271,5.52821,0,0,4715,34077454884
44.3619,22.5419,12.5156,0,99,63,70,2462,1000,5.12514,271,5.52821,0,0,4715,34181537662
42.674,23.4335,12.5156,0,99,63,70,2462,1000,5.12514,271,5.52821,0,0,4715,34285622894
42.1719,23.7125,13.2678,0,99,63,69,2477,1000,5.12514,271,5.52887,0,0,4712,34389707435
44.7697,22.3365,13.2678,0,99,63,69,2477,1000,5.12514,271,5.52887,0,0,4712,34493799420
43.681,22.8933,13.2678,0,99,63,69,2477,1000,5.12514,271,5.52887,0,0,4712,34597888349
43.0155,23.2474,13.2678,0,99,63,69,2477,1000,5.12514,271,5.52887,0,0,4712,34701978029
45.5271,21.9649,13.2678,0,99,63,69,2477,1000,5.12514,271,5.52887,0,0,4712,34806062790
41.2796,24.225,12.2677,0,99,63,70,2466,1000,5.12319,271,5.52856,0,0,4680,34910152671
42.878,23.322,12.2677,0,99,63,70,2466,1000,5.12319,271,5.52856,0,0,4680,35014234828
45.9287,21.7729,12.2677,0,99,63,70,2466,1000,5.12319,271,5.52856,0,0,4680,35118321082
41.0171,24.3801,12.2677,0,99,63,70,2466,1000,5.12319,271,5.52856,0,0,4680,35222406224
43.1041,23.1996,12.4069,0,99,63,70,2459,1000,5.12123,271,5.52456,0,0,4718,35326496886
44.0687,22.6918,12.4069,0,99,63,70,2459,1000,5.12123,271,5.52456,0,0,4718,35430576147
45.557,21.9505,12.4069,0,99,63,70,2459,1000,5.12123,271,5.52456,0,0,4718,35534661399
42.1429,23.7288,12.4069,0,99,63,70,2459,1000,5.12123,271,5.52456,0,0,4718,35638739407
39.8594,25.0882,12.4069,0,99,63,70,2459,1000,5.12123,271,5.52456,0,0,4718,35742828697
45.5038,21.9762,21.4198,0,99,64,70,2445,1000,5.12319,271,5.52621,0,0,4630,35846929979
41.6828,23.9907,21.4198,0,99,64,70,2445,1000,5.12319,271,5.52621,0,0,4630,35951026693
43.035,23.2369,21.4198,0,99,64,70,2445,1000,5.12319,271,5.52621,0,0,4630,36055107948
43.843,22.8086,21.4198,0,99,64,70,2445,1000,5.12319,271,5.52621,0,0,4630,36159187549
45.3208,22.0649,21.4198,0,99,64,70,2445,1000,5.12319,271,5.52621,0,0,4630,36263273994
44.014,22.72,13.6253,0,99,64,70,2435,1000,5.12319,271,5.52796,0,0,4765,36367362382
42.94,23.2883,13.6253,0,99,64,70,2435,1000,5.12319,271,5.52796,0,0,4765,36471446902
44.4729,22.4856,13.6253,0,99,64,70,2435,1000,5.12319,271,5.52796,0,0,4765,36575529740
42.5002,23.5293,13.6253,0,99,64,70,2435,1000,5.12319,271,5.52796,0,0,4765,36679611997
45.2572,22.0959,13.6253,0,99,64,70,2435,1000,5.12319,271,5.52796,0,0,4765,36783696578
44.6681,22.3874,12.979,0,99,64,70,2429,1000,5.12319,271,5.52855,0,0,4780,36887792109
44.8602,22.2915,12.979,0,99,64,70,2429,1000,5.12319,271,5.52855,0,0,4780,36991876269
44.4315,22.5065,12.979,0,99,64,70,2429,1000,5.12319,271,5.52855,0,0,4780,37095966100
43.5005,22.9882,12.979,0,99,64,70,2429,1000,5.12319,271,5.52855,0,0,4780,37200054237
44.9995,22.2225,12.979,0,99,64,70,2429,1000,5.12319,271,5.52855,0,0,4780,37304159357
42.9386,23.2891,13.0221,0,99,64,70,2445,1000,5.12319,271,5.52844,0,0,4640,37408254397
43.027,23.2412,13.0221,0,99,64,70,2445,1000,5.12319,271,5.52844,0,0,4640,37512343076
41.8961,23.8686,13.0221,0,99,64,70,2445,1000,5.12319,271,5.52844,0,0,4640,37616427036
44.1925,22.6283,13.0221,0,99,64,70,2445,1000,5.12319,271,5.52844,0,0,4640,37720526104
45.7326,21.8662,13.0221,0,99,64,70,2445,1000,5.12319,271,5.52844,0,0,4640,37824607689
43.171,23.1637,13.0597,0,99,64,70,2471,1000,5.12514,271,5.52764,0,0,4640,37928692881
41.6733,23.9962,13.0597,0,99,64,70,2471,1000,5.12514,271,5.52764,0,0,4640,38032733550
44.0516,22.7007,13.0597,0,99,64,70,2471,1000,5.12514,271,5.52764,0,0,4640,38136830063
43.9245,22.7663,13.0597,0,99,64,70,2471,1000,5.12514,271,5.52764,0,0,4640,38240911738
44.2534,22.5971,13.0597,0,99,64,70,2471,1000,5.12514,271,5.52764,0,0,4640,38344996099
47.2802,21.1505,14.3902,0,99,64,70,2476,1000,5.12514,271,5.52812,0,0,4715,38449083936
46.1989,21.6456,14.3902,0,99,64,70,2476,1000,5.12514,271,5.52812,0,0,4715,38553170350
40.1554,24.9033,14.3902,0,99,64,70,2476,1000,5.12514,271,5.52812,0,0,4715,38657264238
43.8861,22.7862,14.3902,0,99,64,70,2476,1000,5.12514,271,5.52812,0,0,4715,38761352186
44.0604,22.6961,14.3902,0,99,64,70,2476,1000,5.12514,271,5.52812,0,0,4715,38865446324
42.4215,23.5729,13.2262,0,99,64,70,2471,1000,5.12514,271,5.52945,0,0,4712,38969529072
43.449,23.0155,13.2262,0,99,64,70,2471,1000,5.12514,271,5.52945,0,0,4712,39073610397
41.9683,23.8275,13.2262,0,99,64,70,2471,1000,5.12514,271,5.52945,0,0,4712,39177690509
41.8684,23.8844,13.2262,0,99,64,70,2471,1000,5.12514,271,5.52945,0,0,4712,39281800257
44.2772,22.585,13.6364,0,99,64,70,2476,1000,5.12514,271,5.52843,0,0,4715,39385896981
39.0905,25.5816,13.6364,0,99,64,70,2476,1000,5.12514,271,5.52843,0,0,4715,39489984377
41.1092,24.3254,13.6364,0,99,64,70,2476,1000,5.12514,271,5.52843,0,0,4715,39594089507
42.1187,23.7424,13.6364,0,99,64,70,2476,1000,5.12514,271,5.52843,0,0,4715,39698181171
44.7484,22.3472,13.6364,0,99,64,70,2476,1000,5.12514,271,5.52843,0,0,4715,39802263998
42.7681,23.3819,13.3172,0,99,64,70,2432,1000,5.12319,271,5.5279,0,0,4740,39906348289
41.6294,24.0215,13.3172,0,99,64,70,2432,1000,5.12319,271,5.5279,0,0,4740,40010432098
39.6333,25.2313,13.3172,0,99,64,70,2432,1000,5.12319,271,5.5279,0,0,4740,40114540694
45.7215,21.8715,13.3172,0,99,64,70,2432,1000,5.12319,271,5.5279,0,0,4740,40218626738
39.1949,25.5135,13.3172,0,99,64,70,2432,1000,5.12319,271,5.5279,0,0,4740,40322730104
42.9079,23.3057,13.8191,0,99,64,70,2481,1000,5.12514,271,5.52954,0,0,4665,40426832979
38.9274,25.6888,13.8191,0,99,64,70,2481,1000,5.12514,271,5.52954,0,0,4665,40530918532
44.5052,22.4693,13.8191,0,99,64,70,2481,1000,5.12514,271,5.52954,0,0,4665,40635012641
41.5513,24.0667,13.8191,0,99,64,70,2481,1000,5.12514,271,5.52954,0,0,4665,40739098173
45.036,22.2045,13.8191,0,99,64,70,2481,1000,5.12514,271,5.52954,0,0,4665,40843188725
43.4347,23.0231,13.6309,0,99,64,70,2428,1000,5.12319,271,5.52716,0,0,4615,40947285138
41.3209,24.2008,13.6309,0,99,64,70,2428,1000,5.12319,271,5.52716,0,0,4615,41051372885
41.6384,24.0163,13.6309,0,99,64,70,2428,1000,5.12319,271,5.52716,0,0,4615,41155460832
39.455,25.3454,13.6309,0,99,64,70,2428,1000,5.12319,271,5.52716,0,0,4615,41259541396
46.8385,21.35,13.6309,0,99,64,70,2428,1000,5.12319,271,5.52716,0,0,4615,41363630595
43.0281,23.2406,13.1802,0,99,64,71,2470,1000,5.12514,271,5.52951,0,0,4644,41467726117
43.8623,22.7986,13.1802,0,99,64,71,2470,1000,5.12514,271,5.52951,0,0,4644,41571815356
40.4339,24.7317,13.1802,0,99,64,71,2470,1000,5.12514,271,5.52951,0,0,4644,41675906870
44.4442,22.5001,13.1802,0,99,64,71,2470,1000,5.12514,271,5.52951,0,0,4644,41779991381
44.5835,22.4298,13.1802,0,99,64,71,2470,1000,5.12514,271,5.52951,0,0,4644,41884070422
40.0933,24.9419,13.2927,0,99,64,71,2470,1000,5.12514,271,5.53036,0,0,4604,41988152357
40.6189,24.6191,13.2927,0,99,64,71,2470,1000,5.12514,271,5.53036,0,0,4604,42092240305
44.4264,22.5091,13.2927,0,99,64,71,2470,1000,5.12514,271,5.53036,0,0,4604,42196321629
45.1926,22.1275,13.2927,0,99,64,71,2470,1000,5.12514,271,5.53036,0,0,4604,42300405749
44.8377,22.3027,13.2927,0,99,64,71,2470,1000,5.12514,271,5.53036,0,0,4604,42404492164
43.1346,23.1833,13.2262,0,99,64,70,2463,1000,5.12319,271,5.52717,0,0,4740,42508574751
46.4559,21.5258,13.2262,0,99,64,70,2463,1000,5.12319,271,5.52717,0,0,4740,42612653281
47.134,21.2161,13.2262,0,99,64,70,2463,1000,5.12319,271,5.52717,0,0,4740,42716723865
45.2453,22.1017,13.2262,0,99,64,70,2463,1000,5.12319,271,5.52717,0,0,4740,42820823394
46.3052,21.5959,13.2262,0,99,64,70,2463,1000,5.12319,271,5.52717,0,0,4740,42924963639
41.1277,24.3145,13.625,0,99,64,71,2464,1000,5.12319,271,5.52716,0,0,4738,43029048641
46.4291,21.5382,13.625,0,99,64,71,2464,1000,5.12319,271,5.52716,0,0,4738,43133136268
42.1392,23.7309,13.625,0,99,64,71,2464,1000,5.12319,271,5.52716,0,0,4738,43237218955
43.6406,22.9145,13.625,0,99,64,71,2464,1000,5.12319,271,5.52716,0,0,4738,43341317141
44.1618,22.644,13.625,0,99,64,71,2464,1000,5.12319,271,5.52716,0,0,4738,43445446406
44.6356,22.4036,13.0967,0,99,64,71,2459,1000,5.13595,271,5.52686,0,0,4714,43549526308
44.1991,22.6249,13.0967,0,99,64,71,2459,1000,5.13595,271,5.52686,0,0,4714,43653618654
42.0076,23.8052,13.0967,0,99,64,71,2459,1000,5.13595,271,5.52686,0,0,4714,43757721258
44.252,22.5979,13.0967,0,99,64,71,2459,1000,5.13595,271,5.52686,0,0,4714,43861802383
44.0852,22.6833,13.0967,0,99,64,71,2459,1000,5.13595,271,5.52686,0,0,4714,43965900209
47.2166,21.179,13.9706,0,99,64,71,2471,1000,5.13791,271,5.52546,0,0,4690,44070006370
42.7072,23.4152,13.9706,0,99,64,71,2471,1000,5.13791,271,5.52546,0,0,4690,44174085501
48.0921,20.7934,13.9706,0,99,64,71,2471,1000,5.13791,271,5.52546,0,0,4690,44278169891
45.5655,21.9464,13.9706,0,99,64,71,2471,1000,5.13791,271,5.52546,0,0,4690,44382258099
41.3794,24.1666,13.9706,0,99,64,71,2471,1000,5.13791,271,5.52546,0,0,4690,44486365863
46.7572,21.3871,14.3742,0,99,64,71,2474,1000,5.13791,271,5.52679,0,0,4665,44590445475
45.8101,21.8292,14.3742,0,99,64,71,2474,1000,5.13791,271,5.52679,0,0,4665,44694527000
44.0495,22.7017,14.3742,0,99,64,71,2474,1000,5.13791,271,5.52679,0,0,4665,44798608525
48.6399,20.5592,14.3742,0,99,64,71,2474,1000,5.13791,271,5.52679,0,0,4665,44902704497
48.2628,20.7199,14.3742,0,99,64,71,2474,1000,5.13791,271,5.52679,0,0,4665,45006813825
44.0682,22.6921,13.8387,0,99,64,71,2442,1000,5.13595,271,5.52818,0,0,4715,45110899287
52.9418,18.8887,13.8387,0,99,64,71,2442,1000,5.13595,271,5.52818,0,0,4715,45214989278
46.601,21.4588,13.8387,0,99,64,71,2442,1000,5.13595,271,5.52818,0,0,4715,45319072827
44.0965,22.6775,13.8387,0,99,64,71,2442,1000,5.13595,271,5.52818,0,0,4715,45423163489
48.0138,20.8273,13.8387,0,99,64,71,2442,1000,5.13595,271,5.52818,0,0,4715,45527290951
50.371,19.8527,14.7879,0,99,64,71,2475,1000,5.13791,271,5.52436,0,0,4707,45631380661
50.7951,19.6869,14.7879,0,99,64,71,2475,1000,5.13791,271,5.52436,0,0,4707,45735462217
47.4325,21.0826,14.7879,0,99,64,71,2475,1000,5.13791,271,5.52436,0,0,4707,45839545204
47.065,21.2472,14.7879,0,99,64,71,2475,1000,5.13791,271,5.52436,0,0,4707,45943626800
46.6086,21.4553,14.7879,0,99,64,71,2475,1000,5.13791,271,5.52436,0,0,4707,46047717332
42.5872,23.4812,13.9364,0,99,64,71,2449,1000,5.14378,271,5.52712,0,0,4705,46151823824
48.3277,20.6921,13.9364,0,99,64,71,2449,1000,5.14378,271,5.52712,0,0,4705,46255946486
46.2419,21.6254,13.9364,0,99,64,71,2449,1000,5.14378,271,5.52712,0,0,4705,46360024094
52.452,19.0651,13.9364,0,99,64,71,2449,1000,5.14378,271,5.52712,0,0,4705,46464105399
48.7146,20.5277,13.3416,0,99,65,71,2433,1000,5.17601,271,5.53226,0,0,4646,46568184940
53.2324,18.7855,13.3416,0,99,65,71,2433,1000,5.17601,271,5.53226,0,0,4646,46672265193
41.1241,24.3166,13.3416,0,99,65,71,2433,1000,5.17601,271,5.53226,0,0,4646,46776344043
43.9692,22.7432,13.3416,0,99,65,71,2433,1000,5.17601,271,5.53226,0,0,4646,46880419537
48.3589,20.6787,13.3416,0,99,65,71,2433,1000,5.17601,271,5.53226,0,0,4646,46984499239
47.9427,20.8582,13.2371,0,99,65,71,2448,1000,5.14378,271,5.53284,0,0,4701,47088582878
50.4811,19.8094,13.2371,0,99,65,71,2448,1000,5.14378,271,5.53284,0,0,4701,47192666577
50.7647,19.6987,13.2371,0,99,65,71,2448,1000,5.14378,271,5.53284,0,0,4701,47296709139
51.7437,19.326,13.2371,0,99,65,71,2448,1000,5.14378,271,5.53284,0,0,4701,47400796365
47.8636,20.8927,13.2371,0,99,65,71,2448,1000,5.14378,271,5.53284,0,0,4701,47504896335
47.4646,21.0683,14.0456,0,99,65,71,2446,1000,5.12906,271,5.53445,0,0,4674,47609001204
47.4862,21.0587,14.0456,0,99,65,71,2446,1000,5.12906,271,5.53445,0,0,4674,47713102326
46.2056,21.6424,14.0456,0,99,65,71,2446,1000,5.12906,271,5.53445,0,0,4674,47817201113
48.4381,20.6449,14.0456,0,99,65,71,2446,1000,5.12906,271,5.53445,0,0,4674,47921313636
45.0918,22.177,14.0456,0,99,65,71,2446,1000,5.12906,271,5.53445,0,0,4674,48025401944
46.9223,21.3118,13.1227,0,99,64,71,2428,1000,5.12516,271,5.53456,0,0,4664,48129501734
51.7729,19.3151,13.1227,0,99,64,71,2428,1000,5.12516,271,5.53456,0,0,4664,48233592135
50.0816,19.9674,13.1227,0,99,64,71,2428,1000,5.12516,271,5.53456,0,0,4664,48337680534
49.9946,20.0022,13.1227,0,99,64,71,2428,1000,5.12516,271,5.53456,0,0,4664,48441766347
48.7884,20.4967,13.1227,0,99,64,71,2428,1000,5.12516,271,5.53456,0,0,4664,48545851759
51.5442,19.4008,13.3333,0,99,64,71,2437,1000,5.12516,271,5.53872,0,0,4656,48649935539
45.6129,21.9236,13.3333,0,99,64,71,2437,1000,5.12516,271,5.53872,0,0,4656,48754019067
49.6386,20.1456,13.3333,0,99,64,71,2437,1000,5.12516,271,5.53872,0,0,4656,48858110060
50.9613,19.6227,13.3333,0,99,64,71,2437,1000,5.12516,271,5.53872,0,0,4656,48962203808
57.7539,17.3149,13.3333,0,99,64,71,2437,1000,5.12516,271,5.53872,0,0,4656,49066302336
51.6184,19.3729,14.0567,0,99,64,71,2432,1000,5.12711,271,5.53932,0,0,4631,49170384161
43.1349,23.1831,14.0567,0,99,64,71,2432,1000,5.12711,271,5.53932,0,0,4631,49274468151
48.8176,20.4844,14.0567,0,99,64,71,2432,1000,5.12711,271,5.53932,0,0,4631,49378551930
47.5376,21.036,14.0567,0,99,64,71,2432,1000,5.12711,271,5.53932,0,0,4631,49482660416
52.5542,19.028,14.0567,0,99,64,71,2432,1000,5.12711,271,5.53932,0,0,4631,49586780273
50.4339,19.828,13.747,0,99,64,71,2453,1000,5.12711,271,5.53764,0,0,4618,49690865606
49.7397,20.1047,13.747,0,99,64,71,2453,1000,5.12711,271,5.53764,0,0,4618,49794950277
50.2292,19.9087,13.747,0,99,64,71,2453,1000,5.12711,271,5.53764,0,0,4618,49899065585
51.7452,19.3255,13.747,0,99,64,71,2453,1000,5.12711,271,5.53764,0,0,4618,50003151969
43.8005,22.8308,13.747,0,99,64,71,2453,1000,5.12711,271,5.53764,0,0,4618,50107235338
52.3443,19.1043,14.5141,0,99,64,71,2449,1000,5.12906,271,5.53458,0,0,4594,50211346188
48.5504,20.5972,14.5141,0,99,64,71,2449,1000,5.12906,271,5.53458,0,0,4594,50315430178
50.8319,19.6727,14.5141,0,99,64,71,2449,1000,5.12906,271,5.53458,0,0,4594,50419513226
56.6489,17.6526,14.5141,0,99,64,71,2449,1000,5.12906,271,5.53458,0,0,4594,50523607966
52.1079,19.1909,14.5141,0,99,64,71,2449,1000,5.12906,271,5.53458,0,0,4594,50627695643
53.1852,18.8022,13.4161,0,99,64,71,2421,1000,5.12711,271,5.53324,0,0,4640,50731796033
47.4581,21.0712,13.4161,0,99,64,71,2421,1000,5.12711,271,5.53324,0,0,4640,50835878831
54.986,18.1865,13.4161,0,99,64,71,2421,1000,5.12711,271,5.53324,0,0,4640,50939963622
56.6083,17.6653,13.4161,0,99,64,71,2421,1000,5.12711,271,5.53324,0,0,4640,51044049666
44.6311,22.4059,13.4161,0,99,64,71,2421,1000,5.12711,271,5.53324,0,0,4640,51148137773
50.1845,19.9265,13.0597,0,99,64,72,2450,1000,5.12711,271,5.53251,0,0,4735,51252241640
46.5996,21.4594,13.0597,0,99,64,72,2450,1000,5.12711,271,5.53251,0,0,4735,51356325189
58.0454,17.2279,13.0597,0,99,64,72,2450,1000,5.12711,271,5.53251,0,0,4735,51460412205
48.9841,20.4148,13.0597,0,99,64,72,2450,1000,5.12711,271,5.53251,0,0,4735,51564513116
55.786,17.9256,13.0597,0,99,64,72,2450,1000,5.12711,271,5.53251,0,0,4735,51668618155
55.0567,18.1631,13.1868,0,99,64,72,2438,1000,5.12711,271,5.53136,0,0,4737,51772697116
46.3741,21.5637,13.1868,0,99,64,72,2438,1000,5.12711,271,5.53136,0,0,4737,51876779903
45.995,21.7415,13.1868,0,99,64,72,2438,1000,5.12711,271,5.53136,0,0,4737,51980872820
52.3168,19.1143,13.1868,0,99,64,72,2438,1000,5.12711,271,5.53136,0,0,4737,52084964734
45.853,21.8088,13,0,99,64,71,2461,1000,5.12906,271,5.53159,0,0,4664,52189046540
50.4795,19.81,13,0,99,64,71,2461,1000,5.12906,271,5.53159,0,0,4664,52293129708
54.9366,18.2028,13,0,99,64,71,2461,1000,5.12906,271,5.53159,0,0,4664,52397209951
53.8655,18.5647,13,0,99,64,71,2461,1000,5.12906,271,5.53159,0,0,4664,52501290204
50.4699,19.8138,13,0,99,64,71,2461,1000,5.12906,271,5.53159,0,0,4664,52605377400
48.8837,20.4567,20.7407,0,99,65,72,2447,1000,5.12906,271,5.53183,0,0,4642,52709478431
46.4749,21.517,20.7407,0,99,65,72,2447,1000,5.12906,271,5.53183,0,0,4642,52813591756
47.3446,21.1217,20.7407,0,99,65,72,2447,1000,5.12906,271,5.53183,0,0,4642,52917694752
51.8248,19.2958,20.7407,0,99,65,72,2447,1000,5.12906,271,5.53183,0,0,4642,53021791896
50.0529,19.9789,20.7407,0,99,65,72,2447,1000,5.12906,271,5.53183,0,0,4642,53125893469
55.2121,18.112,12.5756,0,99,65,72,2457,1000,5.12514,271,5.53217,0,0,4641,53229993399
45.086,22.1798,12.5756,0,99,65,72,2457,1000,5.12514,271,5.53217,0,0,4641,53334101634
50.7511,19.704,12.5756,0,99,65,72,2457,1000,5.12514,271,5.53217,0,0,4641,53438204188
49.7317,20.1079,12.5756,0,99,65,72,2457,1000,5.12514,271,5.53217,0,0,4641,53542309779
42.1367,23.7323,12.5756,0,99,65,72,2457,1000,5.12514,271,5.53217,0,0,4641,53646414177
50.363,19.8559,12.0647,0,99,65,72,2448,1000,5.12319,271,5.53001,0,0,4661,53750502645
46.9283,21.3091,12.0647,0,99,65,72,2448,1000,5.12319,271,5.53001,0,0,4661,53854611712
46.6827,21.4212,12.0647,0,99,65,72,2448,1000,5.12319,271,5.53001,0,0,4661,53958694379
51.7195,19.3351,12.0647,0,99,65,72,2448,1000,5.12319,271,5.53001,0,0,4661,54062782296
45.9349,21.7699,12.0647,0,99,65,72,2448,1000,5.12319,271,5.53001,0,0,4661,54166863100
55.3407,18.0699,12.8676,0,99,65,72,2448,1000,5.12319,271,5.53065,0,0,4661,54270942641
42.1482,23.7258,12.8676,0,99,65,72,2448,1000,5.12319,271,5.53065,0,0,4661,54375041730
44.8847,22.2793,12.8676,0,99,65,72,2448,1000,5.12319,271,5.53065,0,0,4661,54479124738
46.1776,21.6555,12.8676,0,99,65,72,2448,1000,5.12319,271,5.53065,0,0,4661,54583208687
44.8903,22.2765,12.8676,0,99,65,72,2448,1000,5.12319,271,5.53065,0,0,4661,54687297055
44.8667,22.2882,12.2128,0,99,65,72,2463,1000,5.13791,271,5.52819,0,0,4689,54791379452
43.0407,23.2338,12.2128,0,99,65,72,2463,1000,5.13791,271,5.52819,0,0,4689,54895465866
46.153,21.6671,12.2128,0,99,65,72,2463,1000,5.13791,271,5.52819,0,0,4689,54999557040
44.3783,22.5335,12.2128,0,99,65,72,2463,1000,5.13791,271,5.52819,0,0,4689,55103638956
47.2846,21.1485,12.2128,0,99,65,72,2463,1000,5.13791,271,5.52819,0,0,4689,55207742732
46.5974,21.4604,13.6868,0,99,64,72,2457,1000,5.12514,271,5.52694,0,0,4622,55311870965
47.0993,21.2318,13.6868,0,99,64,72,2457,1000,5.12514,271,5.52694,0,0,4622,55415951368
45.1307,22.1579,13.6868,0,99,64,72,2457,1000,5.12514,271,5.52694,0,0,4622,55520035078
49.0421,20.3906,13.6868,0,99,64,72,2457,1000,5.12514,271,5.52694,0,0,4622,55624119739
46.006,21.7363,13.6868,0,99,64,72,2457,1000,5.12514,271,5.52694,0,0,4622,55728230599
47.8791,20.8859,13.0909,0,99,65,72,2456,1000,5.12319,271,5.52481,0,0,4696,55832346548
45.358,22.0468,13.0909,0,99,65,72,2456,1000,5.12319,271,5.52481,0,0,4696,55936430057
47.0792,21.2408,13.0909,0,99,65,72,2456,1000,5.12319,271,5.52481,0,0,4696,56040512304
51.7341,19.3296,13.0909,0,99,65,72,2456,1000,5.12319,271,5.52481,0,0,4696,56144604208
47.0772,21.2417,13.0909,0,99,65,72,2456,1000,5.12319,271,5.52481,0,0,4696,56248679171
46.0192,21.7301,12.4847,0,99,65,72,2444,1000,5.12123,271,5.52667,0,0,4614,56352776977
44.5822,22.4305,12.4847,0,99,65,72,2444,1000,5.12123,271,5.52667,0,0,4614,56456883920
49.2337,20.3113,12.4847,0,99,65,72,2444,1000,5.12123,271,5.52667,0,0,4614,56560979501
44.2891,22.5789,12.4847,0,99,65,72,2444,1000,5.12123,271,5.52667,0,0,4614,56665099899
47.1744,21.1979,12.4847,0,99,65,72,2444,1000,5.12123,271,5.52667,0,0,4614,56769186444
45.8295,21.82,12.1622,0,99,65,72,2457,1000,5.12123,271,5.52614,0,0,4715,56873263811
44.4944,22.4748,12.1622,0,99,65,72,2457,1000,5.12123,271,5.52614,0,0,4715,56977348603
48.1319,20.7762,12.1622,0,99,65,72,2457,1000,5.12123,271,5.52614,0,0,4715,57081431460
44.7177,22.3625,12.1622,0,99,65,72,2457,1000,5.12123,271,5.52614,0,0,4715,57185521381
46.294,21.6011,12.1622,0,99,65,72,2457,1000,5.12123,271,5.52614,0,0,4715,57289624216
45.0506,22.1973,13.3415,0,99,65,72,2467,1000,5.12319,271,5.52601,0,0,4714,57393730879
48.5269,20.6071,13.3415,0,99,65,72,2467,1000,5.12319,271,5.52601,0,0,4714,57497814818
47.4064,21.0942,13.3415,0,99,65,72,2467,1000,5.12319,271,5.52601,0,0,4714,57601896323
45.1868,22.1304,13.3415,0,99,65,72,2467,1000,5.12319,271,5.52601,0,0,4714,57705978981
48.8599,20.4667,13.3415,0,99,65,72,2467,1000,5.12319,271,5.52601,0,0,4714,57810060336
47.2371,21.1698,13.145,0,99,65,72,2464,1000,5.12514,271,5.52668,0,0,4638,57914142362
44.3066,22.57,13.145,0,99,65,72,2464,1000,5.12514,271,5.52668,0,0,4638,58018224378
50.3776,19.8501,13.145,0,99,65,72,2464,1000,5.12514,271,5.52668,0,0,4638,58122310592
47.5972,21.0096,13.145,0,99,65,72,2464,1000,5.12514,271,5.52668,0,0,4638,58226413417
46.6902,21.4178,12.3153,0,99,65,72,2463,1000,5.12514,271,5.52567,0,0,4765,58330502636
46.0995,21.6922,12.3153,0,99,65,72,2463,1000,5.12514,271,5.52567,0,0,4765,58434582158
45.2683,22.0905,12.3153,0,99,65,72,2463,1000,5.12514,271,5.52567,0,0,4765,58538670656
47.9918,20.8369,12.3153,0,99,65,72,2463,1000,5.12514,271,5.52567,0,0,4765,58642754005
43.3952,23.044,12.3153,0,99,65,72,2463,1000,5.12514,271,5.52567,0,0,4765,58746839678
45.7875,21.84,12.7921,0,99,65,72,2454,1000,5.11042,271,5.52735,0,0,4688,58850917796
46.2852,21.6052,12.7921,0,99,65,72,2454,1000,5.11042,271,5.52735,0,0,4688,58954997458
47.9341,20.862,12.7921,0,99,65,72,2454,1000,5.11042,271,5.52735,0,0,4688,59059078903
47.9665,20.8479,12.7921,0,99,65,72,2454,1000,5.11042,271,5.52735,0,0,4688,59163174264
51.5258,19.4078,12.7921,0,99,65,72,2454,1000,5.11042,271,5.52735,0,0,4688,59267286697
51.4457,19.438,13.5135,0,99,65,72,2452,1000,5.10847,271,5.52654,0,0,4740,59371418387
44.8023,22.3203,13.5135,0,99,65,72,2452,1000,5.10847,271,5.52654,0,0,4740,59475517655
44.1257,22.6625,13.5135,0,99,65,72,2452,1000,5.10847,271,5.52654,0,0,4740,59579602046
47.5341,21.0375,13.5135,0,99,65,72,2452,1000,5.10847,271,5.52654,0,0,4740,59683663744
45.4868,21.9844,13.5135,0,99,65,72,2452,1000,5.10847,271,5.52654,0,0,4740,59787746651
48.8275,20.4803,13.9877,0,99,65,72,2437,1000,5.10652,271,5.52795,0,0,4668,59891829319
47.1288,21.2184,13.9877,0,99,65,72,2437,1000,5.10652,271,5.52795,0,0,4668,59995914430
47.087,21.2373,13.9877,0,99,65,72,2437,1000,5.10652,271,5.52795,0,0,4668,60100005293
45.9076,21.7829,13.9877,0,99,65,72,2437,1000,5.10652,271,5.52795,0,0,4668,60204099061
49.3153,20.2777,13.9877,0,99,65,72,2437,1000,5.10652,271,5.52795,0,0,4668,60308183612
47.3074,21.1384,13.9535,0,99,65,72,2424,1000,5.10652,271,5.52886,0,0,4691,60412278202
48.2954,20.7059,13.9535,0,99,65,72,2424,1000,5.10652,271,5.52886,0,0,4691,60516398930
45.8327,21.8185,13.9535,0,99,65,72,2424,1000,5.10652,271,5.52886,0,0,4691,60620481818
47.1875,21.1921,13.9535,0,99,65,72,2424,1000,5.10652,271,5.52886,0,0,4691,60724565688
48.203,20.7456,13.9535,0,99,65,72,2424,1000,5.10652,271,5.52886,0,0,4691,60828645079
48.0384,20.8167,12.9111,0,99,65,72,2423,1000,5.10652,271,5.52664,0,0,4640,60932738827
43.7631,22.8503,12.9111,0,99,65,72,2423,1000,5.10652,271,5.52664,0,0,4640,61036821895
48.7271,20.5224,12.9111,0,99,65,72,2423,1000,5.10652,271,5.52664,0,0,4640,61140908440
46.8349,21.3516,12.9111,0,99,65,72,2423,1000,5.10652,271,5.52664,0,0,4640,61244998411
46.381,21.5606,12.9111,0,99,65,72,2423,1000,5.10652,271,5.52664,0,0,4640,61349096607
45.8561,21.8073,13.7087,0,99,65,72,2437,1000,5.10847,271,5.52502,0,0,4571,61453182781
45.7021,21.8808,13.7087,0,99,65,72,2437,1000,5.10847,271,5.52502,0,0,4571,61557268284
48.9953,20.4101,13.7087,0,99,65,72,2437,1000,5.10847,271,5.52502,0,0,4571,61661351231
40.2584,24.8396,13.7087,0,99,65,72,2437,1000,5.10847,271,5.52502,0,0,4571,61765445260
42.7541,23.3896,13.7087,0,99,65,72,2437,1000,5.10847,271,5.52502,0,0,4571,61869559446
46.1533,21.6669,13.4568,0,99,65,72,2456,1000,5.10847,271,5.52699,0,0,4612,61973641793
41.4487,24.1262,13.4568,0,99,65,72,2456,1000,5.10847,271,5.52699,0,0,4612,62077725192
44.7962,22.3233,13.4568,0,99,65,72,2456,1000,5.10847,271,5.52699,0,0,4612,62181814822
45.1548,22.146,13.4568,0,99,65,72,2456,1000,5.10847,271,5.52699,0,0,4612,62285923148
40.7182,24.559,13.4568,0,99,65,72,2456,1000,5.10847,271,5.52699,0,0,4612,62390005314
44.1333,22.6586,12.6394,0,99,65,72,2435,1000,5.15541,271,5.52309,0,0,4706,62494093281
44.1655,22.6421,12.6394,0,99,65,72,2435,1000,5.15541,271,5.52309,0,0,4706,62598151252
50.6459,19.7449,12.6394,0,99,65,72,2435,1000,5.15541,271,5.52309,0,0,4706,62702240873
40.8727,24.4662,12.6394,0,99,65,72,2435,1000,5.15541,271,5.52309,0,0,4706,62806345391
49.3862,20.2486,12.6394,0,99,65,72,2435,1000,5.15541,271,5.52309,0,0,4706,62910428399
49.4268,20.2319,13.269,0,99,65,72,2438,1000,5.12319,271,5.52539,0,0,4663,63014518189
42.941,23.2878,13.269,0,99,65,72,2438,1000,5.12319,271,5.52539,0,0,4663,63118616486
48.744,20.5153,13.269,0,99,65,72,2438,1000,5.12319,271,5.52539,0,0,4663,63222714743
42.2639,23.6609,13.269,0,99,65,72,2438,1000,5.12319,271,5.52539,0,0,4663,63326799634
49.7908,20.084,11.6625,0,99,65,72,2440,1000,5.12319,271,5.52331,0,0,4733,63430888132
43.9032,22.7774,11.6625,0,99,65,72,2440,1000,5.12319,271,5.52331,0,0,4733,63534974116
43.956,22.75,11.6625,0,99,65,72,2440,1000,5.12319,271,5.52331,0,0,4733,63639032608
51.9574,19.2465,11.6625,0,99,65,72,2440,1000,5.12319,271,5.52331,0,0,4733,63743124723
40.705,24.567,11.6625,0,99,65,72,2440,1000,5.12319,271,5.52331,0,0,4733,63847218922
41.7211,23.9687,11.1809,0,99,65,72,2454,1000,5.11042,271,5.52365,0,0,4619,63951303933
41.835,23.9034,11.1809,0,99,65,72,2454,1000,5.11042,271,5.52365,0,0,4619,64055385459
42.9762,23.2687,11.1809,0,99,65,72,2454,1000,5.11042,271,5.52365,0,0,4619,64159481080
45.8173,21.8258,11.1809,0,99,65,72,2454,1000,5.11042,271,5.52365,0,0,4619,64263584076
46.1719,21.6582,11.1809,0,99,65,72,2454,1000,5.11042,271,5.52365,0,0,4619,64367641115
48.5138,20.6127,11.7353,0,99,65,72,2434,1000,5.10847,271,5.52413,0,0,4665,64471725676
49.0677,20.38,11.7353,0,99,65,72,2434,1000,5.10847,271,5.52413,0,0,4665,64575814184
45.4046,22.0242,11.7353,0,99,65,72,2434,1000,5.10847,271,5.52413,0,0,4665,64679913092
45.5679,21.9453,11.7353,0,99,65,72,2434,1000,5.10847,271,5.52413,0,0,4665,64783997132
39.6597,25.2145,11.7353,0,99,65,72,2434,1000,5.10847,271,5.52413,0,0,4665,64888084678
48.323,20.6941,12.0393,0,99,65,72,2441,1000,5.12123,271,5.52563,0,0,4613,64992187413
44.0126,22.7207,12.0393,0,99,65,72,2441,1000,5.12123,271,5.52563,0,0,4613,65096276693
47.1759,21.1973,12.0393,0,99,65,72,2441,1000,5.12123,271,5.52563,0,0,4613,65200414453
42.3307,23.6235,12.0393,0,99,65,72,2441,1000,5.12123,271,5.52563,0,0,4613,65304498163
42.9535,23.281,12.0393,0,99,65,72,2441,1000,5.12123,271,5.52563,0,0,4613,65408580319
47.8514,20.8981,13.0435,0,99,65,72,2417,1000,5.12319,271,5.52491,0,0,4715,65512635485
40.8135,24.5017,13.0435,0,99,65,72,2417,1000,5.12319,271,5.52491,0,0,4715,65616716799
40.4237,24.7379,13.0435,0,99,65,72,2417,1000,5.12319,271,5.52491,0,0,4715,65720799026
43.1465,23.1769,13.0435,0,99,65,72,2417,1000,5.12319,271,5.52491,0,0,4715,65824880110
38.4531,26.0057,13.0435,0,99,65,72,2417,1000,5.12319,271,5.52491,0,0,4715,65928962437
45.6825,21.8902,13.4236,0,99,65,73,2431,1000,5.12521,271,5.52285,0,0,4615,66033046607
43.0436,23.2323,13.4236,0,99,65,73,2431,1000,5.12521,271,5.52285,0,0,4615,66137131839
43.874,22.7925,13.4236,0,99,65,73,2431,1000,5.12521,271,5.52285,0,0,4615,66241220167
43.3651,23.06,13.4236,0,99,65,73,2431,1000,5.12521,271,5.52285,0,0,4615,66345304788
42.902,23.3089,13.4236,0,99,65,73,2431,1000,5.12521,271,5.52285,0,0,4615,66449396623
42.1422,23.7292,12.5466,0,99,65,72,2427,1000,5.11715,271,5.52356,0,0,4616,66553479641
42.9459,23.2851,12.5466,0,99,65,72,2427,1000,5.11715,271,5.52356,0,0,4616,66657563260
40.3883,24.7596,12.5466,0,99,65,72,2427,1000,5.11715,271,5.52356,0,0,4616,66761636680
42.0708,23.7695,12.5466,0,99,65,72,2427,1000,5.11715,271,5.52356,0,0,4616,66865726140
43.7511,22.8566,12.5466,0,99,65,72,2427,1000,5.11715,271,5.52356,0,0,4616,66969811151
40.3806,24.7644,13.0435,0,99,65,72,2427,1000,5.11715,271,5.52311,0,0,4715,67073900802
41.7675,23.9421,13.0435,0,99,65,72,2427,1000,5.11715,271,5.52311,0,0,4715,67178018865
40.7975,24.5113,13.0435,0,99,65,72,2427,1000,5.11715,271,5.52311,0,0,4715,67282109387
42.4541,23.5549,13.0435,0,99,65,72,2427,1000,5.11715,271,5.52311,0,0,4715,67386230016
43.4821,22.998,13.7206,0,99,65,72,2451,1000,5.11715,271,5.52209,0,0,4616,67490323724
40.6506,24.5999,13.7206,0,99,65,72,2451,1000,5.11715,271,5.52209,0,0,4616,67594429635
45.048,22.1985,13.7206,0,99,65,72,2451,1000,5.11715,271,5.52209,0,0,4616,67698531067
42.2962,23.6428,13.7206,0,99,65,72,2451,1000,5.11715,271,5.52209,0,0,4616,67802614927
44.587,22.4281,13.7206,0,99,65,72,2451,1000,5.11715,271,5.52209,0,0,4616,67906712101
44.1377,22.6564,13.3333,0,99,65,73,2448,1000,5.11715,271,5.52305,0,0,4641,68010800820
40.4665,24.7118,13.3333,0,99,65,73,2448,1000,5.11715,271,5.52305,0,0,4641,68114885922
45.8307,21.8194,13.3333,0,99,65,73,2448,1000,5.11715,271,5.52305,0,0,4641,68218971725
46.7025,21.4121,13.3333,0,99,65,73,2448,1000,5.11715,271,5.52305,0,0,4641,68323055314
40.3993,24.7529,13.3333,0,99,65,73,2448,1000,5.11715,271,5.52305,0,0,4641,68427142109
46.3544,21.5729,13.4804,0,99,65,72,2435,1000,5.11715,271,5.52665,0,0,4597,68531235336
41.0955,24.3336,13.4804,0,99,65,72,2435,1000,5.11715,271,5.52665,0,0,4597,68635315068
38.4445,26.0115,13.4804,0,99,65,72,2435,1000,5.11715,271,5.52665,0,0,4597,68739408926
38.7041,25.8371,13.4804,0,99,65,72,2435,1000,5.11715,271,5.52665,0,0,4597,68843494359
40.3708,24.7704,13.4804,0,99,65,72,2435,1000,5.11715,271,5.52665,0,0,4597,68947585212
41.161,24.2948,13.1802,0,99,65,73,2428,1000,5.11715,271,5.52586,0,0,4714,69051683528
41.2221,24.2588,13.1802,0,99,65,73,2428,1000,5.11715,271,5.52586,0,0,4714,69155768981
41.3869,24.1623,13.1802,0,99,65,73,2428,1000,5.11715,271,5.52586,0,0,4714,69259852149
45.427,22.0133,13.1802,0,99,65,73,2428,1000,5.11715,271,5.52586,0,0,4714,69363934315
42.6071,23.4703,13.1802,0,99,65,73,2428,1000,5.11715,271,5.52586,0,0,4714,69468017123
41.6392,24.0158,20.7241,0,99,65,73,2470,1000,5.11715,271,5.5266,0,0,4615,69572104309
39.8341,25.1041,20.7241,0,99,65,73,2470,1000,5.11715,271,5.5266,0,0,4615,69676193188
40.7201,24.5579,20.7241,0,99,65,73,2470,1000,5.11715,271,5.5266,0,0,4615,69780280604
44.279,22.5841,20.7241,0,99,65,73,2470,1000,5.11715,271,5.5266,0,0,4615,69884371356
39.2436,25.4819,20.7241,0,99,65,73,2470,1000,5.11715,271,5.5266,0,0,4615,69988455296
44.7384,22.3522,13.5678,0,99,65,73,2462,1000,5.1191,271,5.52281,0,0,4592,70092545037
44.9523,22.2458,13.5678,0,99,65,73,2462,1000,5.1191,271,5.52281,0,0,4592,70196701031
41.2922,24.2177,13.5678,0,99,65,73,2462,1000,5.1191,271,5.52281,0,0,4592,70300784039
44.3386,22.5537,13.5678,0,99,65,73,2462,1000,5.1191,271,5.52281,0,0,4592,70404871025
42.5186,23.5191,13.5678,0,99,65,73,2462,1000,5.1191,271,5.52281,0,0,4592,70508971035
46.0522,21.7145,16.0287,0,99,66,73,2436,1000,5.15744,271,5.52113,0,0,4709,70613061226
44.0886,22.6816,16.0287,0,99,66,73,2436,1000,5.15744,271,5.52113,0,0,4709,70717145126
45.0692,22.1881,16.0287,0,99,66,73,2436,1000,5.15744,271,5.52113,0,0,4709,70821227653
44.2961,22.5753,16.0287,0,99,66,73,2436,1000,5.15744,271,5.52113,0,0,4709,70925316652
43.2273,23.1335,16.0287,0,99,66,73,2436,1000,5.15744,271,5.52113,0,0,4709,71029405531
48.3934,20.664,15.122,0,99,66,73,2439,1000,5.11715,271,5.52253,0,0,4616,71133494400
43.6922,22.8874,15.122,0,99,66,73,2439,1000,5.11715,271,5.52253,0,0,4616,71237578339
45.5982,21.9307,15.122,0,99,66,73,2439,1000,5.11715,271,5.52253,0,0,4616,71341665635
45.9173,21.7783,15.122,0,99,66,73,2439,1000,5.11715,271,5.52253,0,0,4616,71445746319
41.2665,24.2327,15.122,0,99,66,73,2439,1000,5.11715,271,5.52253,0,0,4616,71549831581
43.2838,23.1034,15.5718,0,99,66,73,2447,1000,5.11715,271,5.53303,0,0,4615,71653910101
42.8426,23.3412,15.5718,0,99,66,73,2447,1000,5.11715,271,5.53303,0,0,4615,71757992347
47.6719,20.9767,15.5718,0,99,66,73,2447,1000,5.11715,271,5.53303,0,0,4615,71862077900
44.1494,22.6503,15.5718,0,99,66,73,2447,1000,5.11715,271,5.53303,0,0,4615,71966172530
44.2616,22.5929,15.5718,0,99,66,73,2447,1000,5.11715,271,5.53303,0,0,4615,72070272650
47.8541,20.8969,14.9327,0,99,66,73,2443,1000,5.12463,271,5.53446,0,0,4665,72174354886
45.2142,22.1169,14.9327,0,99,66,73,2443,1000,5.12463,271,5.53446,0,0,4665,72278454866
41.8966,23.8683,14.9327,0,99,66,73,2443,1000,5.12463,271,5.53446,0,0,4665,72382558112
43.5375,22.9687,14.9327,0,99,66,73,2443,1000,5.12463,271,5.53446,0,0,4665,72486603038
46.1163,21.6843,14.9327,0,99,66,73,2443,1000,5.12463,271,5.53446,0,0,4665,72590688190
42.043,23.7851,14.9567,0,99,66,73,2445,1000,5.13934,271,5.5282,0,0,4679,72694777420
46.525,21.4938,14.9567,0,99,66,73,2445,1000,5.13934,271,5.5282,0,0,4679,72798871178
50.3276,19.8698,14.9567,0,99,66,73,2445,1000,5.13934,271,5.5282,0,0,4679,72902957342
48.0676,20.804,14.9567,0,99,66,73,2445,1000,5.13934,271,5.5282,0,0,4679,73007046371
46.1159,21.6845,14.7601,0,99,66,73,2444,1000,5.13934,271,5.53056,0,0,4655,73111148926
50.2446,19.9026,14.7601,0,99,66,73,2444,1000,5.13934,271,5.53056,0,0,4655,73215229880
42.8847,23.3183,14.7601,0,99,66,73,2444,1000,5.13934,271,5.53056,0,0,4655,73319314571
49.763,20.0952,14.7601,0,99,66,73,2444,1000,5.13934,271,5.53056,0,0,4655,73423398040
46.6255,21.4475,14.7601,0,99,66,73,2444,1000,5.13934,271,5.53056,0,0,4655,73527482440
52.0138,19.2257,14.7277,0,99,67,73,2449,1000,5.13934,271,5.53268,0,0,4690,73631574816
43.7628,22.8505,14.7277,0,99,67,73,2449,1000,5.13934,271,5.53268,0,0,4690,73735675527
42.6169,23.4648,14.7277,0,99,67,73,2449,1000,5.13934,271,5.53268,0,0,4690,73839757613
48.6899,20.5381,14.7277,0,99,67,73,2449,1000,5.13934,271,5.53268,0,0,4690,73943839519
45.921,21.7765,14.7277,0,99,67,73,2449,1000,5.13934,271,5.53268,0,0,4690,74047930231
46.93,21.3083,14.0547,0,99,67,73,2432,1000,5.13739,271,5.53384,0,0,4663,74152041062
45.6072,21.9264,14.0547,0,99,67,73,2432,1000,5.13739,271,5.53384,0,0,4663,74256123519
45.6825,21.8902,14.0547,0,99,67,73,2432,1000,5.13739,271,5.53384,0,0,4663,74360200676
44.9283,22.2577,14.0547,0,99,67,73,2432,1000,5.13739,271,5.53384,0,0,4663,74464288362
46.1983,21.6458,14.0547,0,99,67,73,2432,1000,5.13739,271,5.53384,0,0,4663,74568387991
45.3515,22.05,15.2147,0,99,67,73,2453,1000,5.13739,271,5.53292,0,0,4634,74672468795
46.024,21.7278,15.2147,0,99,67,73,2453,1000,5.13739,271,5.53292,0,0,4634,74776554899
47.0717,21.2442,15.2147,0,99,67,73,2453,1000,5.13739,271,5.53292,0,0,4634,74880652364
45.1657,22.1407,15.2147,0,99,67,73,2453,1000,5.13739,271,5.53292,0,0,4634,74984750981
41.0057,24.3869,15.2147,0,99,67,73,2453,1000,5.13739,271,5.53292,0,0,4634,75088835332
46.7797,21.3768,15.5941,0,99,67,73,2463,1000,5.13739,271,5.53609,0,0,4675,75192933418
41.2086,24.2668,15.5941,0,99,67,73,2463,1000,5.13739,271,5.53609,0,0,4675,75297017808
45.9888,21.7444,15.5941,0,99,67,73,2463,1000,5.13739,271,5.53609,0,0,4675,75401106257
43.6145,22.9282,15.5941,0,99,67,73,2463,1000,5.13739,271,5.53609,0,0,4675,75505189836
43.6515,22.9087,15.5941,0,99,67,73,2463,1000,5.13739,271,5.53609,0,0,4675,75609280568
45.7216,21.8715,14.6584,0,99,67,73,2448,1000,5.13739,271,5.53678,0,0,4715,75713391508
46.2828,21.6063,14.6584,0,99,67,73,2448,1000,5.13739,271,5.53678,0,0,4715,75817473915
44.6279,22.4075,14.6584,0,99,67,73,2448,1000,5.13739,271,5.53678,0,0,4715,75921562363
45.5261,21.9654,14.6584,0,99,67,73,2448,1000,5.13739,271,5.53678,0,0,4715,76025664307
48.6563,20.5523,14.6584,0,99,67,73,2448,1000,5.13739,271,5.53678,0,0,4715,76129765429
47.5399,21.0349,15.0311,0,99,67,73,2431,1000,5.13544,271,5.53822,0,0,4690,76233849849
44.5469,22.4483,15.0311,0,99,67,73,2431,1000,5.13544,271,5.53822,0,0,4690,76337935282
47.3243,21.1308,15.0311,0,99,67,73,2431,1000,5.13544,271,5.53822,0,0,4690,76442022518
39.1405,25.549,15.0311,0,99,67,73,2431,1000,5.13544,271,5.53822,0,0,4690,76546119612
46.164,21.6619,14.2145,0,99,67,73,2458,1000,5.12267,271,5.53676,0,0,4690,76650197871
47.8954,20.8788,14.2145,0,99,67,73,2458,1000,5.12267,271,5.53676,0,0,4690,76754274607
50.683,19.7305,14.2145,0,99,67,73,2458,1000,5.12267,271,5.53676,0,0,4690,76858360851
48.4622,20.6346,14.2145,0,99,67,73,2458,1000,5.12267,271,5.53676,0,0,4690,76962470970
45.63,21.9154,14.2145,0,99,67,73,2458,1000,5.12267,271,5.53676,0,0,4690,77066595486
45.6539,21.9039,14.3571,0,99,67,73,2430,1000,5.12072,271,5.53613,0,0,4644,77170678604
50.2225,19.9114,14.3571,0,99,67,73,2430,1000,5.12072,271,5.53613,0,0,4644,77274759488
41.976,23.8231,14.3571,0,99,67,73,2430,1000,5.12072,271,5.53613,0,0,4644,77378852695
42.658,23.4423,14.3571,0,99,67,73,2430,1000,5.12072,271,5.53613,0,0,4644,77482952875
45.0023,22.2211,14.3571,0,99,67,73,2430,1000,5.12072,271,5.53613,0,0,4644,77587034060
41.0818,24.3417,14.875,0,99,67,73,2463,1000,5.11715,271,5.53551,0,0,4630,77691118280
41.2825,24.2234,14.875,0,99,67,73,2463,1000,5.11715,271,5.53551,0,0,4630,77795218210
54.119,18.4778,14.875,0,99,67,73,2463,1000,5.11715,271,5.53551,0,0,4630,77899343026
44.1657,22.642,14.875,0,99,67,73,2463,1000,5.11715,271,5.53551,0,0,4630,78003420333
44.565,22.4391,14.875,0,99,67,73,2463,1000,5.11715,271,5.53551,0,0,4630,78107497139
55.327,18.0744,14.5258,0,99,67,73,2463,1000,5.11715,271,5.53849,0,0,4744,78211565229
46.2462,21.6234,14.5258,0,99,67,73,2463,1000,5.11715,271,5.53849,0,0,4744,78315664378
45.029,22.2079,14.5258,0,99,67,73,2463,1000,5.11715,271,5.53849,0,0,4744,78419764568
48.6768,20.5437,14.5258,0,99,67,73,2463,1000,5.11715,271,5.53849,0,0,4744,78523854278
45.3232,22.0637,14.5258,0,99,67,73,2463,1000,5.11715,271,5.53849,0,0,4744,78627936855
47.4835,21.06,15.1149,0,99,67,73,2427,1000,5.1152,271,5.53724,0,0,4690,78732040342
50.3679,19.8539,15.1149,0,99,67,73,2427,1000,5.1152,271,5.53724,0,0,4690,78836129070
44.0044,22.725,15.1149,0,99,67,73,2427,1000,5.1152,271,5.53724,0,0,4690,78940229461
44.9826,22.2308,15.1149,0,99,67,73,2427,1000,5.1152,271,5.53724,0,0,4690,79044334460
45.3041,22.0731,15.1149,0,99,67,73,2427,1000,5.1152,271,5.53724,0,0,4690,79148413551
47.516,21.0455,15.0121,0,99,67,73,2440,1000,5.1152,271,5.53461,0,0,4690,79252495196
44.1724,22.6386,15.0121,0,99,67,73,2440,1000,5.1152,271,5.53461,0,0,4690,79356579286
43.8803,22.7893,15.0121,0,99,67,73,2440,1000,5.1152,271,5.53461,0,0,4690,79460662835
49.0245,20.398,15.0121,0,99,67,73,2440,1000,5.1152,271,5.53461,0,0,4690,79564768936
47.0924,21.2348,15.0121,0,99,67,73,2440,1000,5.1152,271,5.53461,0,0,4690,79668893222
46.4553,21.5261,14.994,0,99,67,73,2460,1000,5.11715,271,5.53498,0,0,4710,79772975829
51.2437,19.5146,14.994,0,99,67,73,2460,1000,5.11715,271,5.53498,0,0,4710,79877059598
44.5029,22.4704,14.994,0,99,67,73,2460,1000,5.11715,271,5.53498,0,0,4710,79981139260
47.089,21.2364,14.994,0,99,67,73,2460,1000,5.11715,271,5.53498,0,0,4710,80085222148
48.0387,20.8166,14.994,0,99,67,73,2460,1000,5.11715,271,5.53498,0,0,4710,80189317729
48.1089,20.7862,14.8103,0,99,67,73,2458,1000,5.11715,271,5.53313,0,0,4615,80293423370
45.7738,21.8466,14.8103,0,99,67,73,2458,1000,5.11715,271,5.53313,0,0,4615,80397506498
44.2276,22.6103,14.8103,0,99,67,73,2458,1000,5.11715,271,5.53313,0,0,4615,80501555442
48.4446,20.6421,14.8103,0,99,67,73,2458,1000,5.11715,271,5.53313,0,0,4615,80605639432
46.5097,21.5009,14.8103,0,99,67,73,2458,1000,5.11715,271,5.53313,0,0,4615,80709723421
49.8118,20.0756,14.7922,0,99,67,73,2453,1000,5.11715,271,5.5334,0,0,4640,80813811499
48.3269,20.6924,14.7922,0,99,67,73,2453,1000,5.11715,271,5.5334,0,0,4640,80917913021
48.5958,20.5779,14.7922,0,99,67,73,2453,1000,5.11715,271,5.5334,0,0,4640,81022010967
48.5393,20.6019,14.7922,0,99,67,73,2453,1000,5.11715,271,5.5334,0,0,4640,81126135032
54.2678,18.4271,14.7922,0,99,67,73,2453,1000,5.11715,271,5.5334,0,0,4640,81230240593
43.3385,23.0742,14.6879,0,99,67,73,2463,1000,5.11715,271,5.53141,0,0,4709,81334320755
49.6366,20.1464,14.6879,0,99,67,73,2463,1000,5.11715,271,5.53141,0,0,4709,81438404715
46.0815,21.7007,14.6879,0,99,67,73,2463,1000,5.11715,271,5.53141,0,0,4709,81542486661
49.6761,20.1304,14.6879,0,99,67,73,2463,1000,5.11715,271,5.53141,0,0,4709,81646543780
47.911,20.872,14.6879,0,99,67,73,2463,1000,5.11715,271,5.53141,0,0,4709,81750633491
41.899,23.8669,14.9015,0,99,67,73,2464,1000,5.11715,271,5.53261,0,0,4636,81854714345
48.1876,20.7522,14.9015,0,99,67,73,2464,1000,5.11715,271,5.53261,0,0,4636,81958800268
48.0897,20.7945,14.9015,0,99,67,73,2464,1000,5.11715,271,5.53261,0,0,4636,82062887805
46.8776,21.3321,14.9015,0,99,67,73,2464,1000,5.11715,271,5.53261,0,0,4636,82166989528
48.6724,20.5455,14.9015,0,99,67,73,2464,1000,5.11715,271,5.53261,0,0,4636,82271117961
48.9479,20.4299,15.9314,0,99,67,73,2462,1000,5.11715,271,5.53267,0,0,4665,82375208102
48.8505,20.4706,15.9314,0,99,67,73,2462,1000,5.11715,271,5.53267,0,0,4665,82479289667
49.3039,20.2824,15.9314,0,99,67,73,2462,1000,5.11715,271,5.53267,0,0,4665,82583365362
46.1365,21.6748,15.9314,0,99,67,73,2462,1000,5.11715,271,5.53267,0,0,4665,82687447177
47.7225,20.9545,15.9314,0,99,67,73,2462,1000,5.11715,271,5.53267,0,0,4665,82791533642
46.2572,21.6183,15.7055,0,99,67,73,2451,1000,5.11715,271,5.53048,0,0,4689,82895618082
48.6207,20.5674,15.7055,0,99,67,73,2451,1000,5.11715,271,5.53048,0,0,4689,82999699367
46.0179,21.7307,15.7055,0,99,67,73,2451,1000,5.11715,271,5.53048,0,0,4689,83103781734
43.9428,22.7569,15.7055,0,99,67,73,2451,1000,5.11715,271,5.53048,0,0,4689,83207870653
45.6565,21.9027,15.9653,0,99,67,73,2449,1000,5.12107,271,5.53123,0,0,4690,83311998855
48.6344,20.5616,15.9653,0,99,67,73,2449,1000,5.12107,271,5.53123,0,0,4690,83416112631
47.6973,20.9655,15.9653,0,99,67,73,2449,1000,5.12107,271,5.53123,0,0,4690,83520241976
44.6669,22.388,15.9653,0,99,67,73,2449,1000,5.12107,271,5.53123,0,0,4690,83624334181
49.9863,20.0055,15.9653,0,99,67,73,2449,1000,5.12107,271,5.53123,0,0,4690,83728416588
47.4366,21.0808,16.1765,0,99,67,73,2424,1000,5.12107,271,5.52624,0,0,4627,83832500878
48.8117,20.4869,16.1765,0,99,67,73,2424,1000,5.12107,271,5.52624,0,0,4627,83936590158
46.0009,21.7387,16.1765,0,99,67,73,2424,1000,5.12107,271,5.52624,0,0,4627,84040674669
52.3402,19.1058,16.1765,0,99,67,73,2424,1000,5.12107,271,5.52624,0,0,4627,84144761724
51.1119,19.5649,16.1765,0,99,67,73,2424,1000,5.12107,271,5.52624,0,0,4627,84248850283
43.842,22.8092,16.1728,0,99,67,73,2461,1000,5.12302,271,5.52655,0,0,4635,84352928832
47.7157,20.9575,16.1728,0,99,67,73,2461,1000,5.12302,271,5.52655,0,0,4635,84457009536
48.8164,20.4849,16.1728,0,99,67,73,2461,1000,5.12302,271,5.52655,0,0,4635,84561095880
45.2446,22.1021,16.1728,0,99,67,73,2461,1000,5.12302,271,5.52655,0,0,4635,84665217370
48.759,20.509,16.1728,0,99,67,73,2461,1000,5.12302,271,5.52655,0,0,4635,84769352857
48.1716,20.7591,15.6984,0,99,67,73,2467,1000,5.12302,271,5.52617,0,0,4690,84873455481
50.5465,19.7838,15.6984,0,99,67,73,2467,1000,5.12302,271,5.52617,0,0,4690,84977520756
54.1674,18.4613,15.6984,0,99,67,73,2467,1000,5.12302,271,5.52617,0,0,4690,85081611128
52.5731,19.0212,15.6984,0,99,67,73,2467,1000,5.12302,271,5.52617,0,0,4690,85185691711
47.1774,21.1966,15.6984,0,99,67,73,2467,1000,5.12302,271,5.52617,0,0,4690,85289772355
46.0154,21.7318,16.299,0,99,67,73,2459,1000,5.12302,271,5.52312,0,0,4663,85393855713
41.8273,23.9078,16.299,0,99,67,73,2459,1000,5.12302,271,5.52312,0,0,4663,85497949361
47.1436,21.2118,16.299,0,99,67,73,2459,1000,5.12302,271,5.52312,0,0,4663,85602035355
46.2072,21.6416,16.299,0,99,67,73,2459,1000,5.12302,271,5.52312,0,0,4663,85706120907
46.4202,21.5423,16.299,0,99,67,73,2459,1000,5.12302,271,5.52312,0,0,4663,85810214886
44.9105,22.2665,16.1172,0,99,67,74,2454,1000,5.12302,271,5.52066,0,0,4665,85914310888
45.4893,21.9832,16.1172,0,99,67,74,2454,1000,5.12302,271,5.52066,0,0,4665,86018423512
48.9296,20.4375,16.1172,0,99,67,74,2454,1000,5.12302,271,5.52066,0,0,4665,86122511609
49.2858,20.2898,16.1172,0,99,67,74,2454,1000,5.12302,271,5.52066,0,0,4665,86226589718
45.814,21.8274,16.1172,0,99,67,74,2454,1000,5.12302,271,5.52066,0,0,4665,86330671323
43.8483,22.8059,15.9456,0,99,67,73,2436,1000,5.12107,271,5.52093,0,0,4690,86434756155
45.616,21.9222,15.9456,0,99,67,73,2436,1000,5.12107,271,5.52093,0,0,4690,86538847228
46.1427,21.6719,15.9456,0,99,67,73,2436,1000,5.12107,271,5.52093,0,0,4690,86642944322
41.3605,24.1777,15.9456,0,99,67,73,2436,1000,5.12107,271,5.52093,0,0,4690,86747027520
46.0176,21.7308,15.9456,0,99,67,73,2436,1000,5.12107,271,5.52093,0,0,4690,86851121549
43.6084,22.9314,14.9144,0,99,68,73,2419,1000,5.12107,271,5.52161,0,0,4629,86955238911
42.5031,23.5277,14.9144,0,99,68,73,2419,1000,5.12107,271,5.52161,0,0,4629,87059317120
44.4169,22.514,14.9144,0,99,68,73,2419,1000,5.12107,271,5.52161,0,0,4629,87163405588
42.9843,23.2643,14.9144,0,99,68,73,2419,1000,5.12107,271,5.52161,0,0,4629,87267507853
45.7213,21.8716,14.9144,0,99,68,73,2419,1000,5.12107,271,5.52161,0,0,4629,87371584939
48.1172,20.7826,14.7922,0,99,67,73,2417,1000,5.08884,271,5.52766,0,0,4713,87475672556
44.4876,22.4782,14.7922,0,99,67,73,2417,1000,5.08884,271,5.52766,0,0,4713,87579767957
49.599,20.1617,14.7922,0,99,67,73,2417,1000,5.08884,271,5.52766,0,0,4713,87683853219
42.9876,23.2625,14.7922,0,99,67,73,2417,1000,5.08884,271,5.52766,0,0,4713,87787941116
44.0324,22.7106,14.8284,0,99,67,74,2427,1000,5.0908,271,5.52582,0,0,4616,87892031458
45.5578,21.9501,14.8284,0,99,67,74,2427,1000,5.0908,271,5.52582,0,0,4616,87996126579
44.7557,22.3435,14.8284,0,99,67,74,2427,1000,5.0908,271,5.52582,0,0,4616,88100212031
44.6418,22.4005,14.8284,0,99,67,74,2427,1000,5.0908,271,5.52582,0,0,4616,88204302624
46.672,21.4261,14.8284,0,99,67,74,2427,1000,5.0908,271,5.52582,0,0,4616,88308400870
48.7471,20.5141,14.0915,0,99,67,74,2422,1000,5.08884,271,5.52316,0,0,4665,88412478949
51.2418,19.5153,14.0915,0,99,67,74,2422,1000,5.08884,271,5.52316,0,0,4665,88516575262
45.2203,22.1139,14.0915,0,99,67,74,2422,1000,5.08884,271,5.52316,0,0,4665,88620659542
43.0169,23.2467,14.0915,0,99,67,74,2422,1000,5.08884,271,5.52316,0,0,4665,88724752128
42.5989,23.4748,14.0915,0,99,67,74,2422,1000,5.08884,271,5.52316,0,0,4665,88828835186
46.3856,21.5584,14.1615,0,99,67,74,2410,1000,5.08884,271,5.52701,0,0,4566,88932929545
45.8121,21.8283,14.1615,0,99,67,74,2410,1000,5.08884,271,5.52701,0,0,4566,89037035055
43.342,23.0723,14.1615,0,99,67,74,2410,1000,5.08884,271,5.52701,0,0,4566,89141135466
50.6523,19.7424,14.1615,0,99,67,74,2410,1000,5.08884,271,5.52701,0,0,4566,89245223283
44.5641,22.4396,14.1615,0,99,67,74,2410,1000,5.08884,271,5.52701,0,0,4566,89349316119
42.4356,23.5651,14.5833,0,99,67,74,2414,1000,5.08884,271,5.52589,0,0,4615,89453416680
40.5056,24.6879,14.5833,0,99,67,74,2414,1000,5.08884,271,5.52589,0,0,4615,89557486463
43.4419,23.0192,14.5833,0,99,67,74,2414,1000,5.08884,271,5.52589,0,0,4615,89661567257
50.2451,19.9024,14.5833,0,99,67,74,2414,1000,5.08884,271,5.52589,0,0,4615,89765652589
43.5501,22.9621,14.5833,0,99,67,74,2414,1000,5.08884,271,5.52589,0,0,4615,89869733804
50.1678,19.9331,12.8395,0,99,67,74,2414,1000,5.08884,271,5.52565,0,0,4690,89973819126
44.2419,22.603,12.8395,0,99,67,74,2414,1000,5.08884,271,5.52565,0,0,4690,90077910901
41.4039,24.1523,12.8395,0,99,67,74,2414,1000,5.08884,271,5.52565,0,0,4690,90181999890
47.3092,21.1375,12.8395,0,99,67,74,2414,1000,5.08884,271,5.52565,0,0,4690,90286096633
44.7765,22.3332,12.8395,0,99,67,74,2414,1000,5.08884,271,5.52565,0,0,4690,90390208435
42.3322,23.6227,14.3911,0,99,67,73,2415,1000,5.08492,271,5.52428,0,0,4672,90494252470
45.733,21.866,14.3911,0,99,67,73,2415,1000,5.08492,271,5.52428,0,0,4672,90598349995
49.4441,20.2249,14.3911,0,99,67,73,2415,1000,5.08492,271,5.52428,0,0,4672,90702450065
42.7656,23.3833,14.3911,0,99,67,73,2415,1000,5.08492,271,5.52428,0,0,4672,90806536059
47.6177,21.0006,14.3911,0,99,67,73,2415,1000,5.08492,271,5.52428,0,0,4672,90910630769
45.1704,22.1384,13.1611,0,99,67,74,2417,1000,5.08492,271,5.52874,0,0,4695,91014729296
46.4125,21.5459,13.1611,0,99,67,74,2417,1000,5.08492,271,5.52874,0,0,4695,91118812083
46.8464,21.3464,13.1611,0,99,67,74,2417,1000,5.08492,271,5.52874,0,0,4695,91222894681
43.2618,23.1151,13.1611,0,99,67,74,2417,1000,5.08492,271,5.52874,0,0,4695,91326989040
47.4104,21.0924,13.1611,0,99,67,74,2417,1000,5.08492,271,5.52874,0,0,4695,91431074723
46.0985,21.6927,13.5922,0,99,67,74,2425,1000,5.08492,271,5.52806,0,0,4716,91535159584
43.238,23.1278,13.5922,0,99,67,74,2425,1000,5.08492,271,5.52806,0,0,4716,91639250146
45.0638,22.1908,13.5922,0,99,67,74,2425,1000,5.08492,271,5.52806,0,0,4716,91743333886
42.5121,23.5227,13.5922,0,99,67,74,2425,1000,5.08492,271,5.52806,0,0,4716,91847424768
45.9363,21.7693,13.5922,0,99,67,74,2425,1000,5.08492,271,5.52806,0,0,4716,91951472430
45.4139,22.0197,18.4915,0,99,67,74,2430,1000,5.08492,271,5.52465,0,0,4491,92055564194
45.7091,21.8775,18.4915,0,99,67,74,2430,1000,5.08492,271,5.52465,0,0,4491,92159656249
45.7404,21.8625,18.4915,0,99,67,74,2430,1000,5.08492,271,5.52465,0,0,4491,92263753634
44.6712,22.3858,18.4915,0,99,67,74,2430,1000,5.08492,271,5.52465,0,0,4491,92367831222
47.2156,21.1795,18.4915,0,99,67,74,2430,1000,5.08492,271,5.52465,0,0,4491,92471916043
39.551,25.2838,15.1365,0,99,67,74,2427,1000,5.08492,271,5.52784,0,0,4623,92576006575
47.7996,20.9207,15.1365,0,99,67,74,2427,1000,5.08492,271,5.52784,0,0,4623,92680086798
44.1926,22.6282,15.1365,0,99,67,74,2427,1000,5.08492,271,5.52784,0,0,4623,92784170517
46.6082,21.4554,15.1365,0,99,67,74,2427,1000,5.08492,271,5.52784,0,0,4623,92888267221
48.1305,20.7768,14.4945,0,99,67,74,2423,1000,5.08492,271,5.53155,0,0,4619,92992346983
42.4335,23.5663,14.4945,0,99,67,74,2423,1000,5.08492,271,5.53155,0,0,4619,93096427556
45.5416,21.9579,14.4945,0,99,67,74,2423,1000,5.08492,271,5.53155,0,0,4619,93200522036
44.3672,22.5391,14.4945,0,99,67,74,2423,1000,5.08492,271,5.53155,0,0,4619,93304607829
44.4061,22.5194,14.4945,0,99,67,74,2423,1000,5.08492,271,5.53155,0,0,4619,93408694514
37.5855,26.606,13.7637,0,99,67,74,2418,1000,5.08492,271,5.53446,0,0,4588,93512788322
47.5138,21.0465,13.7637,0,99,67,74,2418,1000,5.08492,271,5.53446,0,0,4588,93616875427
42.6501,23.4466,13.7637,0,99,67,74,2418,1000,5.08492,271,5.53446,0,0,4588,93720955570
44.8188,22.312,13.7637,0,99,67,74,2418,1000,5.08492,271,5.53446,0,0,4588,93825049158
50.743,19.7071,13.7637,0,99,67,74,2418,1000,5.08492,271,5.53446,0,0,4588,93929154858
43.2778,23.1066,14.2683,0,99,67,74,2414,1000,5.09298,271,5.53122,0,0,4616,94033237616
45.5099,21.9732,14.2683,0,99,67,74,2414,1000,5.09298,271,5.53122,0,0,4616,94137324381
41.1681,24.2907,14.2683,0,99,67,74,2414,1000,5.09298,271,5.53122,0,0,4616,94241419862
32.9028,30.3926,14.2683,0,99,67,74,2414,1000,5.09298,271,5.53122,0,0,4616,94345513861
38.8091,25.7672,14.2683,0,99,67,74,2414,1000,5.09298,271,5.53122,0,0,4616,94449607679
41.4646,24.117,14.2005,0,99,67,74,2436,1000,5.09097,271,5.52785,0,0,4618,94553709532
39.8008,25.1251,14.2005,0,99,67,74,2436,1000,5.09097,271,5.52785,0,0,4618,94657795946
37.6782,26.5405,14.2005,0,99,67,74,2436,1000,5.09097,271,5.52785,0,0,4618,94761878624
38.5974,25.9085,14.2005,0,99,67,74,2436,1000,5.09097,271,5.52785,0,0,4618,94865965309
35.9679,27.8026,14.2005,0,99,67,74,2436,1000,5.09097,271,5.52785,0,0,4618,94970048747
39.0435,25.6125,13.1868,0,99,67,74,2452,1000,5.12716,270,5.52784,0,0,4690,95074137977
37.6751,26.5427,13.1868,0,99,67,74,2452,1000,5.12716,270,5.52784,0,0,4690,95178222828
39.7047,25.1859,13.1868,0,99,67,74,2452,1000,5.12716,270,5.52784,0,0,4690,95282301398
42.7192,23.4087,13.1868,0,99,67,74,2452,1000,5.12716,270,5.52784,0,0,4690,95386381591
37.5266,26.6478,13.1868,0,99,67,74,2452,1000,5.12716,270,5.52784,0,0,4690,95490441706
39.0719,25.5938,13.8311,0,99,67,74,2459,1000,5.11514,271,5.52932,0,0,4615,95594525956
39.4793,25.3297,13.8311,0,99,67,74,2459,1000,5.11514,271,5.52932,0,0,4615,95698621628
40.0659,24.9589,13.8311,0,99,67,74,2459,1000,5.11514,271,5.52932,0,0,4615,95802721177
37.8839,26.3964,13.8311,0,99,67,74,2459,1000,5.11514,271,5.52932,0,0,4615,95906859869
38.3454,26.0787,13.8311,0,99,67,74,2459,1000,5.11514,271,5.52932,0,0,4615,96010948237
37.9632,26.3413,13.2678,0,99,67,74,2446,1000,5.11715,271,5.5289,0,0,4687,96115040362
40.4652,24.7126,13.2678,0,99,67,74,2446,1000,5.11715,271,5.5289,0,0,4687,96219124873
40.7466,24.5419,13.2678,0,99,67,74,2446,1000,5.11715,271,5.5289,0,0,4687,96323209364
40.2988,24.8146,13.2678,0,99,67,74,2446,1000,5.11715,271,5.5289,0,0,4687,96427300577
40.7575,24.5354,13.2678,0,99,67,74,2446,1000,5.11715,271,5.5289,0,0,4687,96531394525
42.2157,23.6879,14.0073,0,99,67,74,2441,1000,5.1152,271,5.52972,0,0,4690,96635476301
40.017,24.9894,14.0073,0,99,67,74,2441,1000,5.1152,271,5.52972,0,0,4690,96739557966
36.0998,27.701,14.0073,0,99,67,74,2441,1000,5.1152,271,5.52972,0,0,4690,96843644391
36.7581,27.2049,14.0073,0,99,67,74,2441,1000,5.1152,271,5.52972,0,0,4690,96947729974
41.6152,24.0297,14.0073,0,99,67,74,2441,1000,5.1152,271,5.52972,0,0,4690,97051808824
41.3779,24.1675,13.2282,0,99,67,74,2408,1000,5.1152,271,5.52956,0,0,4591,97155890329
41.3879,24.1617,13.2282,0,99,67,74,2408,1000,5.1152,271,5.52956,0,0,4591,97259972575
36.4481,27.4363,13.2282,0,99,67,74,2408,1000,5.1152,271,5.52956,0,0,4591,97364051766
38.2081,26.1725,13.2282,0,99,67,74,2408,1000,5.1152,271,5.52956,0,0,4591,97468134193
36.8698,27.1225,13.2282,0,99,67,74,2408,1000,5.1152,271,5.52956,0,0,4591,97572214947
40.4692,24.7101,14.2336,0,99,67,74,2445,1000,5.11715,270,5.53153,0,0,4615,97676322220
45.5294,21.9638,14.2336,0,99,67,74,2445,1000,5.11715,270,5.53153,0,0,4615,97780424494
40.3091,24.8083,14.2336,0,99,67,74,2445,1000,5.11715,270,5.53153,0,0,4615,97884507472
39.182,25.5219,14.2336,0,99,67,74,2445,1000,5.11715,270,5.53153,0,0,4615,97988600699
38.3323,26.0876,14.2336,0,99,67,74,2445,1000,5.11715,270,5.53153,0,0,4615,98092681122
36.7899,27.1814,13.8311,0,99,67,74,2457,1000,5.1191,271,5.52763,0,0,4615,98196761245
37.5263,26.648,13.8311,0,99,67,74,2457,1000,5.1191,271,5.52763,0,0,4615,98300846737
39.9419,25.0364,13.8311,0,99,67,74,2457,1000,5.1191,271,5.52763,0,0,4615,98404933593
40.0183,24.9886,13.8311,0,99,67,74,2457,1000,5.1191,271,5.52763,0,0,4615,98509018654
38.5062,25.9698,13.8311,0,99,67,74,2457,1000,5.1191,271,5.52763,0,0,4615,98613099458
43.5513,22.9614,13.2754,0,99,67,74,2454,1000,5.1191,271,5.52659,0,0,4615,98717185852
38.2554,26.1401,13.2754,0,99,67,74,2454,1000,5.1191,271,5.52659,0,0,4615,98821278639
38.5253,25.957,13.2754,0,99,67,74,2454,1000,5.1191,271,5.52659,0,0,4615,98925389389
38.0715,26.2664,13.2754,0,99,67,74,2454,1000,5.1191,271,5.52659,0,0,4615,99029527470
39.6287,25.2343,13.2754,0,99,67,74,2454,1000,5.1191,271,5.52659,0,0,4615,99133624855
39.628,25.2347,13.2515,0,99,67,74,2455,1000,5.11715,271,5.52846,0,0,4615,99237712411
40.5405,24.6667,13.2515,0,99,67,74,2455,1000,5.11715,271,5.52846,0,0,4615,99341797603
38.5039,25.9714,13.2515,0,99,67,74,2455,1000,5.11715,271,5.52846,0,0,4615,99445884799
37.0752,26.9722,13.2515,0,99,67,74,2455,1000,5.11715,271,5.52846,0,0,4615,99549966925
40.5167,24.6812,13.2515,0,99,67,74,2455,1000,5.11715,271,5.52846,0,0,4615,99654050725
40.8817,24.4608,13.1288,0,99,67,74,2406,1000,5.11715,272,5.52725,0,0,4615,99758131679
38.2285,26.1585,13.1288,0,99,67,74,2406,1000,5.11715,272,5.52725,0,0,4615,99862212122
36.8757,27.1181,13.1288,0,99,67,74,2406,1000,5.11715,272,5.52725,0,0,4615,99966293056
40.2778,24.8276,13.1288,0,99,67,74,2406,1000,5.11715,272,5.52725,0,0,4615,100070387145
41.3435,24.1876,13.4236,0,99,67,74,2413,1000,5.1152,271,5.52478,0,0,4615,100174484319
41.7343,23.9611,13.4236,0,99,67,74,2413,1000,5.1152,271,5.52478,0,0,4615,100278571946
37.2111,26.8737,13.4236,0,99,67,74,2413,1000,5.1152,271,5.52478,0,0,4615,100382669922
37.2926,26.815,13.4236,0,99,67,74,2413,1000,5.1152,271,5.52478,0,0,4615,100486765053
38.1745,26.1955,13.4236,0,99,67,74,2413,1000,5.1152,271,5.52478,0,0,4615,100590844845
39.9189,25.0508,13.5068,0,99,67,74,2411,1000,5.1152,271,5.52252,0,0,4593,100694924296
42.0008,23.809,13.5068,0,99,67,74,2411,1000,5.1152,271,5.52252,0,0,4593,100799008546
37.4169,26.7259,13.5068,0,99,67,74,2411,1000,5.1152,271,5.52252,0,0,4593,100903088548
44.2117,22.6184,13.5068,0,99,67,74,2411,1000,5.1152,271,5.52252,0,0,4593,101007169673
38.43,26.0213,13.5068,0,99,67,74,2411,1000,5.1152,271,5.52252,0,0,4593,101111250938
39.3575,25.4081,13.2754,0,99,67,74,2404,1000,5.1152,271,5.52174,0,0,4615,101215342822
37.6947,26.5289,13.2754,0,99,67,74,2404,1000,5.1152,271,5.52174,0,0,4615,101319461808
39.3952,25.3838,13.2754,0,99,67,74,2404,1000,5.1152,271,5.52174,0,0,4615,101423554023
38.5871,25.9154,13.2754,0,99,67,74,2404,1000,5.1152,271,5.52174,0,0,4615,101527643102
38.5222,25.959,13.2754,0,99,67,74,2404,1000,5.1152,271,5.52174,0,0,4615,101631738333
36.4014,27.4715,13.5572,0,99,67,74,2411,1000,5.11715,271,5.52419,0,0,4690,101735822703
44.9388,22.2525,13.5572,0,99,67,74,2411,1000,5.11715,271,5.52419,0,0,4690,101839902315
38.0672,26.2694,13.5572,0,99,67,74,2411,1000,5.11715,271,5.52419,0,0,4690,101943981526
40.2246,24.8604,13.5572,0,99,67,74,2411,1000,5.11715,271,5.52419,0,0,4690,102048062350
37.9298,26.3645,13.5572,0,99,67,74,2411,1000,5.11715,271,5.52419,0,0,4690,102152148604
32.4054,30.859,13.806,0,99,67,74,2448,1000,5.11715,271,5.52521,0,0,4665,102256266106
44.2271,22.6106,13.806,0,99,67,74,2448,1000,5.11715,271,5.52521,0,0,4665,102360383339
49.2854,20.29,13.806,0,99,67,74,2448,1000,5.11715,271,5.52521,0,0,4665,102464469092
48.6434,20.5578,13.806,0,99,67,74,2448,1000,5.11715,271,5.52521,0,0,4665,102568550477
45.6711,21.8957,13.806,0,99,67,74,2448,1000,5.11715,271,5.52521,0,0,4665,102672629978
47.1021,21.2305,13.4085,0,99,67,74,2448,1000,5.11715,271,5.52466,0,0,4615,102776711433
50.3307,19.8686,13.4085,0,99,67,74,2448,1000,5.11715,271,5.52466,0,0,4615,102880800452
42.5241,23.5161,13.4085,0,99,67,74,2448,1000,5.11715,271,5.52466,0,0,4615,102984891816
48.159,20.7646,13.4085,0,99,67,74,2448,1000,5.11715,271,5.52466,0,0,4615,103088994430
45.5937,21.9329,13.4085,0,99,67,74,2448,1000,5.11715,271,5.52466,0,0,4615,103193091855
46.6852,21.42,14.951,0,99,67,74,2452,1000,5.16134,270,5.52872,0,0,4629,103297208496
46.9191,21.3133,14.951,0,99,67,74,2452,1000,5.16134,270,5.52872,0,0,4629,103401287787
43.2886,23.1008,14.951,0,99,67,74,2452,1000,5.16134,270,5.52872,0,0,4629,103505377778
47.6615,20.9813,14.951,0,99,67,74,2452,1000,5.16134,270,5.52872,0,0,4629,103609468902
47.8423,20.902,14.951,0,99,67,74,2452,1000,5.16134,270,5.52872,0,0,4629,103713549876
42.2686,23.6582,14.3382,0,99,67,74,2446,1000,5.12301,271,5.52586,0,0,4687,103817631030
46.5071,21.5021,14.3382,0,99,67,74,2446,1000,5.12301,271,5.52586,0,0,4687,103921719398
48.3099,20.6997,14.3382,0,99,67,74,2446,1000,5.12301,271,5.52586,0,0,4687,104025833655
50.8418,19.6688,14.3382,0,99,67,74,2446,1000,5.12301,271,5.52586,0,0,4687,104129920019
49.7898,20.0844,15.0735,0,99,67,74,2434,1000,5.12911,271,5.54519,0,0,4647,104234002997
44.5164,22.4637,15.0735,0,99,67,74,2434,1000,5.12911,271,5.54519,0,0,4647,104338084151
46.0512,21.715,15.0735,0,99,67,74,2434,1000,5.12911,271,5.54519,0,0,4647,104442167811
46.498,21.5063,15.0735,0,99,67,74,2434,1000,5.12911,271,5.54519,0,0,4647,104546253884
42.9484,23.2838,15.0735,0,99,67,74,2434,1000,5.12911,271,5.54519,0,0,4647,104650339207
43.3918,23.0458,15.1442,0,99,67,74,2413,1000,5.1271,271,5.54197,0,0,4596,104754443745
41.6028,24.0368,15.1442,0,99,67,74,2413,1000,5.1271,271,5.54197,0,0,4596,104858527925
45.0041,22.2202,15.1442,0,99,67,74,2413,1000,5.1271,271,5.54197,0,0,4596,104962609941
48.9533,20.4276,15.1442,0,99,67,74,2413,1000,5.1271,271,5.54197,0,0,4596,105066722234
55.978,17.8642,15.1442,0,99,67,74,2413,1000,5.1271,271,5.54197,0,0,4596,105170818968
46.9951,21.2788,15.9036,0,99,67,74,2406,1000,5.1271,271,5.54036,0,0,4615,105274952651
41.583,24.0483,15.9036,0,99,67,74,2406,1000,5.1271,271,5.54036,0,0,4615,105379078850
43.9128,22.7724,15.9036,0,99,67,74,2406,1000,5.1271,271,5.54036,0,0,4615,105483156097
49.4453,20.2244,15.9036,0,99,67,74,2406,1000,5.1271,271,5.54036,0,0,4615,105587236390
44.1361,22.6572,15.9036,0,99,67,74,2406,1000,5.1271,271,5.54036,0,0,4615,105691315340
47.9917,20.8369,14.4578,0,99,67,74,2445,1000,5.1271,271,5.54023,0,0,4690,105795374223
47.0515,21.2533,14.4578,0,99,67,74,2445,1000,5.1271,271,5.54023,0,0,4690,105899514698
48.8974,20.451,14.4578,0,99,67,74,2445,1000,5.1271,271,5.54023,0,0,4690,106003611232
50.0889,19.9645,14.4578,0,99,67,74,2445,1000,5.1271,271,5.54023,0,0,4690,106107692606
49.6432,20.1437,14.4578,0,99,67,74,2445,1000,5.1271,271,5.54023,0,0,4690,106211780794
41.7403,23.9577,14.8014,0,99,67,74,2441,1000,5.1271,271,5.54093,0,0,4596,106315865004
44.1189,22.666,14.8014,0,99,67,74,2441,1000,5.1271,271,5.54093,0,0,4596,106419962289
46.1719,21.6582,14.8014,0,99,67,74,2441,1000,5.1271,271,5.54093,0,0,4596,106524054935
44.3579,22.5439,14.8014,0,99,67,74,2441,1000,5.1271,271,5.54093,0,0,4596,106628132703
48.4085,20.6575,14.8014,0,99,67,74,2441,1000,5.1271,271,5.54093,0,0,4596,106732223175
48.7368,20.5184,14.9758,0,99,68,74,2425,1000,5.1271,271,5.53883,0,0,4660,106836321041
49.6807,20.1285,14.9758,0,99,68,74,2425,1000,5.1271,271,5.53883,0,0,4660,106940419107
43.7506,22.8568,14.9758,0,99,68,74,2425,1000,5.1271,271,5.53883,0,0,4660,107044505281
45.6407,21.9103,14.9758,0,99,68,74,2425,1000,5.1271,271,5.53883,0,0,4660,107148630328
43.2664,23.1126,14.9758,0,99,68,74,2425,1000,5.1271,271,5.53883,0,0,4660,107252713646
46.3935,21.5547,15.212,0,99,68,74,2441,1000,5.1271,271,5.53611,0,0,4639,107356802666
46.1088,21.6878,15.212,0,99,68,74,2441,1000,5.1271,271,5.53611,0,0,4639,107460918996
49.9622,20.0151,15.212,0,99,68,74,2441,1000,5.1271,271,5.53611,0,0,4639,107565016671
46.0665,21.7077,15.212,0,99,68,74,2441,1000,5.1271,271,5.53611,0,0,4639,107669098898
43.685,22.8911,15.212,0,99,68,74,2441,1000,5.1271,271,5.53611,0,0,4639,107773189089
43.9895,22.7327,14.4753,0,99,68,75,2416,1000,5.1271,271,5.5323,0,0,4616,107877282487
44.2092,22.6197,14.4753,0,99,68,75,2416,1000,5.1271,271,5.5323,0,0,4616,107981335338
47.7157,20.9575,14.4753,0,99,68,75,2416,1000,5.1271,271,5.5323,0,0,4616,108085417224
46.9748,21.288,14.4753,0,99,68,75,2416,1000,5.1271,271,5.5323,0,0,4616,108189504891
46.6255,21.4475,14.4753,0,99,68,75,2416,1000,5.1271,271,5.5323,0,0,4616,108293593379
45.7712,21.8478,14.0722,0,99,68,74,2447,1000,5.12099,271,5.5323,0,0,4617,108397703758
44.2427,22.6026,14.0722,0,99,68,74,2447,1000,5.12099,271,5.5323,0,0,4617,108501813506
39.6379,25.2284,14.0722,0,99,68,74,2447,1000,5.12099,271,5.5323,0,0,4617,108605898899
46.9828,21.2844,14.0722,0,99,68,74,2447,1000,5.12099,271,5.5323,0,0,4617,108709985233
42.0097,23.804,14.0722,0,99,68,74,2447,1000,5.12099,271,5.5323,0,0,4617,108814099630
49.9218,20.0313,14.0898,0,99,67,74,2427,1000,5.11904,271,5.52915,0,0,4690,108918181495
46.7948,21.3699,14.0898,0,99,67,74,2427,1000,5.11904,271,5.52915,0,0,4690,109022260426
44.3131,22.5667,14.0898,0,99,67,74,2427,1000,5.11904,271,5.52915,0,0,4690,109126331461
47.3142,21.1353,14.0898,0,99,67,74,2427,1000,5.11904,271,5.52915,0,0,4690,109230428025
49.7459,20.1021,14.0898,0,99,67,74,2427,1000,5.11904,271,5.52915,0,0,4690,109334509550
41.801,23.9229,14.0625,0,99,67,74,2413,1000,5.11904,271,5.52943,0,0,4640,109438596265
49.7594,20.0967,14.0625,0,99,67,74,2413,1000,5.11904,271,5.52943,0,0,4640,109542683020
42.9931,23.2595,14.0625,0,99,67,74,2413,1000,5.11904,271,5.52943,0,0,4640,109646774093
48.5524,20.5963,14.0625,0,99,67,74,2413,1000,5.11904,271,5.52943,0,0,4640,109750872019
44.18,22.6347,14.0625,0,99,67,74,2413,1000,5.11904,271,5.52943,0,0,4640,109854952231
45.48,21.9877,13.5678,0,99,67,74,2434,1000,5.12099,271,5.52872,0,0,4616,109959037684
45.5486,21.9546,13.5678,0,99,67,74,2434,1000,5.12099,271,5.52872,0,0,4616,110063128787
46.0574,21.712,13.5678,0,99,67,74,2434,1000,5.12099,271,5.52872,0,0,4616,110167242523
45.5922,21.9336,13.5678,0,99,67,74,2434,1000,5.12099,271,5.52872,0,0,4616,110271321974
50.34,19.8649,13.5678,0,99,67,74,2434,1000,5.12099,271,5.52872,0,0,4616,110375405723
47.8363,20.9046,14.9123,0,99,67,75,2406,1000,5.11904,271,5.52064,0,0,4615,110479495404
41.0414,24.3657,14.9123,0,99,67,75,2406,1000,5.11904,271,5.52064,0,0,4615,110583580105
43.9993,22.7277,14.9123,0,99,67,75,2406,1000,5.11904,271,5.52064,0,0,4615,110687670416
45.9671,21.7547,14.9123,0,99,67,75,2406,1000,5.11904,271,5.52064,0,0,4615,110791749537
42.2953,23.6433,13.4328,0,99,67,74,2454,1000,5.12099,271,5.52071,0,0,4692,110895841221
42.3846,23.5935,13.4328,0,99,67,74,2454,1000,5.12099,271,5.52071,0,0,4692,110999946802
46.8294,21.3541,13.4328,0,99,67,74,2454,1000,5.12099,271,5.52071,0,0,4692,111104041521
48.5897,20.5805,13.4328,0,99,67,74,2454,1000,5.12099,271,5.52071,0,0,4692,111208120392
43.1524,23.1737,13.4328,0,99,67,74,2454,1000,5.12099,271,5.52071,0,0,4692,111312203941
42.2902,23.6461,13.7717,0,99,67,74,2434,1000,5.11904,271,5.5237,0,0,4690,111416303560
43.4142,23.0339,13.7717,0,99,67,74,2434,1000,5.11904,271,5.5237,0,0,4690,111520382490
45.7339,21.8656,13.7717,0,99,67,74,2434,1000,5.11904,271,5.5237,0,0,4690,111624467832
46.6732,21.4256,13.7717,0,99,67,74,2434,1000,5.11904,271,5.5237,0,0,4690,111728555759
42.8404,23.3425,13.7717,0,99,67,74,2434,1000,5.11904,271,5.5237,0,0,4690,111832645670
34.6905,28.8264,14.0606,0,99,67,74,2446,1000,5.12099,271,5.52442,0,0,4615,111936744889
47.0333,21.2615,14.0606,0,99,67,74,2446,1000,5.12099,271,5.52442,0,0,4615,112040827766
46.3196,21.5891,14.0606,0,99,67,74,2446,1000,5.12099,271,5.52442,0,0,4615,112144911436
41.6477,24.0109,14.0606,0,99,67,74,2446,1000,5.12099,271,5.52442,0,0,4615,112248997259
46.1304,21.6777,14.0606,0,99,67,74,2446,1000,5.12099,271,5.52442,0,0,4615,112353080477
41.94,23.8436,14.3735,0,99,67,75,2453,1000,5.12099,271,5.52701,0,0,4690,112457163014
47.0967,21.2329,14.3735,0,99,67,75,2453,1000,5.12099,271,5.52701,0,0,4690,112561250981
47.4077,21.0936,14.3735,0,99,67,75,2453,1000,5.12099,271,5.52701,0,0,4690,112665366150
46.2523,21.6206,14.3735,0,99,67,75,2453,1000,5.12099,271,5.52701,0,0,4690,112769444028
46.5416,21.4862,14.3735,0,99,67,75,2453,1000,5.12099,271,5.52701,0,0,4690,112873525423
38.0736,26.2649,13.6752,0,99,67,74,2435,1000,5.12099,271,5.5285,0,0,4590,112977610024
44.3168,22.5648,13.6752,0,99,67,74,2435,1000,5.12099,271,5.5285,0,0,4590,113081704223
45.2168,22.1157,13.6752,0,99,67,74,2435,1000,5.12099,271,5.5285,0,0,4590,113185812338
42.265,23.6602,13.6752,0,99,67,74,2435,1000,5.12099,271,5.5285,0,0,4590,113289894464
45.1486,22.1491,13.6752,0,99,67,74,2435,1000,5.12099,271,5.5285,0,0,4590,113393979927
43.7142,22.8758,20.0963,0,99,67,74,2422,1000,5.11904,271,5.52892,0,0,4591,113498069757
42.391,23.5899,20.0963,0,99,67,74,2422,1000,5.11904,271,5.52892,0,0,4591,113602153136
45.8727,21.7995,20.0963,0,99,67,74,2422,1000,5.11904,271,5.52892,0,0,4591,113706239961
44.0005,22.727,20.0963,0,99,67,74,2422,1000,5.11904,271,5.52892,0,0,4591,113810284447
42.0612,23.7749,20.0963,0,99,67,74,2422,1000,5.11904,271,5.52892,0,0,4591,113914370751
41.0885,24.3377,13.5366,0,99,67,74,2446,1000,5.11904,271,5.53031,0,0,4683,114018454300
49.0004,20.408,13.5366,0,99,67,74,2446,1000,5.11904,271,5.53031,0,0,4683,114122536637
45.8644,21.8034,13.5366,0,99,67,74,2446,1000,5.11904,271,5.53031,0,0,4683,114226618302
47.1846,21.1934,13.5366,0,99,67,74,2446,1000,5.11904,271,5.53031,0,0,4683,114330698715
40.8099,24.5039,13.5366,0,99,67,74,2446,1000,5.11904,271,5.53031,0,0,4683,114434791952
47.9379,20.8603,13.6087,0,99,67,74,2429,1000,5.12099,271,5.5297,0,0,4713,114538913733
42.5597,23.4964,13.6087,0,99,67,74,2429,1000,5.12099,271,5.5297,0,0,4713,114642995779
49.551,20.1812,13.6087,0,99,67,74,2429,1000,5.12099,271,5.5297,0,0,4713,114747075000
50.2457,19.9022,13.6087,0,99,67,74,2429,1000,5.12099,271,5.5297,0,0,4713,114851161705
46.2507,21.6213,13.6087,0,99,67,74,2429,1000,5.12099,271,5.5297,0,0,4713,114955254862
44.6469,22.398,13.7672,0,99,67,74,2428,1000,5.12099,271,5.53051,0,0,4725,115059368848
45.8998,21.7866,13.7672,0,99,67,74,2428,1000,5.12099,271,5.53051,0,0,4725,115163461634
46.0517,21.7147,13.7672,0,99,67,74,2428,1000,5.12099,271,5.53051,0,0,4725,115267585048
43.4055,23.0385,13.7672,0,99,67,74,2428,1000,5.12099,271,5.53051,0,0,4725,115371672143
49.4182,20.2355,13.7672,0,99,67,74,2428,1000,5.12099,271,5.53051,0,0,4725,115475758828
42.3198,23.6296,14.0456,0,99,67,75,2426,1000,5.11904,271,5.52574,0,0,4615,115579847046
46.6496,21.4364,14.0456,0,99,67,75,2426,1000,5.11904,271,5.52574,0,0,4615,115683925786
42.8366,23.3445,14.0456,0,99,67,75,2426,1000,5.11904,271,5.52574,0,0,4615,115788014434
41.9027,23.8648,14.0456,0,99,67,75,2426,1000,5.11904,271,5.52574,0,0,4615,115892091932
43.9231,22.7671,14.0456,0,99,67,75,2426,1000,5.11904,271,5.52574,0,0,4615,115996176423
50.7342,19.7106,13.6591,0,99,67,75,2426,1000,5.11904,271,5.52793,0,0,4615,116100260613
45.9946,21.7417,13.6591,0,99,67,75,2426,1000,5.11904,271,5.52793,0,0,4615,116204354682
48.2345,20.732,13.6591,0,99,67,75,2426,1000,5.11904,271,5.52793,0,0,4615,116308445805
41.4801,24.1079,13.6591,0,99,67,75,2426,1000,5.11904,271,5.52793,0,0,4615,116412548680
45.0723,22.1866,13.6591,0,99,67,75,2426,1000,5.11904,271,5.52793,0,0,4615,116516628071
44.9775,22.2333,14.7202,0,99,67,75,2419,1000,5.11904,271,5.53082,0,0,4657,116620722150
44.8587,22.2922,14.7202,0,99,67,75,2419,1000,5.11904,271,5.53082,0,0,4657,116724858989
52.0954,19.1955,14.7202,0,99,67,75,2419,1000,5.11904,271,5.53082,0,0,4657,116828942458
40.2013,24.8748,14.7202,0,99,67,75,2419,1000,5.11904,271,5.53082,0,0,4657,116933028832
44.6386,22.4021,14.3727,0,99,67,75,2422,1000,5.11904,271,5.53008,0,0,4690,117037144882
47.7596,20.9382,14.3727,0,99,67,75,2422,1000,5.11904,271,5.53008,0,0,4690,117141219794
40.7791,24.5224,14.3727,0,99,67,75,2422,1000,5.11904,271,5.53008,0,0,4690,117245307912
39.7751,25.1413,14.3727,0,99,67,75,2422,1000,5.11904,271,5.53008,0,0,4690,117349390700
43.811,22.8253,14.3727,0,99,67,75,2422,1000,5.11904,271,5.53008,0,0,4690,117453487143
39.6071,25.248,13.5593,0,99,67,74,2448,1000,5.12099,271,5.52959,0,0,4690,117557569269
41.9585,23.8331,13.5593,0,99,67,74,2448,1000,5.12099,271,5.52959,0,0,4690,117661652447
47.5026,21.0515,13.5593,0,99,67,74,2448,1000,5.12099,271,5.52959,0,0,4690,117765756915
43.6423,22.9136,13.5593,0,99,67,74,2448,1000,5.12099,271,5.52959,0,0,4690,117869841837
44.3931,22.526,13.5593,0,99,67,74,2448,1000,5.12099,271,5.52959,0,0,4690,117973925155
57.3218,17.4454,13.7637,0,99,67,75,2406,1000,5.11904,271,5.52798,0,0,4591,118078001291
38.1894,26.1853,13.7637,0,99,67,75,2406,1000,5.11904,271,5.52798,0,0,4591,118182082094
40.2595,24.8389,13.7637,0,99,67,75,2406,1000,5.11904,271,5.52798,0,0,4591,118286172186
44.5068,22.4685,13.7637,0,99,67,75,2406,1000,5.11904,271,5.52798,0,0,4591,118390255544
42.4049,23.5822,13.7637,0,99,67,75,2406,1000,5.11904,271,5.52798,0,0,4591,118494362517
42.683,23.4285,12.9838,0,99,67,75,2444,1000,5.12099,271,5.52838,0,0,4613,118598465983
44.1511,22.6495,12.9838,0,99,67,75,2444,1000,5.12099,271,5.52838,0,0,4613,118702553891
50.9758,19.6172,12.9838,0,99,67,75,2444,1000,5.12099,271,5.52838,0,0,4613,118806638491
47.1182,21.2232,12.9838,0,99,67,75,2444,1000,5.12099,271,5.52838,0,0,4613,118910737079
37.9313,26.3635,12.9838,0,99,67,75,2444,1000,5.12099,271,5.52838,0,0,4613,119014817912
44.152,22.649,12.6536,0,99,67,75,2427,1000,5.08877,271,5.53309,0,0,4678,119118912803
42.9346,23.2912,12.6536,0,99,67,75,2427,1000,5.08877,271,5.53309,0,0,4678,119222995009
45.1879,22.1298,12.6536,0,99,67,75,2427,1000,5.08877,271,5.53309,0,0,4678,119327086042
43.3521,23.0669,12.6536,0,99,67,75,2427,1000,5.08877,271,5.53309,0,0,4678,119431177125
42.7515,23.391,12.6536,0,99,67,75,2427,1000,5.08877,271,5.53309,0,0,4678,119535289168
45.6899,21.8867,12.6394,0,99,67,74,2425,1000,5.08877,271,5.52971,0,0,4651,119639380902
41.6385,24.0162,12.6394,0,99,67,74,2425,1000,5.08877,271,5.52971,0,0,4651,119743502562
42.9695,23.2723,12.6394,0,99,67,74,2425,1000,5.08877,271,5.52971,0,0,4651,119847592253
43.3999,23.0415,12.6394,0,99,67,74,2425,1000,5.08877,271,5.52971,0,0,4651,119951693435
40.2506,24.8443,12.6394,0,99,67,74,2425,1000,5.08877,271,5.52971,0,0,4651,120055774529
46.2274,21.6322,12.8395,0,99,67,75,2428,1000,5.08877,271,5.53164,0,0,4637,120159869840
43.6584,22.9051,12.8395,0,99,67,75,2428,1000,5.08877,271,5.53164,0,0,4637,120263952628
41.7662,23.9428,12.8395,0,99,67,75,2428,1000,5.08877,271,5.53164,0,0,4637,120368044773
45.4208,22.0164,12.8395,0,99,67,75,2428,1000,5.08877,271,5.53164,0,0,4637,120472131919
43.1438,23.1783,12.8395,0,99,67,75,2428,1000,5.08877,271,5.53164,0,0,4637,120576218102
39.7008,25.1884,13.4146,0,99,67,75,2421,1000,5.08877,271,5.53239,0,0,4590,120680297163
39.6663,25.2103,13.4146,0,99,67,75,2421,1000,5.08877,271,5.53239,0,0,4590,120784378658
42.2521,23.6675,13.4146,0,99,67,75,2421,1000,5.08877,271,5.53239,0,0,4590,120888459722
42.4381,23.5637,13.4146,0,99,67,75,2421,1000,5.08877,271,5.53239,0,0,4590,120992542279
40.6316,24.6114,13.4146,0,99,67,75,2421,1000,5.08877,271,5.53239,0,0,4590,121096653490
42.37,23.6016,12.0098,0,99,67,75,2386,1000,5.08681,271,5.5318,0,0,4591,121200740386
40.0649,24.9595,12.0098,0,99,67,75,2386,1000,5.08681,271,5.5318,0,0,4591,121304847859
45.179,22.1342,12.0098,0,99,67,75,2386,1000,5.08681,271,5.5318,0,0,4591,121408927711
44.3236,22.5614,12.0098,0,99,67,75,2386,1000,5.08681,271,5.5318,0,0,4591,121513029224
42.4151,23.5765,12.0098,0,99,67,75,2386,1000,5.08681,271,5.5318,0,0,4591,121617110298
40.532,24.6719,12.1065,0,99,67,75,2383,1000,5.08681,271,5.53061,0,0,4616,121721190251
41.5765,24.052,12.1065,0,99,67,75,2383,1000,5.08681,271,5.53061,0,0,4616,121825279861
43.7795,22.8417,12.1065,0,99,67,75,2383,1000,5.08681,271,5.53061,0,0,4616,121929367668
42.1207,23.7413,12.1065,0,99,67,75,2383,1000,5.08681,271,5.53061,0,0,4616,122033499447
42.0437,23.7848,12.1065,0,99,67,75,2383,1000,5.08681,271,5.53061,0,0,4616,122137581814
45.4523,22.0011,12.0192,0,99,67,75,2430,1000,5.08877,271,5.52956,0,0,4646,122241669601
43.2363,23.1287,12.0192,0,99,67,75,2430,1000,5.08877,271,5.52956,0,0,4646,122345767938
38.4326,26.0196,12.0192,0,99,67,75,2430,1000,5.08877,271,5.52956,0,0,4646,122449849042
37.7932,26.4598,12.0192,0,99,67,75,2430,1000,5.08877,271,5.52956,0,0,4646,122553931619
41.851,23.8943,12.1706,0,99,67,75,2413,1000,5.08681,271,5.52758,0,0,4740,122658011812
38.7683,25.7943,12.1706,0,99,67,75,2413,1000,5.08681,271,5.52758,0,0,4740,122762085552
41.925,23.8521,12.1706,0,99,67,75,2413,1000,5.08681,271,5.52758,0,0,4740,122866168981
41.938,23.8447,12.1706,0,99,67,75,2413,1000,5.08681,271,5.52758,0,0,4740,122970266947
41.5428,24.0716,12.1706,0,99,67,75,2413,1000,5.08681,271,5.52758,0,0,4740,123074350897
47.3157,21.1346,12.1554,0,99,67,75,2392,1000,5.08681,271,5.52671,0,0,4697,123178442260
39.1814,25.5223,12.1554,0,99,67,75,2392,1000,5.08681,271,5.52671,0,0,4697,123282523545
40.9652,24.4109,12.1554,0,99,67,75,2392,1000,5.08681,271,5.52671,0,0,4697,123386600742
40.9377,24.4274,12.1554,0,99,67,75,2392,1000,5.08681,271,5.52671,0,0,4697,123490676677
41.2853,24.2217,12.1554,0,99,67,75,2392,1000,5.08681,271,5.52671,0,0,4697,123594762871
43.5249,22.9754,11.985,0,99,67,75,2411,1000,5.08681,271,5.52402,0,0,4665,123698865676
43.4064,23.0381,11.985,0,99,67,75,2411,1000,5.08681,271,5.52402,0,0,4665,123802970795
45.1397,22.1534,11.985,0,99,67,75,2411,1000,5.08681,271,5.52402,0,0,4665,123907049746
40.7655,24.5306,11.985,0,99,67,75,2411,1000,5.08681,271,5.52402,0,0,4665,124011133114
41.9815,23.82,11.985,0,99,67,75,2411,1000,5.08681,271,5.52402,0,0,4665,124115235498
39.7948,25.1289,11.5942,0,99,67,75,2433,1000,5.08877,271,5.52254,0,0,4717,124219313818
38.996,25.6437,11.5942,0,99,67,75,2433,1000,5.08877,271,5.52254,0,0,4717,124323393830
39.0676,25.5967,11.5942,0,99,67,75,2433,1000,5.08877,271,5.52254,0,0,4717,124427475796
39.7238,25.1738,11.5942,0,99,67,75,2433,1000,5.08877,271,5.52254,0,0,4717,124531579292
43.6334,22.9182,11.5942,0,99,67,75,2433,1000,5.08877,271,5.52254,0,0,4717,124635699871
43.5268,22.9744,11.5385,0,99,67,75,2410,1000,5.08681,271,5.52358,0,0,4629,124739792897
47.2013,21.1859,11.5385,0,99,67,75,2410,1000,5.08681,271,5.52358,0,0,4629,124843875314
42.4588,23.5523,11.5385,0,99,67,75,2410,1000,5.08681,271,5.52358,0,0,4629,124947962971
39.1665,25.532,11.5385,0,99,67,75,2410,1000,5.08681,271,5.52358,0,0,4629,125052042232
39.0186,25.6288,11.5385,0,99,67,75,2410,1000,5.08681,271,5.52358,0,0,4629,125156120411
44.5794,22.4319,11.8899,0,99,67,75,2392,1000,5.08486,271,5.52254,0,0,4693,125260173202
39.8126,25.1177,11.8899,0,99,67,75,2392,1000,5.08486,271,5.52254,0,0,4693,125364262893
41.054,24.3582,11.8899,0,99,67,75,2392,1000,5.08486,271,5.52254,0,0,4693,125468351501
38.881,25.7195,11.8899,0,99,67,75,2392,1000,5.08486,271,5.52254,0,0,4693,125572438015
43.6392,22.9152,11.8899,0,99,67,75,2392,1000,5.08486,271,5.52254,0,0,4693,125676526474
46.1973,21.6463,11.7207,0,99,67,75,2425,1000,5.08681,271,5.52535,0,0,4702,125780608730
41.8604,23.8889,11.7207,0,99,67,75,2425,1000,5.08681,271,5.52535,0,0,4702,125884692029
41.4795,24.1083,11.7207,0,99,67,75,2425,1000,5.08681,271,5.52535,0,0,4702,125988770558
35.8406,27.9013,11.7207,0,99,67,75,2425,1000,5.08681,271,5.52535,0,0,4702,126092852685
39.1237,25.56,11.7207,0,99,67,75,2425,1000,5.08681,271,5.52535,0,0,4702,126196957443
40.0183,24.9886,12.2699,0,99,67,75,2459,1000,5.12514,271,5.52313,0,0,4664,126301052173
44.2462,22.6008,12.2699,0,99,67,75,2459,1000,5.12514,271,5.52313,0,0,4664,126405138838
39.1962,25.5127,12.2699,0,99,67,75,2459,1000,5.12514,271,5.52313,0,0,4664,126509228779
38.3964,26.0441,12.2699,0,99,67,75,2459,1000,5.12514,271,5.52313,0,0,4664,126613317287
40.3944,24.7559,12.2699,0,99,67,75,2459,1000,5.12514,271,5.52313,0,0,4664,126717415574
39.7565,25.1531,20.739,0,98,67,74,2462,1000,5.1271,271,5.52486,0,0,4663,126821512177
34.9632,28.6015,20.739,0,98,67,74,2462,1000,5.1271,271,5.52486,0,0,4663,126925595526
36.9557,27.0594,20.739,0,98,67,74,2462,1000,5.1271,271,5.52486,0,0,4663,127029675899
36.2334,27.5988,20.739,0,98,67,74,2462,1000,5.1271,271,5.52486,0,0,4663,127133763696
37.7258,26.5071,20.739,0,98,67,74,2462,1000,5.1271,271,5.52486,0,0,4663,127237848657
36.0671,27.7261,14.3032,0,99,68,75,2475,1000,5.1271,271,5.52244,0,0,4628,127341932186
43.4581,23.0107,14.3032,0,99,68,75,2475,1000,5.1271,271,5.52244,0,0,4628,127446013381
42.5708,23.4903,14.3032,0,99,68,75,2475,1000,5.1271,271,5.52244,0,0,4628,127550092662
43.1213,23.1904,14.3032,0,99,68,75,2475,1000,5.1271,271,5.52244,0,0,4628,127654161453
39.055,25.6049,14.3032,0,99,68,75,2475,1000,5.1271,271,5.52244,0,0,4628,127758263497
41.47,24.1138,14.8379,0,99,68,75,2451,1000,5.12514,271,5.52748,0,0,4590,127862349450
42.455,23.5544,14.8379,0,99,68,75,2451,1000,5.12514,271,5.52748,0,0,4590,127966482151
33.8128,29.5746,14.8379,0,99,68,75,2451,1000,5.12514,271,5.52748,0,0,4590,128070590407
51.3902,19.459,14.8379,0,99,68,75,2451,1000,5.12514,271,5.52748,0,0,4590,128174682131
39.8316,25.1057,22.8005,0,99,68,75,2451,1000,5.12514,271,5.55971,0,0,4665,128278766922
43.1148,23.1939,22.8005,0,99,68,75,2451,1000,5.12514,271,5.55971,0,0,4665,128382850682
43.4407,23.0199,22.8005,0,99,68,75,2451,1000,5.12514,271,5.55971,0,0,4665,128486950461
41.8474,23.8963,22.8005,0,99,68,75,2451,1000,5.12514,271,5.55971,0,0,4665,128591036454
40.233,24.8552,22.8005,0,99,68,75,2451,1000,5.12514,271,5.55971,0,0,4665,128695133058
40.6015,24.6296,14.6732,0,99,68,75,2453,1000,5.16632,271,5.5551,0,0,4665,128799254207
41.803,23.9217,14.6732,0,99,68,75,2453,1000,5.16632,271,5.5551,0,0,4665,128903341323
44.891,22.2762,14.6732,0,99,68,75,2453,1000,5.16632,271,5.5551,0,0,4665,129007432296
41.8791,23.8782,14.6732,0,99,68,75,2453,1000,5.16632,271,5.5551,0,0,4665,129111548867
39.6307,25.2329,14.6732,0,99,68,75,2453,1000,5.16632,271,5.5551,0,0,4665,129215639579
38.8605,25.733,15.4321,0,99,68,75,2434,1000,5.16437,271,5.55168,0,0,4665,129319723799
42.2135,23.6891,15.4321,0,99,68,75,2434,1000,5.16437,271,5.55168,0,0,4665,129423824691
42.6769,23.4319,15.4321,0,99,68,75,2434,1000,5.16437,271,5.55168,0,0,4665,129527906537
41.6654,24.0007,15.4321,0,99,68,75,2434,1000,5.16437,271,5.55168,0,0,4665,129631994704
39.8241,25.1104,15.4321,0,99,68,75,2434,1000,5.16437,271,5.55168,0,0,4665,129736121164
40.9021,24.4486,14.0373,0,99,68,74,2433,1000,5.16437,271,5.55261,0,0,4665,129840207077
43.7931,22.8347,14.0373,0,99,68,74,2433,1000,5.16437,271,5.55261,0,0,4665,129944298932
44.9592,22.2424,14.0373,0,99,68,74,2433,1000,5.16437,271,5.55261,0,0,4665,130048403400
43.9139,22.7718,14.0373,0,99,68,74,2433,1000,5.16437,271,5.55261,0,0,4665,130152487670
41.3346,24.1928,14.0373,0,99,68,74,2433,1000,5.16437,271,5.55261,0,0,4665,130256567953
42.758,23.3875,15.5473,0,99,68,75,2418,1000,5.16437,271,5.55498,0,0,4616,130360651692
37.3342,26.7851,15.5473,0,99,68,75,2418,1000,5.16437,271,5.55498,0,0,4616,130464755329
44.5976,22.4227,15.5473,0,99,68,75,2418,1000,5.16437,271,5.55498,0,0,4616,130568845490
41.3196,24.2016,15.5473,0,99,68,75,2418,1000,5.16437,271,5.55498,0,0,4616,130672931854
43.7265,22.8694,15.5473,0,99,68,75,2418,1000,5.16437,271,5.55498,0,0,4616,130777021014
37.4305,26.7162,13.8404,0,99,68,75,2413,1000,5.14574,271,5.55392,0,0,4590,130881113009
38.8233,25.7577,13.8404,0,99,68,75,2413,1000,5.14574,271,5.55392,0,0,4590,130985200665
43.5224,22.9767,13.8404,0,99,68,75,2413,1000,5.14574,271,5.55392,0,0,4590,131089301336
42.4956,23.5319,13.8404,0,99,68,75,2413,1000,5.14574,271,5.55392,0,0,4590,131193382782
43.3987,23.0422,13.8404,0,99,68,75,2413,1000,5.14574,271,5.55392,0,0,4590,131297483312
40.0812,24.9493,13.4734,0,99,68,75,2423,1000,5.14574,271,5.55297,0,0,4615,131401606876
43.824,22.8185,13.4734,0,99,68,75,2423,1000,5.14574,271,5.55297,0,0,4615,131505692750
40.7569,24.5357,13.4734,0,99,68,75,2423,1000,5.14574,271,5.55297,0,0,4615,131609781779
41.9246,23.8524,13.4734,0,99,68,75,2423,1000,5.14574,271,5.55297,0,0,4615,131713891727
45.0778,22.1839,13.4831,0,99,68,75,2426,1000,5.14574,271,5.55344,0,0,4620,131817975296
39.5198,25.3038,13.4831,0,99,68,75,2426,1000,5.14574,271,5.55344,0,0,4620,131922058164
41.2543,24.2399,13.4831,0,99,68,75,2426,1000,5.14574,271,5.55344,0,0,4620,132026163083
40.6711,24.5875,13.4831,0,99,68,75,2426,1000,5.14574,271,5.55344,0,0,4620,132130244989
41.938,23.8447,13.4831,0,99,68,75,2426,1000,5.14574,271,5.55344,0,0,4620,132234327696
42.7987,23.3652,13.7888,0,99,68,75,2423,1000,5.14574,271,5.55407,0,0,4631,132338413650
42.4832,23.5387,13.7888,0,99,68,75,2423,1000,5.14574,271,5.55407,0,0,4631,132442500204
37.754,26.4872,13.7888,0,99,68,75,2423,1000,5.14574,271,5.55407,0,0,4631,132546585897
40.236,24.8534,13.7888,0,99,68,75,2423,1000,5.14574,271,5.55407,0,0,4631,132650667242
42.8732,23.3246,13.7888,0,99,68,75,2423,1000,5.14574,271,5.55407,0,0,4631,132754749228
43.5436,22.9655,13.7157,0,99,68,75,2447,1000,5.14574,271,5.55206,0,0,4634,132858829481
41.1245,24.3164,13.7157,0,99,68,75,2447,1000,5.14574,271,5.55206,0,0,4634,132962918540
37.8669,26.4083,13.7157,0,99,68,75,2447,1000,5.14574,271,5.55206,0,0,4634,133067024581
43.7816,22.8406,13.7157,0,99,68,75,2447,1000,5.14574,271,5.55206,0,0,4634,133171109703
41.1895,24.278,13.7157,0,99,68,75,2447,1000,5.14574,271,5.55206,0,0,4634,133275194655
46.8951,21.3242,13.7546,0,99,68,75,2462,1000,5.14574,271,5.55247,0,0,4613,133379290938
42.6202,23.463,13.7546,0,99,68,75,2462,1000,5.14574,271,5.55247,0,0,4613,133483373284
38.8359,25.7493,13.7546,0,99,68,75,2462,1000,5.14574,271,5.55247,0,0,4613,133587456232
43.2654,23.1131,13.7546,0,99,68,75,2462,1000,5.14574,271,5.55247,0,0,4613,133691543278
41.4956,24.099,13.7546,0,99,68,75,2462,1000,5.14574,271,5.55247,0,0,4613,133795628129
37.058,26.9847,13.5741,0,99,68,75,2465,1000,5.14574,271,5.55417,0,0,4642,133899711227
39.7331,25.1679,13.5741,0,99,68,75,2465,1000,5.14574,271,5.55417,0,0,4642,134003793674
51.958,19.2463,13.5741,0,99,68,75,2465,1000,5.14574,271,5.55417,0,0,4642,134107877333
40.6238,24.6161,13.5741,0,99,68,75,2465,1000,5.14574,271,5.55417,0,0,4642,134211956765
40.34,24.7893,13.5741,0,99,68,75,2465,1000,5.14574,271,5.55417,0,0,4642,134316041606
42.5935,23.4778,13.6816,0,99,68,75,2414,1000,5.17802,271,5.55585,0,0,4690,134420138750
43.228,23.1332,13.6816,0,99,68,75,2414,1000,5.17802,271,5.55585,0,0,4690,134524220306
47.3365,21.1253,13.6816,0,99,68,75,2414,1000,5.17802,271,5.55585,0,0,4690,134628387161
39.4277,25.3629,13.6816,0,99,68,75,2414,1000,5.17802,271,5.55585,0,0,4690,134732472653
43.7727,22.8453,13.6816,0,99,68,75,2414,1000,5.17802,271,5.55585,0,0,4690,134836555651
40.5432,24.6651,13.1707,0,99,68,75,2440,1000,5.14378,271,5.55492,0,0,4611,134940638950
44.977,22.2336,13.1707,0,99,68,75,2440,1000,5.14378,271,5.55492,0,0,4611,135044724693
44.0703,22.691,13.1707,0,99,68,75,2440,1000,5.14378,271,5.55492,0,0,4611,135148813862
39.8819,25.074,13.1707,0,99,68,75,2440,1000,5.14378,271,5.55492,0,0,4611,135252901860
49.13,20.3542,13.1707,0,99,68,75,2440,1000,5.14378,271,5.55492,0,0,4611,135356993434
42.6199,23.4632,13.6253,0,99,68,75,2451,1000,5.14182,271,5.55431,0,0,4665,135461077093
42.0555,23.7781,13.6253,0,99,68,75,2451,1000,5.14182,271,5.55431,0,0,4665,135565167064
45.3013,22.0744,13.6253,0,99,68,75,2451,1000,5.14182,271,5.55431,0,0,4665,135669252386
38.7497,25.8067,13.6253,0,99,68,75,2451,1000,5.14182,271,5.55431,0,0,4665,135773335574
44.1382,22.6561,13.6253,0,99,68,75,2451,1000,5.14182,271,5.55431,0,0,4665,135877420205
40.0184,24.9885,14.0606,0,99,68,75,2424,1000,5.13986,271,5.55518,0,0,4592,135981515516
44.2838,22.5816,14.0606,0,99,68,75,2424,1000,5.13986,271,5.55518,0,0,4592,136085623682
41.54,24.0732,14.0606,0,99,68,75,2424,1000,5.13986,271,5.55518,0,0,4592,136189714544
42.9238,23.2971,14.0606,0,99,68,75,2424,1000,5.13986,271,5.55518,0,0,4592,136293844891
38.6059,25.9028,14.0606,0,99,68,75,2424,1000,5.13986,271,5.55518,0,0,4592,136397947215
41.6641,24.0015,12.5,0,99,68,75,2429,1000,5.13986,271,5.55344,0,0,4665,136502030724
41.5402,24.0731,12.5,0,99,68,75,2429,1000,5.13986,271,5.55344,0,0,4665,136606159167
44.9485,22.2477,12.5,0,99,68,75,2429,1000,5.13986,271,5.55344,0,0,4665,136710235923
40.4283,24.7351,12.5,0,99,68,75,2429,1000,5.13986,271,5.55344,0,0,4665,136814324301
41.895,23.8692,12.5,0,99,68,75,2429,1000,5.13986,271,5.55344,0,0,4665,136918413070
45.4818,21.9868,14.1818,0,99,68,75,2458,1000,5.14769,271,5.55495,0,0,4574,137022531034
44.9411,22.2514,14.1818,0,99,68,75,2458,1000,5.14769,271,5.55495,0,0,4574,137126615635
44.6973,22.3727,14.1818,0,99,68,75,2458,1000,5.14769,271,5.55495,0,0,4574,137230699975
45.0225,22.2111,14.1818,0,99,68,75,2458,1000,5.14769,271,5.55495,0,0,4574,137334781721
41.5689,24.0565,14.1818,0,99,68,75,2458,1000,5.14769,271,5.55495,0,0,4574,137438872062
41.3749,24.1693,13.3657,0,99,68,75,2452,1000,5.16241,271,5.55597,0,0,4663,137542981951
40.9971,24.392,13.3657,0,99,68,75,2452,1000,5.16241,271,5.55597,0,0,4663,137647049850
46.1875,21.6509,13.3657,0,99,68,75,2452,1000,5.16241,271,5.55597,0,0,4663,137751186038
44.5816,22.4308,13.3657,0,99,68,75,2452,1000,5.16241,271,5.55597,0,0,4663,137855275288
42.232,23.6787,13.3657,0,99,68,75,2452,1000,5.16241,271,5.55597,0,0,4663,137959361041
39.1038,25.5729,13.8182,0,99,68,75,2418,1000,5.16046,271,5.558,0,0,4614,138063444760
42.9885,23.262,13.8182,0,99,68,75,2418,1000,5.16046,271,5.558,0,0,4614,138167533198
41.5985,24.0393,13.8182,0,99,68,75,2418,1000,5.16046,271,5.558,0,0,4614,138271630693
43.2914,23.0993,13.8182,0,99,68,75,2418,1000,5.16046,271,5.558,0,0,4614,138375713351
41.5072,24.0922,13.8182,0,99,68,75,2418,1000,5.16046,271,5.558,0,0,4614,138479798653
40.7139,24.5617,14.1304,0,99,68,75,2447,1000,5.16046,271,5.55719,0,0,4616,138583884997
40.95,24.42,14.1304,0,99,68,75,2447,1000,5.16046,271,5.55719,0,0,4616,138687987141
42.0424,23.7855,14.1304,0,99,68,75,2447,1000,5.16046,271,5.55719,0,0,4616,138792079687
43.6106,22.9302,14.1304,0,99,68,75,2447,1000,5.16046,271,5.55719,0,0,4616,138896177593
45.3892,22.0317,13.6419,0,99,68,75,2450,1000,5.16046,271,5.55736,0,0,4665,139000262554
41.9261,23.8515,13.6419,0,99,68,75,2450,1000,5.16046,271,5.55736,0,0,4665,139104345332
40.6126,24.6229,13.6419,0,99,68,75,2450,1000,5.16046,271,5.55736,0,0,4665,139208429001
39.9385,25.0385,13.6419,0,99,68,75,2450,1000,5.16046,271,5.55736,0,0,4665,139312517810
43.6394,22.9151,13.6419,0,99,68,75,2450,1000,5.16046,271,5.55736,0,0,4665,139416611908
39.3003,25.4451,13.6087,0,99,68,75,2459,1000,5.16046,271,5.55642,0,0,4658,139520702821
41.6444,24.0128,13.6087,0,99,68,75,2459,1000,5.16046,271,5.55642,0,0,4658,139624789376
42.0657,23.7724,13.6087,0,99,68,75,2459,1000,5.16046,271,5.55642,0,0,4658,139728881902
46.4273,21.5391,13.6087,0,99,68,75,2459,1000,5.16046,271,5.55642,0,0,4658,139833008371
46.4164,21.5441,13.6087,0,99,68,75,2459,1000,5.16046,271,5.55642,0,0,4658,139937097661
42.886,23.3176,13.7637,0,99,68,75,2440,1000,5.16046,271,5.55592,0,0,4566,140041179046
39.5706,25.2713,13.7637,0,99,68,75,2440,1000,5.16046,271,5.55592,0,0,4566,140145224273
44.8072,22.3179,13.7637,0,99,68,75,2440,1000,5.16046,271,5.55592,0,0,4566,140249304155
42.6994,23.4196,13.7637,0,99,68,75,2440,1000,5.16046,271,5.55592,0,0,4566,140353388305
42.4049,23.5822,13.7637,0,99,68,75,2440,1000,5.16046,271,5.55592,0,0,4566,140457473607
43.1403,23.1802,13.8142,0,99,68,75,2419,1000,5.16046,271,5.5648,0,0,4655,140561556104
42.408,23.5805,13.8142,0,99,68,75,2419,1000,5.16046,271,5.5648,0,0,4655,140665650343
40.8312,24.4911,13.8142,0,99,68,75,2419,1000,5.16046,271,5.5648,0,0,4655,140769753188
46.2964,21.6,13.8142,0,99,68,75,2419,1000,5.16046,271,5.5648,0,0,4655,140873850022
41.1547,24.2986,13.8142,0,99,68,75,2419,1000,5.16046,271,5.5648,0,0,4655,140977950904
44.3393,22.5533,13.9733,0,99,68,75,2419,1000,5.16046,271,5.56139,0,0,4670,141082003755
47.2154,21.1795,13.9733,0,99,68,75,2419,1000,5.16046,271,5.56139,0,0,4670,141186103114
39.9352,25.0406,13.9733,0,99,68,75,2419,1000,5.16046,271,5.56139,0,0,4670,141290183416
39.5901,25.2589,13.9733,0,99,68,75,2419,1000,5.16046,271,5.56139,0,0,4670,141394291281
41.3454,24.1865,13.9733,0,99,68,75,2419,1000,5.16046,271,5.56139,0,0,4670,141498376002
41.8732,23.8816,14.1119,0,99,68,75,2434,1000,5.16046,271,5.56162,0,0,4615,141602455103
43.0592,23.2239,14.1119,0,99,68,75,2434,1000,5.16046,271,5.56162,0,0,4615,141706540415
44.0553,22.6988,14.1119,0,99,68,75,2434,1000,5.16046,271,5.56162,0,0,4615,141810624595
42.7321,23.4016,14.1119,0,99,68,75,2434,1000,5.16046,271,5.56162,0,0,4615,141914707253
45.6958,21.8838,14.1119,0,99,68,75,2434,1000,5.16046,271,5.56162,0,0,4615,142018785992
41.489,24.1028,13.8101,0,99,68,75,2441,1000,5.14574,271,5.56332,0,0,4640,142122876284
45.3277,22.0615,13.8101,0,99,68,75,2441,1000,5.14574,271,5.56332,0,0,4640,142226993867
44.8516,22.2957,13.8101,0,99,68,75,2441,1000,5.14574,271,5.56332,0,0,4640,142331077827
49.5722,20.1726,13.8101,0,99,68,75,2441,1000,5.14574,271,5.56332,0,0,4640,142435163930
44.7596,22.3416,13.8101,0,99,68,75,2441,1000,5.14574,271,5.56332,0,0,4640,142539280662
46.343,21.5782,14.4431,0,99,68,75,2396,1000,5.14775,271,5.56152,0,0,4688,142643365653
46.7871,21.3734,14.4431,0,99,68,75,2396,1000,5.14775,271,5.56152,0,0,4688,142747456386
41.8042,23.921,14.4431,0,99,68,75,2396,1000,5.14775,271,5.56152,0,0,4688,142851550925
43.287,23.1016,14.4431,0,99,68,75,2396,1000,5.14775,271,5.56152,0,0,4688,142955633172
45.6063,21.9268,14.4431,0,99,68,75,2396,1000,5.14775,271,5.56152,0,0,4688,143059719085
41.4662,24.116,13.7423,0,99,68,75,2403,1000,5.14574,271,5.5607,0,0,4607,143163808565
48.2631,20.7197,13.7423,0,99,68,75,2403,1000,5.14574,271,5.5607,0,0,4607,143267889589
46.4721,21.5183,13.7423,0,99,68,75,2403,1000,5.14574,271,5.5607,0,0,4607,143371969832
47.9101,20.8724,13.7423,0,99,68,75,2403,1000,5.14574,271,5.5607,0,0,4607,143476075372
47.4112,21.0921,13.7423,0,99,68,75,2403,1000,5.14574,271,5.5607,0,0,4607,143580156777
42.4928,23.5334,14.2857,0,99,68,75,2417,1000,5.14574,271,5.56008,0,0,4581,143684242661
44.4503,22.497,14.2857,0,99,68,75,2417,1000,5.14574,271,5.56008,0,0,4581,143788342580
44.7523,22.3452,14.2857,0,99,68,75,2417,1000,5.14574,271,5.56008,0,0,4581,143892425678
43.9441,22.7562,14.2857,0,99,68,75,2417,1000,5.14574,271,5.56008,0,0,4581,143996511802
43.512,22.9822,14.2857,0,99,68,75,2417,1000,5.14574,271,5.56008,0,0,4581,144100616541
41.8194,23.9124,13.7973,0,99,68,75,2424,1000,5.14182,271,5.55997,0,0,4675,144204695221
43.4587,23.0104,13.7973,0,99,68,75,2424,1000,5.14182,271,5.55997,0,0,4675,144308776135
44.5246,22.4595,13.7973,0,99,68,75,2424,1000,5.14182,271,5.55997,0,0,4675,144412862038
46.2543,21.6196,13.7973,0,99,68,75,2424,1000,5.14182,271,5.55997,0,0,4675,144516958601
42.1428,23.7288,13.7973,0,99,68,75,2424,1000,5.14182,271,5.55997,0,0,4675,144621041970
43.9068,22.7755,13.0647,0,99,68,75,2439,1000,5.14377,271,5.55803,0,0,4566,144725124698
43.4993,22.9889,13.0647,0,99,68,75,2439,1000,5.14377,271,5.55803,0,0,4566,144829207956
45.467,21.994,13.0647,0,99,68,75,2439,1000,5.14377,271,5.55803,0,0,4566,144933313606
44.4951,22.4744,13.0647,0,99,68,75,2439,1000,5.14377,271,5.55803,0,0,4566,145037396654
45.3463,22.0525,13.0647,0,99,68,75,2439,1000,5.14377,271,5.55803,0,0,4566,145141483329
45.2951,22.0775,13.7303,0,99,68,75,2429,1000,5.14182,271,5.55623,0,0,4640,145245587827
47.8666,20.8914,13.7303,0,99,68,75,2429,1000,5.14182,271,5.55623,0,0,4640,145349669202
44.6909,22.3759,13.7303,0,99,68,75,2429,1000,5.14182,271,5.55623,0,0,4640,145453750417
42.5414,23.5065,13.7303,0,99,68,75,2429,1000,5.14182,271,5.55623,0,0,4640,145557827734
42.1726,23.7121,13.7303,0,99,68,75,2429,1000,5.14182,271,5.55623,0,0,4640,145661917024
46.7984,21.3683,13.6419,0,99,68,75,2399,1000,5.14182,271,5.56289,0,0,4687,145766030138
42.3693,23.602,13.6419,0,99,68,75,2399,1000,5.14182,271,5.56289,0,0,4687,145870115771
46.1776,21.6555,13.6419,0,99,68,75,2399,1000,5.14182,271,5.56289,0,0,4687,145974200292
44.1648,22.6424,13.6419,0,99,68,75,2399,1000,5.14182,271,5.56289,0,0,4687,146078301785
43.7293,22.868,13.6419,0,99,68,75,2399,1000,5.14182,271,5.56289,0,0,4687,146182381947
44.3344,22.5559,13.285,0,99,68,75,2417,1000,5.14182,271,5.56484,0,0,4665,146286466578
44.8439,22.2996,13.285,0,99,68,75,2417,1000,5.14182,271,5.56484,0,0,4665,146390547121
41.7795,23.9352,13.285,0,99,68,75,2417,1000,5.14182,271,5.56484,0,0,4665,146494631151
43.8176,22.8219,13.285,0,99,68,75,2417,1000,5.14182,271,5.56484,0,0,4665,146598737383
39.131,25.5552,13.285,0,99,68,75,2417,1000,5.14182,271,5.56484,0,0,4665,146702815121
45.9102,21.7817,13.5593,0,99,68,75,2437,1000,5.14182,271,5.56166,0,0,4665,146806894141
42.6854,23.4272,13.5593,0,99,68,75,2437,1000,5.14182,271,5.56166,0,0,4665,146911006114
43.3943,23.0445,13.5593,0,99,68,75,2437,1000,5.14182,271,5.56166,0,0,4665,147015087378
49.3368,20.2688,13.5593,0,99,68,75,2437,1000,5.14182,271,5.56166,0,0,4665,147119177299
43.7997,22.8312,13.5593,0,99,68,75,2437,1000,5.14182,271,5.56166,0,0,4665,147223258454
41.7007,23.9804,12.9697,0,99,68,75,2403,1000,5.13987,271,5.55997,0,0,4666,147327345369
44.1233,22.6638,12.9697,0,99,68,75,2403,1000,5.13987,271,5.55997,0,0,4666,147431451180
44.9679,22.2381,12.9697,0,99,68,75,2403,1000,5.13987,271,5.55997,0,0,4666,147535528206
45.9214,21.7763,12.9697,0,99,68,75,2403,1000,5.13987,271,5.55997,0,0,4666,147639609451
45.6147,21.9227,12.9697,0,99,68,75,2403,1000,5.13987,271,5.55997,0,0,4666,147743697979
42.938,23.2894,13.3172,0,99,68,75,2422,1000,5.13987,271,5.56078,0,0,4665,147847797608
44.7398,22.3515,13.3172,0,99,68,75,2422,1000,5.13987,271,5.56078,0,0,4665,147951922765
39.6871,25.1971,13.3172,0,99,68,75,2422,1000,5.13987,271,5.56078,0,0,4665,148056003960
43.2014,23.1474,13.3172,0,99,68,75,2422,1000,5.13987,271,5.56078,0,0,4665,148160091126
42.8137,23.357,14.3201,0,99,69,75,2435,1000,5.14253,271,5.56451,0,0,4591,148264212706
47.1901,21.1909,14.3201,0,99,69,75,2435,1000,5.14253,271,5.56451,0,0,4591,148368291456
45.7063,21.8788,14.3201,0,99,69,75,2435,1000,5.14253,271,5.56451,0,0,4591,148472372550
43.8513,22.8043,14.3201,0,99,69,75,2435,1000,5.14253,271,5.56451,0,0,4591,148576455488
44.8603,22.2914,14.3201,0,99,69,75,2435,1000,5.14253,271,5.56451,0,0,4591,148680540139
42.9515,23.2821,13.1068,0,99,69,75,2400,1000,5.14058,271,5.56138,0,0,4671,148784644347
42.7379,23.3984,13.1068,0,99,69,75,2400,1000,5.14058,271,5.56138,0,0,4671,148888722746
44.2699,22.5887,13.1068,0,99,69,75,2400,1000,5.14058,271,5.56138,0,0,4671,148992803610
41.2459,24.2448,13.1068,0,99,69,75,2400,1000,5.14058,271,5.56138,0,0,4671,149096887369
43.2432,23.125,13.1068,0,99,69,75,2400,1000,5.14058,271,5.56138,0,0,4671,149200977721
45.8014,21.8334,13.5429,0,99,69,75,2437,1000,5.14253,271,5.56368,0,0,4665,149305069596
43.3385,23.0742,13.5429,0,99,69,75,2437,1000,5.14253,271,5.56368,0,0,4665,149409157924
44.1299,22.6604,13.5429,0,99,69,75,2437,1000,5.14253,271,5.56368,0,0,4665,149513244067
45.8964,21.7882,13.5429,0,99,69,75,2437,1000,5.14253,271,5.56368,0,0,4665,149617345690
41.3526,24.1823,13.5429,0,99,69,75,2437,1000,5.14253,271,5.56368,0,0,4665,149721423208
42.5061,23.5261,13.4058,0,99,69,75,2403,1000,5.14058,271,5.56133,0,0,4644,149825509753
45.9425,21.7663,13.4058,0,99,69,75,2403,1000,5.14058,271,5.56133,0,0,4644,149929598100
51.6592,19.3576,13.4058,0,99,69,75,2403,1000,5.14058,271,5.56133,0,0,4644,150033683633
