os,cpu,gpu,ram,kernel,driver,cpuscheduler
Arch Linux,AMD Ryzen 7 5800X 8-Core Processor,AMD Radeon RX 6900 XT ,32764440,7.0.9-arch1-1,,performance
fps,frametime,cpu_load,cpu_power,gpu_load,cpu_temp,gpu_temp,gpu_core_clock,gpu_mem_clock,gpu_vram_used,gpu_power,ram_used,swap_used,process_rss,cpu_mhz,elapsed
47.0414,21.2579,3.71747,0,99,65,62,2483,1000,4.59132,271,3.28663,0,0,4791,295055050
47.6024,21.0073,3.71747,0,99,65,62,2483,1000,4.59132,271,3.28663,0,0,4791,399348612
45.8989,21.787,3.71747,0,99,65,62,2483,1000,4.59132,271,3.28663,0,0,4791,503416572
45.2113,22.1184,3.71747,0,99,65,62,2483,1000,4.59132,271,3.28663,0,0,4791,607487317
43.5031,22.9869,2.92326,0,99,64,63,2477,1000,4.59132,271,3.29125,0,0,4741,711561428
46.8716,21.3349,2.92326,0,99,64,63,2477,1000,4.59132,271,3.29125,0,0,4741,815631372
46.1533,21.6669,2.92326,0,99,64,63,2477,1000,4.59132,271,3.29125,0,0,4741,919698280
45.9649,21.7557,2.92326,0,99,64,63,2477,1000,4.59132,271,3.29125,0,0,4741,1023777801
46.4098,21.5472,2.92326,0,99,64,63,2477,1000,4.59132,271,3.29125,0,0,4741,1127857573
46.6623,21.4306,3.26481,0,99,63,63,2481,1000,4.59132,271,3.28427,0,0,4791,1231929350
46.0157,21.7317,3.26481,0,99,63,63,2481,1000,4.59132,271,3.28427,0,0,4791,1335997019
46.2287,21.6316,3.26481,0,99,63,63,2481,1000,4.59132,271,3.28427,0,0,4791,1440065339
45.6478,21.9068,3.26481,0,99,63,63,2481,1000,4.59132,271,3.28427,0,0,4791,1544136375
45.9646,21.7559,3.26481,0,99,63,63,2481,1000,4.59132,271,3.28427,0,0,4791,1648205707
47.1626,21.2033,3.1401,0,99,62,63,2481,1000,4.59132,271,3.28291,0,0,4793,1752273857
46.5949,21.4616,3.1401,0,99,62,63,2481,1000,4.59132,271,3.28291,0,0,4793,1856345664
46.1781,21.6553,3.1401,0,99,62,63,2481,1000,4.59132,271,3.28291,0,0,4793,1960415527
46.1978,21.646,3.1401,0,99,62,63,2481,1000,4.59132,271,3.28291,0,0,4793,2064483778
46.9052,21.3196,3.1401,0,99,62,63,2481,1000,4.59132,271,3.28291,0,0,4793,2168553030
46.0151,21.732,3.25694,0,99,62,63,2476,1000,4.59132,271,3.28291,0,0,4790,2272622633
46.5279,21.4925,3.25694,0,99,62,63,2476,1000,4.59132,271,3.28291,0,0,4790,2376692706
46.6067,21.4561,3.25694,0,99,62,63,2476,1000,4.59132,271,3.28291,0,0,4790,2480762389
47.2465,21.1656,3.25694,0,99,62,63,2476,1000,4.59132,271,3.28291,0,0,4790,2584799431
45.9807,21.7483,3.25694,0,99,62,63,2476,1000,4.59132,271,3.28291,0,0,4790,2688868252
46.2912,21.6024,3.27273,0,99,61,64,2484,1000,4.59132,271,3.28163,0,0,4790,2792937575
46.5632,21.4762,3.27273,0,99,61,64,2484,1000,4.59132,271,3.28163,0,0,4790,2897006807
45.59,21.9346,3.27273,0,99,61,64,2484,1000,4.59132,271,3.28163,0,0,4790,3001076630
46.8388,21.3498,3.27273,0,99,61,64,2484,1000,4.59132,271,3.28163,0,0,4790,3105146153
45.2637,22.0928,3.27273,0,99,61,64,2484,1000,4.59132,271,3.28163,0,0,4790,3209214453
46.4555,21.526,3.0303,0,99,60,64,2464,1000,4.59132,271,3.28163,0,0,4791,3313281942
46.9205,21.3126,3.0303,0,99,60,64,2464,1000,4.59132,271,3.28163,0,0,4791,3417350543
46.1597,21.6639,3.0303,0,99,60,64,2464,1000,4.59132,271,3.28163,0,0,4791,3521420737
46.1216,21.6818,3.0303,0,99,60,64,2464,1000,4.59132,271,3.28163,0,0,4791,3625501060
47.4772,21.0627,3.0303,0,99,60,64,2464,1000,4.59132,271,3.28163,0,0,4791,3729570552
46.0381,21.7212,3.60577,0,99,59,64,2482,1000,4.5766,271,3.28062,0,0,4801,3833640987
46.6763,21.4241,3.60577,0,99,59,64,2482,1000,4.5766,271,3.28062,0,0,4801,3937710449
46.3406,21.5793,3.60577,0,99,59,64,2482,1000,4.5766,271,3.28062,0,0,4801,4041781184
46.8222,21.3574,3.60577,0,99,59,64,2482,1000,4.5766,271,3.28062,0,0,4801,4145878990
46.4613,21.5233,3.60577,0,99,59,64,2482,1000,4.5766,271,3.28062,0,0,4801,4249949073
46.8106,21.3627,3.26087,0,99,58,64,2474,1000,4.57855,271,3.28062,0,0,4786,4354020710
46.0251,21.7273,3.26087,0,99,58,64,2474,1000,4.57855,271,3.28062,0,0,4786,4458094821
47.4768,21.0629,3.26087,0,99,58,64,2474,1000,4.57855,271,3.28062,0,0,4786,4562165757
46.8226,21.3572,3.26087,0,99,58,64,2474,1000,4.57855,271,3.28062,0,0,4786,4666236121
46.1828,21.6531,3.26087,0,99,58,64,2474,1000,4.57855,271,3.28062,0,0,4786,4770306134
46.7113,21.4081,3.1477,0,99,58,64,2476,1000,4.5766,271,3.2764,0,0,4790,4874374655
46.7924,21.371,3.1477,0,99,58,64,2476,1000,4.5766,271,3.2764,0,0,4790,4978452143
46.9817,21.2849,3.1477,0,99,58,64,2476,1000,4.5766,271,3.2764,0,0,4790,5082525954
46.2816,21.6069,3.1477,0,99,58,64,2476,1000,4.5766,271,3.2764,0,0,4790,5186598271
45.3491,22.0512,3.1477,0,99,58,64,2476,1000,4.5766,271,3.2764,0,0,4790,5290669648
47.6987,20.9649,3.61446,0,99,57,64,2482,1000,4.5766,271,3.27688,0,0,4813,5394739791
46.9721,21.2892,3.61446,0,99,57,64,2482,1000,4.5766,271,3.27688,0,0,4813,5498798634
45.9944,21.7418,3.61446,0,99,57,64,2482,1000,4.5766,271,3.27688,0,0,4813,5602868858
42.0059,23.8062,3.61446,0,99,57,64,2482,1000,4.5766,271,3.27688,0,0,4813,5706938811
45.857,21.8069,3.61446,0,99,57,64,2482,1000,4.5766,271,3.27688,0,0,4813,5811014045
45.9881,21.7448,4.47942,0,99,56,64,2468,1000,4.57855,271,3.28217,0,0,4737,5915087004
46.2193,21.636,4.47942,0,99,56,64,2468,1000,4.57855,271,3.28217,0,0,4737,6019156587
45.8083,21.8301,4.47942,0,99,56,64,2468,1000,4.57855,271,3.28217,0,0,4737,6123225378
47.5787,21.0178,4.47942,0,99,56,64,2468,1000,4.57855,271,3.28217,0,0,4737,6227293298
47.0378,21.2595,4.47942,0,99,56,64,2468,1000,4.57855,271,3.28217,0,0,4737,6331365335
46.4805,21.5144,3.28068,0,99,56,64,2471,1000,4.5766,271,3.28226,0,0,4766,6435436821
47.4669,21.0673,3.28068,0,99,56,64,2471,1000,4.5766,271,3.28226,0,0,4766,6539505092
47.4694,21.0662,3.28068,0,99,56,64,2471,1000,4.5766,271,3.28226,0,0,4766,6643577349
46.8848,21.3289,3.28068,0,99,56,64,2471,1000,4.5766,271,3.28226,0,0,4766,6747646822
46.2488,21.6222,3.28068,0,99,56,64,2471,1000,4.5766,271,3.28226,0,0,4766,6851728387
46.7048,21.4111,3.28467,0,99,55,64,2471,1000,4.5766,271,3.28226,0,0,4790,6955820522
46.9823,21.2846,3.28467,0,99,55,64,2471,1000,4.5766,271,3.28226,0,0,4790,7059903530
47.0202,21.2675,3.28467,0,99,55,64,2471,1000,4.5766,271,3.28226,0,0,4790,7163986418
47.5071,21.0495,3.28467,0,99,55,64,2471,1000,4.5766,271,3.28226,0,0,4790,7268070157
46.887,21.3279,3.28467,0,99,55,64,2471,1000,4.5766,271,3.28226,0,0,4790,7372152975
47.402,21.0961,3.4188,0,99,55,65,2476,1000,4.5766,271,3.28249,0,0,4791,7476225393
46.203,21.6436,3.4188,0,99,55,65,2476,1000,4.5766,271,3.28249,0,0,4791,7580293974
46.3008,21.5979,3.4188,0,99,55,65,2476,1000,4.5766,271,3.28249,0,0,4791,7684361382
47.3501,21.1193,3.4188,0,99,55,65,2476,1000,4.5766,271,3.28249,0,0,4791,7788430214
46.7857,21.3741,3.4188,0,99,55,65,2476,1000,4.5766,271,3.28249,0,0,4791,7892502401
47.1745,21.1979,3.06748,0,99,54,65,2478,1000,4.5766,271,3.28249,0,0,4791,7996583836
47.3745,21.1084,3.06748,0,99,54,65,2478,1000,4.5766,271,3.28249,0,0,4791,8100652257
47.3451,21.1215,3.06748,0,99,54,65,2478,1000,4.5766,271,3.28249,0,0,4791,8204720327
48.2302,20.7339,3.06748,0,99,54,65,2478,1000,4.5766,271,3.28249,0,0,4791,8308786293
47.2298,21.1731,3.06748,0,99,54,65,2478,1000,4.5766,271,3.28249,0,0,4791,8412869842
48.2665,20.7183,3.32103,0,99,54,65,2477,1000,4.5766,271,3.28257,0,0,4791,8516940978
47.3172,21.1339,3.32103,0,99,54,65,2477,1000,4.5766,271,3.28257,0,0,4791,8621009679
44.7713,22.3357,3.32103,0,99,54,65,2477,1000,4.5766,271,3.28257,0,0,4791,8725082568
47.2888,21.1467,3.32103,0,99,54,65,2477,1000,4.5766,271,3.28257,0,0,4791,8829151890
44.6981,22.3723,3.32103,0,99,54,65,2477,1000,4.5766,271,3.28257,0,0,4791,8933220351
44.5852,22.429,3.37756,0,99,53,65,2475,1000,4.5766,271,3.28233,0,0,4807,9037292057
40.9184,24.4389,3.37756,0,99,53,65,2475,1000,4.5766,271,3.28233,0,0,4807,9141363694
44.0104,22.7219,3.37756,0,99,53,65,2475,1000,4.5766,271,3.28233,0,0,4807,9245437905
43.3378,23.0745,3.37756,0,99,53,65,2475,1000,4.5766,271,3.28233,0,0,4807,9349510153
44.5219,22.4609,3.37756,0,99,53,65,2475,1000,4.5766,271,3.28233,0,0,4807,9453584806
44.4559,22.4942,3.97112,0,99,53,65,2453,1000,4.60883,271,3.28085,0,0,4741,9557652715
44.8774,22.2829,3.97112,0,99,53,65,2453,1000,4.60883,271,3.28085,0,0,4741,9661736424
44.111,22.6701,3.97112,0,99,53,65,2453,1000,4.60883,271,3.28085,0,0,4741,9765819432
44.1065,22.6724,3.97112,0,99,53,65,2453,1000,4.60883,271,3.28085,0,0,4741,9869902581
45.0922,22.1768,3.97112,0,99,53,65,2453,1000,4.60883,271,3.28085,0,0,4741,9973985979
44.8629,22.2901,3.03398,0,99,52,65,2471,1000,4.60883,271,3.28085,0,0,4791,10078078184
44.5087,22.4675,3.03398,0,99,52,65,2471,1000,4.60883,271,3.28085,0,0,4791,10182148589
44.8998,22.2718,3.03398,0,99,52,65,2471,1000,4.60883,271,3.28085,0,0,4791,10286230224
44.8638,22.2897,3.03398,0,99,52,65,2471,1000,4.60883,271,3.28085,0,0,4791,10390300628
44.06,22.6963,3.03398,0,99,52,65,2471,1000,4.60883,271,3.28085,0,0,4791,10494372626
44.3695,22.538,3.04136,0,99,52,65,2463,1000,4.60883,271,3.28011,0,0,4765,10598445485
42.078,23.7654,3.04136,0,99,52,65,2463,1000,4.60883,271,3.28011,0,0,4765,10702515077
44.685,22.3789,3.04136,0,99,52,65,2463,1000,4.60883,271,3.28011,0,0,4765,10806587115
44.8886,22.2774,3.04136,0,99,52,65,2463,1000,4.60883,271,3.28011,0,0,4765,10910657689
44.6112,22.4159,3.04136,0,99,52,65,2463,1000,4.60883,271,3.28011,0,0,4765,11014729316
45.0278,22.2085,3.65408,0,99,52,65,2445,1000,4.60883,271,3.27713,0,0,4791,11118801173
44.914,22.2648,3.65408,0,99,52,65,2445,1000,4.60883,271,3.27713,0,0,4791,11222871347
44.8972,22.2731,3.65408,0,99,52,65,2445,1000,4.60883,271,3.27713,0,0,4791,11326940799
44.9084,22.2675,3.65408,0,99,52,65,2445,1000,4.60883,271,3.27713,0,0,4791,11431023316
46.1323,21.6768,3.65408,0,99,52,65,2445,1000,4.60883,271,3.27713,0,0,4791,11535094112
45.1931,22.1273,2.94479,0,99,51,65,2458,1000,4.60883,271,3.27674,0,0,4792,11639164366
45.3684,22.0418,2.94479,0,99,51,65,2458,1000,4.60883,271,3.27674,0,0,4792,11743235591
45.7413,21.8621,2.94479,0,99,51,65,2458,1000,4.60883,271,3.27674,0,0,4792,11847312738
44.0851,22.6834,2.94479,0,99,51,65,2458,1000,4.60883,271,3.27674,0,0,4792,11951381510
45.8166,21.8261,2.94479,0,99,51,65,2458,1000,4.60883,271,3.27674,0,0,4792,12055452946
44.9571,22.2434,3.1941,0,99,51,65,2465,1000,4.60883,271,3.2765,0,0,4791,12159526256
45.3213,22.0647,3.1941,0,99,51,65,2465,1000,4.60883,271,3.2765,0,0,4791,12263597712
45.4941,21.9809,3.1941,0,99,51,65,2465,1000,4.60883,271,3.2765,0,0,4791,12367667555
45.8971,21.7878,3.1941,0,99,51,65,2465,1000,4.60883,271,3.2765,0,0,4791,12471737188
44.8809,22.2812,2.96296,0,99,51,65,2465,1000,4.60883,271,3.27594,0,0,4791,12575806641
45.4363,22.0088,2.96296,0,99,51,65,2465,1000,4.60883,271,3.27594,0,0,4791,12679874991
45.1017,22.1721,2.96296,0,99,51,65,2465,1000,4.60883,271,3.27594,0,0,4791,12783942119
44.9986,22.2229,2.96296,0,99,51,65,2465,1000,4.60883,271,3.27594,0,0,4791,12888009177
46.0512,21.715,2.96296,0,99,51,65,2465,1000,4.60883,271,3.27594,0,0,4791,12992077898
44.1015,22.6749,3.20988,0,99,50,65,2467,1000,4.60883,271,3.27618,0,0,4791,13096148313
45.5772,21.9408,3.20988,0,99,50,65,2467,1000,4.60883,271,3.27618,0,0,4791,13200217465
44.6229,22.41,3.20988,0,99,50,65,2467,1000,4.60883,271,3.27618,0,0,4791,13304287628
46.0344,21.7229,3.20988,0,99,50,65,2467,1000,4.60883,271,3.27618,0,0,4791,13408358033
44.7697,22.3365,3.20988,0,99,50,65,2467,1000,4.60883,271,3.27618,0,0,4791,13512427295
45.002,22.2212,2.98507,0,99,50,65,2458,1000,4.60883,271,3.27191,0,0,4789,13616518368
44.9099,22.2668,2.98507,0,99,50,65,2458,1000,4.60883,271,3.27191,0,0,4789,13720585596
45.64,21.9106,2.98507,0,99,50,65,2458,1000,4.60883,271,3.27191,0,0,4789,13824654718
46.2755,21.6097,2.98507,0,99,50,65,2458,1000,4.60883,271,3.27191,0,0,4789,13928722578
45.4984,21.9788,2.98507,0,99,50,65,2458,1000,4.60883,271,3.27191,0,0,4789,14032796028
44.5264,22.4586,3.46964,0,99,50,65,2446,1000,4.60883,271,3.27191,0,0,4790,14136865540
44.1373,22.6566,3.46964,0,99,50,65,2446,1000,4.60883,271,3.27191,0,0,4790,14240936466
45.8904,21.791,3.46964,0,99,50,65,2446,1000,4.60883,271,3.27191,0,0,4790,14345006359
45.3818,22.0353,3.46964,0,99,50,65,2446,1000,4.60883,271,3.27191,0,0,4790,14449081572
46.6559,21.4335,3.46964,0,99,50,65,2446,1000,4.60883,271,3.27191,0,0,4790,14553150344
45.6406,21.9103,3.11333,0,99,50,65,2444,1000,4.65184,271,3.26766,0,0,4794,14657221209
45.5702,21.9442,3.11333,0,99,50,65,2444,1000,4.65184,271,3.26766,0,0,4794,14761259002
46.261,21.6165,3.11333,0,99,50,65,2444,1000,4.65184,271,3.26766,0,0,4794,14865328174
45.6313,21.9148,3.11333,0,99,50,65,2444,1000,4.65184,271,3.26766,0,0,4794,14969410020
45.5512,21.9533,3.11333,0,99,50,65,2444,1000,4.65184,271,3.26766,0,0,4794,15073487748
46.5685,21.4737,3.36239,0,99,49,65,2464,1000,4.64989,271,3.2679,0,0,4791,15177567910
45.2875,22.0811,3.36239,0,99,49,65,2464,1000,4.64989,271,3.2679,0,0,4791,15281650297
44.0063,22.724,3.36239,0,99,49,65,2464,1000,4.64989,271,3.2679,0,0,4791,15385733526
46.8496,21.3449,3.36239,0,99,49,65,2464,1000,4.64989,271,3.2679,0,0,4791,15489816173
49.6651,20.1348,3.36239,0,99,49,65,2464,1000,4.64989,271,3.2679,0,0,4791,15593898359
47.5808,21.0169,3.44828,0,99,49,65,2474,1000,4.68211,271,3.25346,0,0,4791,15697973072
45.6191,21.9206,3.44828,0,99,49,65,2474,1000,4.68211,271,3.25346,0,0,4791,15802065076
47.3992,21.0974,3.44828,0,99,49,65,2474,1000,4.68211,271,3.25346,0,0,4791,15906156270
47.423,21.0868,3.44828,0,99,49,65,2474,1000,4.68211,271,3.25346,0,0,4791,16010238677
48.3788,20.6702,3.9555,0,99,49,65,2463,1000,4.68211,271,3.25422,0,0,4790,16114308370
46.7678,21.3822,3.9555,0,99,49,65,2463,1000,4.68211,271,3.25422,0,0,4790,16218390185
46.5453,21.4844,3.9555,0,99,49,65,2463,1000,4.68211,271,3.25422,0,0,4790,16322461852
46.3519,21.5741,3.9555,0,99,49,65,2463,1000,4.68211,271,3.25422,0,0,4790,16426533128
47.2659,21.1569,3.9555,0,99,49,65,2463,1000,4.68211,271,3.25422,0,0,4790,16530604053
47.5805,21.017,3.34573,0,99,49,66,2462,1000,4.64989,271,3.25331,0,0,4783,16634675509
47.3846,21.1039,3.34573,0,99,49,66,2462,1000,4.64989,271,3.25331,0,0,4783,16738745102
47.7039,20.9627,3.34573,0,99,49,66,2462,1000,4.64989,271,3.25331,0,0,4783,16842798605
47.5408,21.0346,3.34573,0,99,49,66,2462,1000,4.64989,271,3.25331,0,0,4783,16946867386
47.7876,20.9259,3.34573,0,99,49,66,2462,1000,4.64989,271,3.25331,0,0,4783,17050935155
46.8631,21.3388,3.7037,0,99,49,66,2457,1000,4.64989,271,3.25331,0,0,4766,17154965324
47.2037,21.1848,3.7037,0,99,49,66,2457,1000,4.64989,271,3.25331,0,0,4766,17259034536
46.5856,21.4659,3.7037,0,99,49,66,2457,1000,4.64989,271,3.25331,0,0,4766,17363104249
47.7921,20.9239,3.7037,0,99,49,66,2457,1000,4.64989,271,3.25331,0,0,4766,17467175676
48.1699,20.7598,3.7037,0,99,49,66,2457,1000,4.64989,271,3.25331,0,0,4766,17571245218
48.4017,20.6604,3.48259,0,99,48,66,2429,1000,4.64989,271,3.25291,0,0,4790,17675317226
49.0274,20.3967,3.48259,0,99,48,66,2429,1000,4.64989,271,3.25291,0,0,4790,17779387289
47.5015,21.052,3.48259,0,99,48,66,2429,1000,4.64989,271,3.25291,0,0,4790,17883457303
47.9169,20.8695,3.48259,0,99,48,66,2429,1000,4.64989,271,3.25291,0,0,4790,17987527787
46.9694,21.2905,3.48259,0,99,48,66,2429,1000,4.64989,271,3.25291,0,0,4790,18091595977
47.032,21.2621,3.84615,0,99,48,66,2460,1000,4.64989,271,3.25266,0,0,4791,18195663807
47.0705,21.2447,3.84615,0,99,48,66,2460,1000,4.64989,271,3.25266,0,0,4791,18299731757
47.6095,21.0042,3.84615,0,99,48,66,2460,1000,4.64989,271,3.25266,0,0,4791,18403798264
46.8514,21.3441,3.84615,0,99,48,66,2460,1000,4.64989,271,3.25266,0,0,4791,18507860903
46.9749,21.288,3.84615,0,99,48,66,2460,1000,4.64989,271,3.25266,0,0,4791,18611932079
46.9975,21.2777,3.43558,0,99,48,66,2462,1000,4.64989,271,3.25163,0,0,4791,18716001582
46.55,21.4823,3.43558,0,99,48,66,2462,1000,4.64989,271,3.25163,0,0,4791,18820100630
46.9254,21.3104,3.43558,0,99,48,66,2462,1000,4.64989,271,3.25163,0,0,4791,18924170233
47.275,21.1528,3.43558,0,99,48,66,2462,1000,4.64989,271,3.25163,0,0,4791,19028252579
47.4301,21.0837,3.43558,0,99,48,66,2462,1000,4.64989,271,3.25163,0,0,4791,19132322553
47.4306,21.0834,3.32922,0,99,48,66,2462,1000,4.64989,271,3.25139,0,0,4790,19236392566
48.5303,20.6057,3.32922,0,99,48,66,2462,1000,4.64989,271,3.25139,0,0,4790,19340461799
47.6809,20.9728,3.32922,0,99,48,66,2462,1000,4.64989,271,3.25139,0,0,4790,19444533445
47.2221,21.1765,3.32922,0,99,48,66,2462,1000,4.64989,271,3.25139,0,0,4790,19548607306
46.2424,21.6252,3.69458,0,99,48,66,2467,1000,4.64989,271,3.25091,0,0,4766,19652677500
47.5668,21.0231,3.69458,0,99,48,66,2467,1000,4.64989,271,3.25091,0,0,4766,19756745099
47.28,21.1506,3.69458,0,99,48,66,2467,1000,4.64989,271,3.25091,0,0,4766,19860798752
46.6686,21.4277,3.69458,0,99,48,66,2467,1000,4.64989,271,3.25091,0,0,4766,19964880968
47.3433,21.1223,3.69458,0,99,48,66,2467,1000,4.64989,271,3.25091,0,0,4766,20068976299
48.4804,20.6269,3.58025,0,99,48,66,2463,1000,4.64989,271,3.25091,0,0,4790,20173058846
47.8261,20.9091,3.58025,0,99,48,66,2463,1000,4.64989,271,3.25091,0,0,4790,20277141454
47.6609,20.9816,3.58025,0,99,48,66,2463,1000,4.64989,271,3.25091,0,0,4790,20381210966
46.8917,21.3257,3.58025,0,99,48,66,2463,1000,4.64989,271,3.25091,0,0,4790,20485280890
47.791,20.9244,3.58025,0,99,48,66,2463,1000,4.64989,271,3.25091,0,0,4790,20589351444
45.1496,22.1486,3.32922,0,99,48,66,2454,1000,4.64989,271,3.25015,0,0,4766,20693421989
47.1822,21.1944,3.32922,0,99,48,66,2454,1000,4.64989,271,3.25015,0,0,4766,20797496401
47.0038,21.2749,3.32922,0,99,48,66,2454,1000,4.64989,271,3.25015,0,0,4766,20901569420
48.0171,20.8259,3.32922,0,99,48,66,2454,1000,4.64989,271,3.25015,0,0,4766,21005640275
46.0833,21.6998,3.32922,0,99,48,66,2454,1000,4.64989,271,3.25015,0,0,4766,21109708124
46.8828,21.3298,3.82244,0,99,48,66,2452,1000,4.64989,271,3.24207,0,0,4790,21213796012
47.8033,20.9191,3.82244,0,99,48,66,2452,1000,4.64989,271,3.24207,0,0,4790,21317878549
48.9025,20.4489,3.82244,0,99,48,66,2452,1000,4.64989,271,3.24207,0,0,4790,21421963079
48.3149,20.6976,3.82244,0,99,48,66,2452,1000,4.64989,271,3.24207,0,0,4790,21526032712
46.734,21.3977,3.82244,0,99,48,66,2452,1000,4.64989,271,3.24207,0,0,4790,21630103938
47.0049,21.2744,3.55828,0,99,48,66,2446,1000,4.64989,271,3.24247,0,0,4765,21734176907
47.6564,20.9835,3.55828,0,99,48,66,2446,1000,4.64989,271,3.24247,0,0,4765,21838247432
46.6446,21.4387,3.55828,0,99,48,66,2446,1000,4.64989,271,3.24247,0,0,4765,21942316564
46.6978,21.4143,3.55828,0,99,48,66,2446,1000,4.64989,271,3.24247,0,0,4765,22046386407
47.2338,21.1713,3.55828,0,99,48,66,2446,1000,4.64989,271,3.24247,0,0,4765,22150455499
46.0311,21.7244,3.78973,0,99,48,66,2446,1000,4.64989,271,3.24247,0,0,4766,22254525072
46.9459,21.3011,3.78973,0,99,48,66,2446,1000,4.64989,271,3.24247,0,0,4766,22358590787
47.3224,21.1316,3.78973,0,99,48,66,2446,1000,4.64989,271,3.24247,0,0,4766,22462657765
46.4098,21.5472,3.78973,0,99,48,66,2446,1000,4.64989,271,3.24247,0,0,4766,22566725013
46.5911,21.4633,3.78973,0,99,48,66,2446,1000,4.64989,271,3.24247,0,0,4766,22670794336
47.4066,21.0941,3.43137,0,99,48,66,2443,1000,4.64989,271,3.24125,0,0,4787,22774862636
45.804,21.8321,3.43137,0,99,48,66,2443,1000,4.64989,271,3.24125,0,0,4787,22878933201
45.5007,21.9777,3.43137,0,99,48,66,2443,1000,4.64989,271,3.24125,0,0,4787,22983001932
46.8281,21.3547,3.43137,0,99,48,66,2443,1000,4.64989,271,3.24125,0,0,4787,23087067768
47.4333,21.0823,3.43137,0,99,48,66,2443,1000,4.64989,271,3.24125,0,0,4787,23191144734
45.9287,21.7729,3.66748,0,99,48,66,2443,1000,4.64989,271,3.2389,0,0,4789,23295212243
47.089,21.2364,3.66748,0,99,48,66,2443,1000,4.64989,271,3.2389,0,0,4789,23399277197
46.2567,21.6185,3.66748,0,99,48,66,2443,1000,4.64989,271,3.2389,0,0,4789,23503356538
47.0999,21.2315,3.66748,0,99,48,66,2443,1000,4.64989,271,3.2389,0,0,4789,23607426091
47.0539,21.2522,3.66748,0,99,48,66,2443,1000,4.64989,271,3.2389,0,0,4789,23711496044
46.8611,21.3396,3.64963,0,99,48,67,2450,1000,4.64989,271,3.2389,0,0,4770,23815577329
46.8028,21.3662,3.64963,0,99,48,67,2450,1000,4.64989,271,3.2389,0,0,4770,23919650058
46.4675,21.5204,3.64963,0,99,48,67,2450,1000,4.64989,271,3.2389,0,0,4770,24023736622
47.0036,21.275,3.64963,0,99,48,67,2450,1000,4.64989,271,3.2389,0,0,4770,24127807377
46.4849,21.5124,3.64963,0,99,48,67,2450,1000,4.64989,271,3.2389,0,0,4770,24231876249
47.0473,21.2552,3.54523,0,99,48,67,2455,1000,4.64989,271,3.2389,0,0,4791,24335971640
47.5914,21.0122,3.54523,0,99,48,67,2455,1000,4.64989,271,3.2389,0,0,4791,24440041924
46.7367,21.3964,3.54523,0,99,48,67,2455,1000,4.64989,271,3.2389,0,0,4791,24544112398
47.2512,21.1635,3.54523,0,99,48,67,2455,1000,4.64989,271,3.2389,0,0,4791,24648182652
47.1084,21.2276,3.54523,0,99,48,67,2455,1000,4.64989,271,3.2389,0,0,4791,24752263637
47.1998,21.1866,3.54523,0,99,48,67,2460,1000,4.64989,271,3.23936,0,0,4790,24856333380
46.0531,21.7141,3.54523,0,99,48,67,2460,1000,4.64989,271,3.23936,0,0,4790,24960416889
46.9239,21.3111,3.54523,0,99,48,67,2460,1000,4.64989,271,3.23936,0,0,4790,25064509234
46.4949,21.5078,3.54523,0,99,48,67,2460,1000,4.64989,271,3.23936,0,0,4790,25168579318
46.8098,21.3631,4.02439,0,99,48,67,2458,1000,4.64989,271,3.23936,0,0,4738,25272651215
47.2277,21.174,4.02439,0,99,48,67,2458,1000,4.64989,271,3.23936,0,0,4738,25376720838
46.369,21.5661,4.02439,0,99,48,67,2458,1000,4.64989,271,3.23936,0,0,4738,25480802794
46.8261,21.3556,4.02439,0,99,48,67,2458,1000,4.64989,271,3.23936,0,0,4738,25584874641
48.2175,20.7394,4.02439,0,99,48,67,2458,1000,4.64989,271,3.23936,0,0,4738,25688943793
47.4051,21.0948,4.29448,0,99,48,67,2453,1000,4.64989,271,3.23425,0,0,4766,25793020709
45.9712,21.7527,4.29448,0,99,48,67,2453,1000,4.64989,271,3.23425,0,0,4766,25897090653
47.2157,21.1794,4.29448,0,99,48,67,2453,1000,4.64989,271,3.23425,0,0,4766,26001160065
46.4749,21.517,4.29448,0,99,48,67,2453,1000,4.64989,271,3.23425,0,0,4766,26105229417
47.8274,20.9085,4.29448,0,99,48,67,2453,1000,4.64989,271,3.23425,0,0,4766,26209301966
46.7629,21.3845,3.69004,0,99,49,67,2437,1000,4.64989,271,3.23425,0,0,4792,26313372480
47.341,21.1233,3.69004,0,99,49,67,2437,1000,4.64989,271,3.23425,0,0,4792,26417454056
47.4868,21.0585,3.69004,0,99,49,67,2437,1000,4.64989,271,3.23425,0,0,4792,26521526113
47.3375,21.1249,3.69004,0,99,49,67,2437,1000,4.64989,271,3.23425,0,0,4792,26625596367
47.5563,21.0277,3.69004,0,99,49,67,2437,1000,4.64989,271,3.23425,0,0,4792,26729666901
46.35,21.575,3.80368,0,99,49,67,2432,1000,4.64989,271,3.23432,0,0,4791,26833736454
46.477,21.516,3.80368,0,99,49,67,2432,1000,4.64989,271,3.23432,0,0,4791,26937823520
45.8288,21.8203,3.80368,0,99,49,67,2432,1000,4.64989,271,3.23432,0,0,4791,27041894215
47.3738,21.1087,3.80368,0,99,49,67,2432,1000,4.64989,271,3.23432,0,0,4791,27145966943
46.9593,21.2951,3.80368,0,99,49,67,2432,1000,4.64989,271,3.23432,0,0,4791,27250038420
47.3748,21.1083,3.34158,0,99,49,67,2427,1000,4.64989,271,3.23432,0,0,4765,27354108814
47.8369,20.9044,3.34158,0,99,49,67,2427,1000,4.64989,271,3.23432,0,0,4765,27458180511
46.6114,21.454,3.34158,0,99,49,67,2427,1000,4.64989,271,3.23432,0,0,4765,27562206251
47.1264,21.2195,3.34158,0,99,49,67,2427,1000,4.64989,271,3.23432,0,0,4765,27666277497
46.8696,21.3358,3.34158,0,99,49,67,2427,1000,4.64989,271,3.23432,0,0,4765,27770346859
46.002,21.7382,3.54523,0,99,49,67,2427,1000,4.64989,271,3.23424,0,0,4791,27874416693
47.7778,20.9302,3.54523,0,99,49,67,2427,1000,4.64989,271,3.23424,0,0,4791,27978489842
46.4375,21.5343,3.54523,0,99,49,67,2427,1000,4.64989,271,3.23424,0,0,4791,28082561739
45.3546,22.0485,3.54523,0,99,49,67,2427,1000,4.64989,271,3.23424,0,0,4791,28186631763
45.6303,21.9153,3.54523,0,99,49,67,2427,1000,4.64989,271,3.23424,0,0,4791,28290703600
46.3481,21.5759,3.16687,0,99,48,67,2436,1000,4.64989,271,3.23421,0,0,4802,28394774255
46.7651,21.3835,3.16687,0,99,48,67,2436,1000,4.64989,271,3.23421,0,0,4802,28498798653
46.2854,21.6051,3.16687,0,99,48,67,2436,1000,4.64989,271,3.23421,0,0,4802,28602869247
46.7193,21.4044,3.16687,0,99,48,67,2436,1000,4.64989,271,3.23421,0,0,4802,28706938379
46.0439,21.7184,3.16687,0,99,48,67,2436,1000,4.64989,271,3.23421,0,0,4802,28811008433
45.7813,21.843,3.76214,0,99,49,67,2451,1000,4.64989,271,3.23421,0,0,4775,28915077915
45.811,21.8288,3.76214,0,99,49,67,2451,1000,4.64989,271,3.23421,0,0,4775,29019148079
47.0732,21.2435,3.76214,0,99,49,67,2451,1000,4.64989,271,3.23421,0,0,4775,29123218614
47.0938,21.2342,3.76214,0,99,49,67,2451,1000,4.64989,271,3.23421,0,0,4775,29227288167
47.0811,21.2399,3.76214,0,99,49,67,2451,1000,4.64989,271,3.23421,0,0,4775,29331355535
47.2062,21.1837,3.65408,0,99,49,67,2458,1000,4.64989,271,3.23421,0,0,4740,29435424126
47.027,21.2644,3.65408,0,99,49,67,2458,1000,4.64989,271,3.23421,0,0,4740,29539493729
50.6477,19.7442,3.65408,0,99,49,67,2458,1000,4.64989,271,3.23421,0,0,4740,29643565466
46.5605,21.4774,3.65408,0,99,49,67,2458,1000,4.64989,271,3.23421,0,0,4740,29747639136
46.8708,21.3352,3.65408,0,99,49,67,2458,1000,4.64989,271,3.23421,0,0,4740,29851710202
46.1093,21.6876,3.28467,0,99,49,67,2441,1000,4.64989,271,3.23516,0,0,4766,29955780095
47.6825,20.9721,3.28467,0,99,49,67,2441,1000,4.64989,271,3.23516,0,0,4766,30059867231
48.0953,20.792,3.28467,0,99,49,67,2441,1000,4.64989,271,3.23516,0,0,4766,30163937505
47.4213,21.0876,3.28467,0,99,49,67,2441,1000,4.64989,271,3.23516,0,0,4766,30268008350
46.8023,21.3665,3.28467,0,99,49,67,2441,1000,4.64989,271,3.23516,0,0,4766,30372077241
46.8456,21.3467,3.76214,0,99,49,68,2426,1000,4.64989,271,3.23516,0,0,4767,30476148768
44.6828,22.38,3.76214,0,99,49,68,2426,1000,4.64989,271,3.23516,0,0,4767,30580218992
50.6975,19.7249,3.76214,0,99,49,68,2426,1000,4.64989,271,3.23516,0,0,4767,30684295888
50.7619,19.6998,3.76214,0,99,49,68,2426,1000,4.64989,271,3.23516,0,0,4767,30788366743
43.0948,23.2046,3.73134,0,99,49,68,2468,1000,4.64989,271,3.23194,0,0,4799,30892437609
44.7663,22.3382,3.73134,0,99,49,68,2468,1000,4.64989,271,3.23194,0,0,4799,30996506069
43.5712,22.951,3.73134,0,99,49,68,2468,1000,4.64989,271,3.23194,0,0,4799,31100575712
43.3663,23.0594,3.73134,0,99,49,68,2468,1000,4.64989,271,3.23194,0,0,4799,31204645585
43.8608,22.7994,3.73134,0,99,49,68,2468,1000,4.64989,271,3.23194,0,0,4799,31308713144
43.7725,22.8454,3.86534,0,99,48,68,2434,1000,4.64989,271,3.23151,0,0,4786,31412782577
44.1462,22.652,3.86534,0,99,48,68,2434,1000,4.64989,271,3.23151,0,0,4786,31516861587
44.1608,22.6445,3.86534,0,99,48,68,2434,1000,4.64989,271,3.23151,0,0,4786,31620931841
44.0506,22.7012,3.86534,0,99,48,68,2434,1000,4.64989,271,3.23151,0,0,4786,31725000823
42.6303,23.4575,3.86534,0,99,48,68,2434,1000,4.64989,271,3.23151,0,0,4786,31829072790
42.8885,23.3163,3.4398,0,99,48,68,2434,1000,4.64989,271,3.23148,0,0,4791,31933143485
43.1252,23.1883,3.4398,0,99,48,68,2434,1000,4.64989,271,3.23148,0,0,4791,32037226393
43.4453,23.0175,3.4398,0,99,48,68,2434,1000,4.64989,271,3.23148,0,0,4791,32141297759
43.6218,22.9243,3.4398,0,99,48,68,2434,1000,4.64989,271,3.23148,0,0,4791,32245383382
42.949,23.2834,3.4398,0,99,48,68,2434,1000,4.64989,271,3.23148,0,0,4791,32349455359
44.2735,22.5869,3.45253,0,99,48,68,2444,1000,4.64989,271,3.23148,0,0,4791,32453524822
43.4784,22.9999,3.45253,0,99,48,68,2444,1000,4.64989,271,3.23148,0,0,4791,32557604443
43.8583,22.8007,3.45253,0,99,48,68,2444,1000,4.64989,271,3.23148,0,0,4791,32661674397
43.8206,22.8203,3.45253,0,99,48,68,2444,1000,4.64989,271,3.23148,0,0,4791,32765753427
45.0384,22.2033,3.45253,0,99,48,68,2444,1000,4.64989,271,3.23148,0,0,4791,32869834702
45.4922,21.9818,3.37349,0,99,48,68,2460,1000,4.64989,271,3.23148,0,0,4799,32973917580
44.422,22.5114,3.37349,0,99,48,68,2460,1000,4.64989,271,3.23148,0,0,4799,33077989046
44.3229,22.5617,3.37349,0,99,48,68,2460,1000,4.64989,271,3.23148,0,0,4799,33182061714
44.5871,22.428,3.37349,0,99,48,68,2460,1000,4.64989,271,3.23148,0,0,4799,33286131357
45.7272,21.8688,3.37349,0,99,48,68,2460,1000,4.64989,271,3.23148,0,0,4799,33390200339
46.2578,21.618,3.08261,0,99,48,68,2434,1000,4.64989,271,3.23148,0,0,4691,33494270343
46.7233,21.4026,3.08261,0,99,48,68,2434,1000,4.64989,271,3.23148,0,0,4691,33598339625
46.7294,21.3998,3.08261,0,99,48,68,2434,1000,4.64989,271,3.23148,0,0,4691,33702408787
45.726,21.8694,3.08261,0,99,48,68,2434,1000,4.64989,271,3.23148,0,0,4691,33806478540
45.2727,22.0883,3.08261,0,99,48,68,2434,1000,4.64989,271,3.23148,0,0,4691,33910548002
45.789,21.8393,3.60577,0,99,48,68,2429,1000,4.64989,271,3.23148,0,0,4741,34014617535
46.5772,21.4697,3.60577,0,99,48,68,2429,1000,4.64989,271,3.23148,0,0,4741,34118686697
47.6862,20.9704,3.60577,0,99,48,68,2429,1000,4.64989,271,3.23148,0,0,4741,34222756059
45.6913,21.886,3.60577,0,99,48,68,2429,1000,4.64989,271,3.23148,0,0,4741,34326793883
46.4217,21.5416,3.60577,0,99,48,68,2429,1000,4.64989,271,3.23148,0,0,4741,34430861792
46.4058,21.549,3.13676,0,99,48,68,2456,1000,4.64989,271,3.23148,0,0,4796,34534928980
45.0744,22.1855,3.13676,0,99,48,68,2456,1000,4.64989,271,3.23148,0,0,4796,34638998673
47.0468,21.2555,3.13676,0,99,48,68,2456,1000,4.64989,271,3.23148,0,0,4796,34743067254
45.1302,22.1581,3.13676,0,99,48,68,2456,1000,4.64989,271,3.23148,0,0,4796,34847136987
45.7971,21.8354,3.13676,0,99,48,68,2456,1000,4.64989,271,3.23148,0,0,4796,34951203895
46.8834,21.3295,3.5,0,99,48,68,2438,1000,4.64989,271,3.23148,0,0,4791,35055283096
45.5917,21.9338,3.5,0,99,48,68,2438,1000,4.64989,271,3.23148,0,0,4791,35159352428
45.7588,21.8537,3.5,0,99,48,68,2438,1000,4.64989,271,3.23148,0,0,4791,35263422392
45.0813,22.1822,3.5,0,99,48,68,2438,1000,4.64989,271,3.23148,0,0,4791,35367491614
46.2032,21.6435,3.36658,0,99,48,68,2447,1000,4.64989,271,3.23148,0,0,4792,35471567849
45.4724,21.9913,3.36658,0,99,48,68,2447,1000,4.64989,271,3.23148,0,0,4792,35575635919
45.4602,21.9973,3.36658,0,99,48,68,2447,1000,4.64989,271,3.23148,0,0,4792,35679705412
46.7462,21.3921,3.36658,0,99,48,68,2447,1000,4.64989,271,3.23148,0,0,4792,35783783120
45.0344,22.2052,3.36658,0,99,48,68,2447,1000,4.64989,271,3.23148,0,0,4792,35887852031
45.2727,22.0884,4.09938,0,99,48,68,2447,1000,4.64989,271,3.2337,0,0,4769,35991920402
44.9129,22.2653,4.09938,0,99,48,68,2447,1000,4.64989,271,3.2337,0,0,4769,36095988662
45.8424,21.8139,4.09938,0,99,48,68,2447,1000,4.64989,271,3.2337,0,0,4769,36200057964
44.5779,22.4326,4.09938,0,99,48,68,2447,1000,4.64989,271,3.2337,0,0,4769,36304128509
45.4143,22.0195,4.09938,0,99,48,68,2447,1000,4.64989,271,3.2337,0,0,4769,36408197280
46.1003,21.6918,3.10174,0,99,48,68,2436,1000,4.64989,271,3.23393,0,0,4774,36512265079
44.8906,22.2764,3.10174,0,99,48,68,2436,1000,4.64989,271,3.23393,0,0,4774,36616337197
46.1546,21.6663,3.10174,0,99,48,68,2436,1000,4.64989,271,3.23393,0,0,4774,36720406780
45.174,22.1366,3.10174,0,99,48,68,2436,1000,4.64989,271,3.23393,0,0,4774,36824474980
46.1782,21.6552,3.10174,0,99,48,68,2436,1000,4.64989,271,3.23393,0,0,4774,36928543601
45.8043,21.832,3.47826,0,99,48,68,2430,1000,4.65184,271,3.23393,0,0,4790,37032630446
46.9002,21.3219,3.47826,0,99,48,68,2430,1000,4.65184,271,3.23393,0,0,4790,37136702744
45.7538,21.8561,3.47826,0,99,48,68,2430,1000,4.65184,271,3.23393,0,0,4790,37240784079
45.0578,22.1937,3.47826,0,99,48,68,2430,1000,4.65184,271,3.23393,0,0,4790,37344851557
45.4175,22.0179,3.47826,0,99,48,68,2430,1000,4.65184,271,3.23393,0,0,4790,37448919667
45.387,22.0327,3.22981,0,99,48,68,2455,1000,4.64989,271,3.23364,0,0,4790,37552988699
45.9443,21.7655,3.22981,0,99,48,68,2455,1000,4.64989,271,3.23364,0,0,4790,37657056969
45.2449,22.102,3.22981,0,99,48,68,2455,1000,4.64989,271,3.23364,0,0,4790,37761127865
46.6117,21.4539,3.22981,0,99,48,68,2455,1000,4.64989,271,3.23364,0,0,4790,37865196666
46.2998,21.5984,3.22981,0,99,48,68,2455,1000,4.64989,271,3.23364,0,0,4790,37969265036
46.6128,21.4533,3.23383,0,99,48,69,2451,1000,4.64989,271,3.23364,0,0,4788,38073333447
46.8148,21.3608,3.23383,0,99,48,69,2451,1000,4.64989,271,3.23364,0,0,4788,38177403952
45.3885,22.032,3.23383,0,99,48,69,2451,1000,4.64989,271,3.23364,0,0,4788,38281475097
46.3728,21.5644,3.23383,0,99,48,69,2451,1000,4.64989,271,3.23364,0,0,4788,38385562383
45.7394,21.863,3.48259,0,99,48,69,2430,1000,4.64989,271,3.23364,0,0,4791,38489644349
45.7319,21.8666,3.48259,0,99,48,69,2430,1000,4.64989,271,3.23364,0,0,4791,38593725073
45.422,22.0158,3.48259,0,99,48,69,2430,1000,4.64989,271,3.23364,0,0,4791,38697765000
47.0147,21.2699,3.48259,0,99,48,69,2430,1000,4.64989,271,3.23364,0,0,4791,38802178798
45.8865,21.7929,3.48259,0,99,48,69,2430,1000,4.64989,271,3.23364,0,0,4791,38906247209
45.8621,21.8045,3.00842,0,99,48,68,2454,1000,4.64989,271,3.23364,0,0,4794,39010329756
47.0304,21.2629,3.00842,0,99,48,68,2454,1000,4.64989,271,3.23364,0,0,4794,39114412193
47.6952,20.9665,3.00842,0,99,48,68,2454,1000,4.64989,271,3.23364,0,0,4794,39218495281
46.0059,21.7364,3.00842,0,99,48,68,2454,1000,4.64989,271,3.23364,0,0,4794,39322578640
45.529,21.964,3.00842,0,99,48,68,2454,1000,4.64989,271,3.23364,0,0,4794,39426651619
45.9987,21.7398,3.73599,0,99,48,69,2433,1000,4.64989,271,3.23168,0,0,4791,39530721071
44.947,22.2484,3.73599,0,99,48,69,2433,1000,4.64989,271,3.23168,0,0,4791,39634758894
45.896,21.7884,3.73599,0,99,48,69,2433,1000,4.64989,271,3.23168,0,0,4791,39738828537
46.6189,21.4505,3.73599,0,99,48,69,2433,1000,4.64989,271,3.23168,0,0,4791,39842912277
45.3262,22.0623,3.73599,0,99,48,69,2433,1000,4.64989,271,3.23168,0,0,4791,39947000514
45.1321,22.1572,3.98506,0,99,48,69,2455,1000,4.64989,271,3.23493,0,0,4791,40051093691
46.5167,21.4977,3.98506,0,99,48,69,2455,1000,4.64989,271,3.23493,0,0,4791,40155173403
44.849,22.297,3.98506,0,99,48,69,2455,1000,4.64989,271,3.23493,0,0,4791,40259243667
46.2556,21.619,3.98506,0,99,48,69,2455,1000,4.64989,271,3.23493,0,0,4791,40363314222
44.5003,22.4718,3.98506,0,99,48,69,2455,1000,4.64989,271,3.23493,0,0,4791,40467384085
44.343,22.5515,3.83663,0,99,48,69,2452,1000,4.64989,271,3.23528,0,0,4751,40571465280
45.3433,22.054,3.83663,0,99,48,69,2452,1000,4.64989,271,3.23528,0,0,4751,40675536425
42.9899,23.2613,3.83663,0,99,48,69,2452,1000,4.64989,271,3.23528,0,0,4751,40779618321
45.0574,22.1939,3.83663,0,99,48,69,2452,1000,4.64989,271,3.23528,0,0,4751,40883700848
45.4693,21.9929,3.83663,0,99,48,69,2452,1000,4.64989,271,3.23528,0,0,4751,40987772144
44.2673,22.59,3.91677,0,99,49,69,2457,1000,4.64989,271,3.23576,0,0,4764,41091842158
44.9808,22.2317,3.91677,0,99,49,69,2457,1000,4.64989,271,3.23576,0,0,4764,41195912522
44.1079,22.6717,3.91677,0,99,49,69,2457,1000,4.64989,271,3.23576,0,0,4764,41299995590
43.6817,22.8929,3.91677,0,99,49,69,2457,1000,4.64989,271,3.23576,0,0,4764,41404077746
44.3014,22.5727,3.91677,0,99,49,69,2457,1000,4.64989,271,3.23576,0,0,4764,41508147850
44.1559,22.647,3.50665,0,99,49,69,2444,1000,4.64989,271,3.23576,0,0,4787,41612230828
45.4818,21.9868,3.50665,0,99,49,69,2444,1000,4.64989,271,3.23576,0,0,4787,41716301062
45.3465,22.0524,3.50665,0,99,49,69,2444,1000,4.64989,271,3.23576,0,0,4787,41820372959
44.2227,22.6128,3.50665,0,99,49,69,2444,1000,4.64989,271,3.23576,0,0,4787,41924440047
44.5536,22.4449,3.50665,0,99,49,69,2444,1000,4.64989,271,3.23576,0,0,4787,42028522234
44.9182,22.2627,3.64078,0,99,49,69,2435,1000,4.64989,271,3.23576,0,0,4785,42132591556
44.1741,22.6377,3.64078,0,99,49,69,2435,1000,4.64989,271,3.23576,0,0,4785,42236661650
44.1499,22.6501,3.64078,0,99,49,69,2435,1000,4.64989,271,3.23576,0,0,4785,42340731052
44.8546,22.2943,3.64078,0,99,49,69,2435,1000,4.64989,271,3.23576,0,0,4785,42444816875
43.5388,22.968,3.64078,0,99,49,69,2435,1000,4.64989,271,3.23576,0,0,4785,42548892409
43.5746,22.9491,3.8835,0,99,49,69,2441,1000,4.64989,271,3.23552,0,0,4790,42652961902
44.6615,22.3906,3.8835,0,99,49,69,2441,1000,4.64989,271,3.23552,0,0,4790,42757031254
44.9661,22.239,3.8835,0,99,49,69,2441,1000,4.64989,271,3.23552,0,0,4790,42861100476
44.2091,22.6198,3.8835,0,99,49,69,2441,1000,4.64989,271,3.23552,0,0,4790,42965168606
44.5978,22.4226,3.8835,0,99,49,69,2441,1000,4.64989,271,3.23552,0,0,4790,43069239552
44.3174,22.5645,3.55392,0,99,49,69,2441,1000,4.64989,271,3.23552,0,0,4782,43173308163
45.7048,21.8796,3.55392,0,99,49,69,2441,1000,4.64989,271,3.23552,0,0,4782,43277378867
45.5809,21.939,3.55392,0,99,49,69,2441,1000,4.64989,271,3.23552,0,0,4782,43381448901
44.7547,22.344,3.55392,0,99,49,69,2441,1000,4.64989,271,3.23552,0,0,4782,43485518534
45.4239,22.0148,3.9604,0,99,49,69,2437,1000,4.64989,271,3.23531,0,0,4769,43589585852
45.748,21.8589,3.9604,0,99,49,69,2437,1000,4.64989,271,3.23531,0,0,4769,43693652219
45.584,21.9375,3.9604,0,99,49,69,2437,1000,4.64989,271,3.23531,0,0,4769,43797723225
45.8371,21.8164,3.9604,0,99,49,69,2437,1000,4.64989,271,3.23531,0,0,4769,43901809709
45.4255,22.0141,3.9604,0,99,49,69,2437,1000,4.64989,271,3.23531,0,0,4769,44005879081
46.8818,21.3302,3.50242,0,99,49,69,2426,1000,4.65184,271,3.23531,0,0,4741,44109949295
46.664,21.4298,3.50242,0,99,49,69,2426,1000,4.65184,271,3.23531,0,0,4741,44214017506
46.5026,21.5042,3.50242,0,99,49,69,2426,1000,4.65184,271,3.23531,0,0,4741,44318084043
47.2502,21.1639,3.50242,0,99,49,69,2426,1000,4.65184,271,3.23531,0,0,4741,44422154036
47.1677,21.201,3.50242,0,99,49,69,2426,1000,4.65184,271,3.23531,0,0,4741,44526239819
47.481,21.0611,4.14634,0,99,49,69,2444,1000,4.64989,271,3.23476,0,0,4797,44630312859
48.878,20.4591,4.14634,0,99,49,69,2444,1000,4.64989,271,3.23476,0,0,4797,44734383764
47.8866,20.8827,4.14634,0,99,49,69,2444,1000,4.64989,271,3.23476,0,0,4797,44838452986
46.9354,21.3059,4.14634,0,99,49,69,2444,1000,4.64989,271,3.23476,0,0,4797,44942522799
46.6114,21.454,4.14634,0,99,49,69,2444,1000,4.64989,271,3.23476,0,0,4797,45046600457
47.3212,21.1322,4.44994,0,99,49,69,2435,1000,4.64989,271,3.23476,0,0,4742,45150670060
46.5299,21.4915,4.44994,0,99,49,69,2435,1000,4.64989,271,3.23476,0,0,4742,45254739152
47.1884,21.1917,4.44994,0,99,49,69,2435,1000,4.64989,271,3.23476,0,0,4742,45358808314
48.4869,20.6241,4.44994,0,99,49,69,2435,1000,4.64989,271,3.23476,0,0,4742,45462877566
47.4399,21.0793,4.44994,0,99,49,69,2435,1000,4.64989,271,3.23476,0,0,4742,45566946387
49.0481,20.3881,4.08654,0,99,49,69,2431,1000,4.64989,271,3.23476,0,0,4789,45671016761
51.0311,19.5959,4.08654,0,99,49,69,2431,1000,4.64989,271,3.23476,0,0,4789,45775086855
48.311,20.6992,4.08654,0,99,49,69,2431,1000,4.64989,271,3.23476,0,0,4789,45879157720
49.7317,20.1079,4.08654,0,99,49,69,2431,1000,4.64989,271,3.23476,0,0,4789,45983227924
49.2995,20.2842,4.08654,0,99,49,69,2431,1000,4.64989,271,3.23476,0,0,4789,46087299030
48.9505,20.4288,4.65686,0,99,49,69,2424,1000,4.64989,271,3.23465,0,0,4715,46191366919
49.5131,20.1967,4.65686,0,99,49,69,2424,1000,4.64989,271,3.23465,0,0,4715,46295434749
48.938,20.434,4.65686,0,99,49,69,2424,1000,4.64989,271,3.23465,0,0,4715,46399502789
50.7769,19.694,4.65686,0,99,49,69,2424,1000,4.64989,271,3.23465,0,0,4715,46503572271
49.2231,20.3157,4.65686,0,99,49,69,2424,1000,4.64989,271,3.23465,0,0,4715,46607642816
48.8107,20.4873,4.28922,0,99,49,69,2422,1000,4.64989,271,3.23373,0,0,4789,46711712830
48.0458,20.8135,4.28922,0,99,49,69,2422,1000,4.64989,271,3.23373,0,0,4789,46815783695
48.64,20.5592,4.28922,0,99,49,69,2422,1000,4.64989,271,3.23373,0,0,4789,46919853738
49.6075,20.1582,4.28922,0,99,49,69,2422,1000,4.64989,271,3.23373,0,0,4789,47023922319
50.2558,19.8982,4.28922,0,99,49,69,2422,1000,4.64989,271,3.23373,0,0,4789,47127992683
48.4664,20.6329,3.83189,0,99,49,69,2432,1000,4.65184,271,3.23373,0,0,4769,47232061725
52.6845,18.9809,3.83189,0,99,49,69,2432,1000,4.65184,271,3.23373,0,0,4769,47336132009
47.887,20.8825,3.83189,0,99,49,69,2432,1000,4.65184,271,3.23373,0,0,4769,47440201802
49.5658,20.1752,3.83189,0,99,49,69,2432,1000,4.65184,271,3.23373,0,0,4769,47544270283
50.1992,19.9206,3.83189,0,99,49,69,2432,1000,4.65184,271,3.23373,0,0,4769,47648339866
49.5236,20.1924,3.02267,0,99,49,69,2444,1000,4.68211,271,3.23372,0,0,4741,47752408838
49.8639,20.0546,3.02267,0,99,49,69,2444,1000,4.68211,271,3.23372,0,0,4741,47856479252
50.1148,19.9542,3.02267,0,99,49,69,2444,1000,4.68211,271,3.23372,0,0,4741,47960548254
50.097,19.9613,3.02267,0,99,49,69,2444,1000,4.68211,271,3.23372,0,0,4741,48064619129
51.1271,19.5591,3.02267,0,99,49,69,2444,1000,4.68211,271,3.23372,0,0,4741,48168688571
50.118,19.9529,3.63196,0,99,49,70,2424,1000,4.68211,271,3.23372,0,0,4767,48272764336
51.0221,19.5993,3.63196,0,99,49,70,2424,1000,4.68211,271,3.23372,0,0,4767,48376836904
51.2405,19.5158,3.63196,0,99,49,70,2424,1000,4.68211,271,3.23372,0,0,4767,48480906236
51.8646,19.281,3.63196,0,99,49,70,2424,1000,4.68211,271,3.23372,0,0,4767,48584975919
50.2357,19.9062,3.63196,0,99,49,70,2424,1000,4.68211,271,3.23372,0,0,4767,48689045773
51.0231,19.599,3.663,0,99,49,69,2426,1000,4.64989,271,3.23372,0,0,4713,48793114343
50.2659,19.8942,3.663,0,99,49,69,2426,1000,4.64989,271,3.23372,0,0,4713,48897182584
52.02,19.2234,3.663,0,99,49,69,2426,1000,4.64989,271,3.23372,0,0,4713,49001253379
50.1298,19.9482,3.663,0,99,49,69,2426,1000,4.64989,271,3.23372,0,0,4713,49105320747
51.2079,19.5283,3.66748,0,99,49,70,2426,1000,4.64989,271,3.23372,0,0,4790,49209390290
51.0835,19.5758,3.66748,0,99,49,70,2426,1000,4.64989,271,3.23372,0,0,4790,49313459141
50.0926,19.963,3.66748,0,99,49,70,2426,1000,4.64989,271,3.23372,0,0,4790,49417528173
51.8641,19.2812,3.66748,0,99,49,70,2426,1000,4.64989,271,3.23372,0,0,4790,49521609859
50.2945,19.8829,3.66748,0,99,49,70,2426,1000,4.64989,271,3.23372,0,0,4790,49625677458
51.0582,19.5855,3.53659,0,99,49,70,2432,1000,4.64989,271,3.23372,0,0,4739,49729697798
51.3656,19.4683,3.53659,0,99,49,70,2432,1000,4.64989,271,3.23372,0,0,4739,49833768142
51.7976,19.3059,3.53659,0,99,49,70,2432,1000,4.64989,271,3.23372,0,0,4739,49937849567
50.7801,19.6928,3.53659,0,99,49,70,2432,1000,4.64989,271,3.23372,0,0,4739,50041918920
53.2378,18.7837,3.53659,0,99,49,70,2432,1000,4.64989,271,3.23372,0,0,4739,50145986649
53.5828,18.6627,4.06905,0,99,49,70,2432,1000,4.64989,271,3.23462,0,0,4789,50250058917
51.5376,19.4033,4.06905,0,99,49,70,2432,1000,4.64989,271,3.23462,0,0,4789,50354128069
53.6958,18.6234,4.06905,0,99,49,70,2432,1000,4.64989,271,3.23462,0,0,4789,50458197571
51.8744,19.2773,4.06905,0,99,49,70,2432,1000,4.64989,271,3.23462,0,0,4789,50562266503
52.2361,19.1439,4.06905,0,99,49,70,2432,1000,4.64989,271,3.23462,0,0,4789,50666335374
54.4579,18.3628,3.89769,0,99,49,69,2429,1000,4.64989,271,3.23615,0,0,4787,50770405899
52.5861,19.0164,3.89769,0,99,49,69,2429,1000,4.64989,271,3.23615,0,0,4787,50874477064
53.9314,18.5421,3.89769,0,99,49,69,2429,1000,4.64989,271,3.23615,0,0,4787,50978561485
54.2123,18.446,3.89769,0,99,49,69,2429,1000,4.64989,271,3.23615,0,0,4787,51082632400
53.1601,18.8111,3.89769,0,99,49,69,2429,1000,4.64989,271,3.23615,0,0,4787,51186690221
52.5377,19.0339,3.58467,0,99,49,70,2424,1000,4.65184,271,3.23638,0,0,4774,51290758341
54.9648,18.1935,3.58467,0,99,49,70,2424,1000,4.65184,271,3.23638,0,0,4774,51394827122
54.8972,18.2159,3.58467,0,99,49,70,2424,1000,4.65184,271,3.23638,0,0,4774,51498895733
53.4638,18.7043,3.58467,0,99,49,70,2424,1000,4.65184,271,3.23638,0,0,4774,51602965887
54.3812,18.3887,3.58467,0,99,49,70,2424,1000,4.65184,271,3.23638,0,0,4774,51707033767
53.7962,18.5887,3.39806,0,99,49,70,2437,1000,4.64989,271,3.23613,0,0,4791,51811114731
53.8456,18.5716,3.39806,0,99,49,70,2437,1000,4.64989,271,3.23613,0,0,4791,51915183622
53.4588,18.706,3.39806,0,99,49,70,2437,1000,4.64989,271,3.23613,0,0,4791,52019254067
55.6202,17.9791,3.39806,0,99,49,70,2437,1000,4.64989,271,3.23613,0,0,4791,52123322357
54.4634,18.361,3.39806,0,99,49,70,2437,1000,4.64989,271,3.23613,0,0,4791,52227391299
54.8196,18.2417,3.28867,0,99,49,70,2433,1000,4.64989,271,3.23613,0,0,4766,52331460370
53.1704,18.8075,3.28867,0,99,49,70,2433,1000,4.64989,271,3.23613,0,0,4766,52435529502
52.933,18.8918,3.28867,0,99,49,70,2433,1000,4.64989,271,3.23613,0,0,4766,52539597552
54.4598,18.3622,3.28867,0,99,49,70,2433,1000,4.64989,271,3.23613,0,0,4766,52643668217
53.4178,18.7204,3.28867,0,99,49,70,2433,1000,4.64989,271,3.23613,0,0,4766,52747754912
52.7711,18.9498,3.72671,0,99,49,70,2428,1000,4.64989,271,3.23569,0,0,4784,52851825246
51.7928,19.3077,3.72671,0,99,49,70,2428,1000,4.64989,271,3.23569,0,0,4784,52955893787
52.895,18.9054,3.72671,0,99,49,70,2428,1000,4.64989,271,3.23569,0,0,4784,53059966075
53.7687,18.5982,3.72671,0,99,49,70,2428,1000,4.64989,271,3.23569,0,0,4784,53164038453
52.3786,19.0918,3.72671,0,99,49,70,2428,1000,4.64989,271,3.23569,0,0,4784,53268109448
51.9484,19.2499,3.18627,0,99,49,70,2440,1000,4.64989,271,3.23569,0,0,4791,53372191294
51.2257,19.5215,3.18627,0,99,49,70,2440,1000,4.64989,271,3.23569,0,0,4791,53476259654
52.5404,19.033,3.18627,0,99,49,70,2440,1000,4.64989,271,3.23569,0,0,4791,53580386675
51.2313,19.5193,3.18627,0,99,49,70,2440,1000,4.64989,271,3.23569,0,0,4791,53684457129
52.844,18.9236,3.18627,0,99,49,70,2440,1000,4.64989,271,3.23569,0,0,4791,53788529638
51.0411,19.592,3.49563,0,99,49,70,2425,1000,4.64989,271,3.23569,0,0,4790,53892599631
50.986,19.6132,3.49563,0,99,49,70,2425,1000,4.64989,271,3.23569,0,0,4790,53996668613
50.3165,19.8742,3.49563,0,99,49,70,2425,1000,4.64989,271,3.23569,0,0,4790,54100743906
58.0023,17.2407,3.49563,0,99,49,70,2425,1000,4.64989,271,3.23569,0,0,4790,54204812958
50.722,19.7153,3.55828,0,99,49,70,2432,1000,4.64958,271,3.236,0,0,4786,54308881950
50.5868,19.768,3.55828,0,99,49,70,2432,1000,4.64958,271,3.236,0,0,4786,54412955680
50.6242,19.7534,3.55828,0,99,49,70,2432,1000,4.64958,271,3.236,0,0,4786,54517025203
49.8716,20.0515,3.55828,0,99,49,70,2432,1000,4.64958,271,3.236,0,0,4786,54621094515
49.3256,20.2735,3.55828,0,99,49,70,2432,1000,4.64958,271,3.236,0,0,4786,54725163637
49.5089,20.1984,2.90909,0,99,49,70,2431,1000,4.64958,271,3.236,0,0,4791,54829233791
49.2577,20.3014,2.90909,0,99,49,70,2431,1000,4.64958,271,3.236,0,0,4791,54933321748
49.6329,20.1479,2.90909,0,99,49,70,2431,1000,4.64958,271,3.236,0,0,4791,55037392232
51.0473,19.5897,2.90909,0,99,49,70,2431,1000,4.64958,271,3.236,0,0,4791,55141460603
50.3691,19.8535,2.90909,0,99,49,70,2431,1000,4.64958,271,3.236,0,0,4791,55245528122
48.8978,20.4508,2.97767,0,99,49,70,2431,1000,4.64958,271,3.236,0,0,4781,55349596713
50.8865,19.6516,2.97767,0,99,49,70,2431,1000,4.64958,271,3.236,0,0,4781,55453669572
46.8707,21.3353,2.97767,0,99,49,70,2431,1000,4.64958,271,3.236,0,0,4781,55557738032
47.0354,21.2606,2.97767,0,99,49,70,2431,1000,4.64958,271,3.236,0,0,4781,55661807695
47.6972,20.9656,2.97767,0,99,49,70,2431,1000,4.64958,271,3.236,0,0,4781,55765878070
47.6366,20.9923,3.60248,0,99,49,70,2458,1000,4.64958,271,3.23417,0,0,4762,55869950137
47.9638,20.849,3.60248,0,99,49,70,2458,1000,4.64958,271,3.23417,0,0,4762,55974016073
48.6773,20.5435,3.60248,0,99,49,70,2458,1000,4.64958,271,3.23417,0,0,4762,56078096907
48.7484,20.5135,3.60248,0,99,49,70,2458,1000,4.64958,271,3.23417,0,0,4762,56182167702
47.938,20.8603,3.60248,0,99,49,70,2458,1000,4.64958,271,3.23417,0,0,4762,56286248816
49.9167,20.0334,2.77443,0,99,49,70,2434,1000,4.64958,271,3.23417,0,0,4790,56390317587
48.4444,20.6422,2.77443,0,99,49,70,2434,1000,4.64958,271,3.23417,0,0,4790,56494385838
48.9857,20.4141,2.77443,0,99,49,70,2434,1000,4.64958,271,3.23417,0,0,4790,56598455390
49.1015,20.366,2.77443,0,99,49,70,2434,1000,4.64958,271,3.23417,0,0,4790,56702524502
49.4821,20.2093,2.77443,0,99,49,70,2434,1000,4.64958,271,3.23417,0,0,4790,56806594175
50.1327,19.9471,3.29268,0,99,49,70,2433,1000,4.63486,271,3.2341,0,0,4757,56910664790
51.0973,19.5705,3.29268,0,99,49,70,2433,1000,4.63486,271,3.2341,0,0,4757,57014746966
50.3964,19.8427,3.29268,0,99,49,70,2433,1000,4.63486,271,3.2341,0,0,4757,57118817070
49.1042,20.3649,3.29268,0,99,49,70,2433,1000,4.63486,271,3.2341,0,0,4757,57222887144
49.0193,20.4001,3.29268,0,99,49,70,2433,1000,4.63486,271,3.2341,0,0,4757,57326956426
49.0516,20.3867,2.98507,0,99,49,70,2422,1000,4.63486,271,3.2341,0,0,4791,57431025147
49.5621,20.1767,2.98507,0,99,49,70,2422,1000,4.63486,271,3.2341,0,0,4791,57535093558
49.812,20.0755,2.98507,0,99,49,70,2422,1000,4.63486,271,3.2341,0,0,4791,57639175353
49.8668,20.0534,2.98507,0,99,49,70,2422,1000,4.63486,271,3.2341,0,0,4791,57743246359
50.3495,19.8612,2.98507,0,99,49,70,2422,1000,4.63486,271,3.2341,0,0,4791,57847315461
49.7528,20.0994,3.72208,0,99,49,70,2435,1000,4.63486,271,3.2341,0,0,4792,57951386927
49.913,20.0349,3.72208,0,99,49,70,2435,1000,4.63486,271,3.2341,0,0,4792,58055456951
50.4948,19.804,3.72208,0,99,49,70,2435,1000,4.63486,271,3.2341,0,0,4792,58159525181
50.126,19.9497,3.72208,0,99,49,70,2435,1000,4.63486,271,3.2341,0,0,4792,58263594353
50.7491,19.7048,3.72208,0,99,49,70,2435,1000,4.63486,271,3.2341,0,0,4792,58367660229
49.5346,20.1879,2.88582,0,99,49,70,2423,1000,4.63486,271,3.23508,0,0,4788,58471732607
50.135,19.9461,2.88582,0,99,49,70,2423,1000,4.63486,271,3.23508,0,0,4788,58575798232
49.9832,20.0067,2.88582,0,99,49,70,2423,1000,4.63486,271,3.23508,0,0,4788,58679865841
50.2,3.928,2.88582,0,99,49,70,2423,1000,4.63486,271,3.23508,0,0,4788,58783933691
50.315,19.8748,3.72671,0,99,49,70,2434,1000,4.63584,271,3.23484,0,0,4785,58888003704
50.0185,19.9926,3.72671,0,99,49,70,2434,1000,4.63584,271,3.23484,0,0,4785,58992073928
49.982,20.0072,3.72671,0,99,49,70,2434,1000,4.63584,271,3.23484,0,0,4785,59096142078
49.9823,20.0071,3.72671,0,99,49,70,2434,1000,4.63584,271,3.23484,0,0,4785,59200210930
50.5,4.0139,3.72671,0,99,49,70,2434,1000,4.63584,271,3.23484,0,0,4785,59304279350
51.0596,19.5849,2.91616,0,99,49,70,2429,1000,4.63584,271,3.23484,0,0,4787,59408348773
50.8438,19.6681,2.91616,0,99,49,70,2429,1000,4.63584,271,3.23484,0,0,4787,59512415981
49.8607,20.0559,2.91616,0,99,49,70,2429,1000,4.63584,271,3.23484,0,0,4787,59616483800
51.2718,19.5039,2.91616,0,99,49,70,2429,1000,4.63584,271,3.23484,0,0,4787,59720551530
27.0125,37.0199,2.91616,0,99,49,70,2429,1000,4.63584,271,3.23484,0,0,4787,59824618818
50.146,19.9418,2.91616,0,99,49,70,2410,1000,4.63584,271,3.23484,0,0,4766,59928686658
50.1234,19.9508,2.91616,0,99,49,70,2410,1000,4.63584,271,3.23484,0,0,4766,60032766910
51.5767,19.3886,2.91616,0,99,49,70,2410,1000,4.63584,271,3.23484,0,0,4766,60136837575
51.4056,19.4531,2.91616,0,99,49,70,2410,1000,4.63584,271,3.23484,0,0,4766,60240911486
47.6017,21.0077,2.91616,0,99,49,70,2410,1000,4.63584,271,3.23484,0,0,4766,60344979907
51.0994,19.5697,2.93399,0,99,49,70,2425,1000,4.64756,271,3.2323,0,0,4745,60449052695
50.0727,19.971,2.93399,0,99,49,70,2425,1000,4.64756,271,3.2323,0,0,4745,60553121316
51.9697,19.242,2.93399,0,99,49,70,2425,1000,4.64756,271,3.2323,0,0,4745,60657189797
50.8237,19.6759,2.93399,0,99,49,70,2425,1000,4.64756,271,3.2323,0,0,4745,60761258819
50.6396,19.7474,2.93399,0,99,49,70,2425,1000,4.64756,271,3.2323,0,0,4745,60865330275
51.4528,19.4353,3.30073,0,99,49,70,2425,1000,4.64756,271,3.23282,0,0,4789,60969400559
51.0634,19.5835,3.30073,0,99,49,70,2425,1000,4.64756,271,3.23282,0,0,4789,61073471585
49.4471,20.2236,3.30073,0,99,49,70,2425,1000,4.64756,271,3.23282,0,0,4789,61177540626
51.3616,19.4698,3.30073,0,99,49,70,2425,1000,4.64756,271,3.23282,0,0,4789,61281609758
50.8096,19.6813,3.30073,0,99,49,70,2425,1000,4.64756,271,3.23282,0,0,4789,61385648233
50.7093,19.7203,3.52798,0,99,49,70,2420,1000,4.64756,271,3.23306,0,0,4790,61489729047
50.5077,19.799,3.52798,0,99,49,70,2420,1000,4.64756,271,3.23306,0,0,4790,61593797287
50.0331,19.9868,3.52798,0,99,49,70,2420,1000,4.64756,271,3.23306,0,0,4790,61697868583
50.2396,19.9046,3.52798,0,99,49,70,2420,1000,4.64756,271,3.23306,0,0,4790,61801937905
51.8957,19.2694,3.52798,0,99,49,70,2420,1000,4.64756,271,3.23306,0,0,4790,61906008079
49.6227,20.1521,2.9304,0,99,49,70,2425,1000,4.64756,271,3.23306,0,0,4790,62010077892
51.2223,19.5227,2.9304,0,99,49,70,2425,1000,4.64756,271,3.23306,0,0,4790,62114146323
50.6801,19.7316,2.9304,0,99,49,70,2425,1000,4.64756,271,3.23306,0,0,4790,62218217218
50.3745,19.8513,2.9304,0,99,49,70,2425,1000,4.64756,271,3.23306,0,0,4790,62322287071
49.9244,20.0303,2.9304,0,99,49,70,2425,1000,4.64756,271,3.23306,0,0,4790,62426355863
49.9508,20.0197,2.79126,0,99,49,70,2425,1000,4.64756,271,3.23306,0,0,4790,62530426487
49.9885,20.0046,2.79126,0,99,49,70,2425,1000,4.64756,271,3.23306,0,0,4790,62634496872
49.7572,20.0976,2.79126,0,99,49,70,2425,1000,4.64756,271,3.23306,0,0,4790,62738566224
49.2911,20.2876,2.79126,0,99,49,70,2425,1000,4.64756,271,3.23306,0,0,4790,62842640826
43.3134,23.0875,2.79126,0,99,49,70,2425,1000,4.64756,271,3.23306,0,0,4790,62946710078
45.2328,22.1079,3.35404,0,99,49,70,2428,1000,4.64756,271,3.23306,0,0,4789,63050779691
45.8578,21.8065,3.35404,0,99,49,70,2428,1000,4.64756,271,3.23306,0,0,4789,63154847971
45.7982,21.8349,3.35404,0,99,49,70,2428,1000,4.64756,271,3.23306,0,0,4789,63258915611
45.8534,21.8086,3.35404,0,99,49,70,2428,1000,4.64756,271,3.23306,0,0,4789,63362983240
46.4441,21.5312,3.35404,0,99,49,70,2428,1000,4.64756,271,3.23306,0,0,4789,63467051710
45.6552,21.9033,2.62829,0,99,49,70,2441,1000,4.69451,271,3.23303,0,0,4757,63571120702
47.8431,20.9017,2.62829,0,99,49,70,2441,1000,4.69451,271,3.23303,0,0,4757,63675191146
46.7658,21.3832,2.62829,0,99,49,70,2441,1000,4.69451,271,3.23303,0,0,4757,63779261440
47.2925,21.145,2.62829,0,99,49,70,2441,1000,4.69451,271,3.23303,0,0,4757,63883329931
47.2255,21.175,2.62829,0,99,49,70,2441,1000,4.69451,271,3.23303,0,0,4757,63987401357
47.3979,21.098,2.46002,0,99,49,71,2424,1000,4.66228,271,3.23303,0,0,4771,64091472042
48.0689,20.8035,2.46002,0,99,49,71,2424,1000,4.66228,271,3.23303,0,0,4771,64195544611
47.024,21.2658,2.46002,0,99,49,71,2424,1000,4.66228,271,3.23303,0,0,4771,64299615957
47.5767,21.0187,2.46002,0,99,49,71,2424,1000,4.66228,271,3.23303,0,0,4771,64403687994
46.9993,21.2769,2.74314,0,99,49,70,2431,1000,4.66228,271,3.23303,0,0,4783,64507758979
47.8925,20.8801,2.74314,0,99,49,70,2431,1000,4.66228,271,3.23303,0,0,4783,64611829223
48.2372,20.7309,2.74314,0,99,49,70,2431,1000,4.66228,271,3.23303,0,0,4783,64715898876
48.542,20.6007,2.74314,0,99,49,70,2431,1000,4.66228,271,3.23303,0,0,4783,64819968349
49.7507,20.1002,2.74314,0,99,49,70,2431,1000,4.66228,271,3.23303,0,0,4783,64924044895
48.3995,20.6614,2.66344,0,99,49,71,2416,1000,4.64952,271,3.23303,0,0,4790,65028115870
50.4664,19.8151,2.66344,0,99,49,71,2416,1000,4.64952,271,3.23303,0,0,4790,65132190282
49.213,20.3198,2.66344,0,99,49,71,2416,1000,4.64952,271,3.23303,0,0,4790,65236259835
47.9121,20.8715,2.66344,0,99,49,71,2416,1000,4.64952,271,3.23303,0,0,4790,65340328766
48.0061,20.8307,2.66344,0,99,49,71,2416,1000,4.64952,271,3.23303,0,0,4790,65444398850
48.5128,20.6131,2.57353,0,99,49,71,2409,1000,4.65147,271,3.23281,0,0,4811,65548468393
48.7993,20.4921,2.57353,0,99,49,71,2409,1000,4.65147,271,3.23281,0,0,4811,65652537855
51.2157,19.5253,2.57353,0,99,49,71,2409,1000,4.65147,271,3.23281,0,0,4811,65756611115
48.549,20.5977,2.57353,0,99,49,71,2409,1000,4.65147,271,3.23281,0,0,4811,65860690797
48.6288,20.564,2.57353,0,99,49,71,2409,1000,4.65147,271,3.23281,0,0,4811,65964762674
49.0002,20.4081,3.51942,0,99,49,71,2413,1000,4.65342,271,3.23661,0,0,4789,66068832898
47.4547,21.0727,3.51942,0,99,49,71,2413,1000,4.65342,271,3.23661,0,0,4789,66172909624
47.0389,21.259,3.51942,0,99,49,71,2413,1000,4.65342,271,3.23661,0,0,4789,66276981681
47.6369,20.9921,3.51942,0,99,49,71,2413,1000,4.65342,271,3.23661,0,0,4789,66381054089
46.9014,21.3213,3.51942,0,99,49,71,2413,1000,4.65342,271,3.23661,0,0,4789,66485125205
48.6088,20.5724,2.71941,0,99,49,71,2413,1000,4.66814,271,3.23552,0,0,4791,66589196070
47.3544,21.1174,2.71941,0,99,49,71,2413,1000,4.66814,271,3.23552,0,0,4791,66693268809
46.7761,21.3784,2.71941,0,99,49,71,2413,1000,4.66814,271,3.23552,0,0,4791,66797342900
46.7658,21.3832,2.71941,0,99,49,71,2413,1000,4.66814,271,3.23552,0,0,4791,66901416610
47.0808,21.2401,2.71941,0,99,49,71,2413,1000,4.66814,271,3.23552,0,0,4791,67005488878
47.1916,21.1902,3.18237,0,99,49,71,2415,1000,4.67016,271,3.23543,0,0,4762,67109561877
46.8619,21.3393,3.18237,0,99,49,71,2415,1000,4.67016,271,3.23543,0,0,4762,67213632913
47.4521,21.0739,3.18237,0,99,49,71,2415,1000,4.67016,271,3.23543,0,0,4762,67317705832
46.9219,21.312,3.18237,0,99,49,71,2415,1000,4.67016,271,3.23543,0,0,4762,67421774834
46.8422,21.3483,3.18237,0,99,49,71,2415,1000,4.67016,271,3.23543,0,0,4762,67525845048
47.4582,21.0712,3.2967,0,99,49,71,2421,1000,4.6621,271,3.23537,0,0,4765,67629917676
46.7274,21.4007,3.2967,0,99,49,71,2421,1000,4.6621,271,3.23537,0,0,4765,67733990275
47.1397,21.2136,3.2967,0,99,49,71,2421,1000,4.6621,271,3.23537,0,0,4765,67838063354
47.5919,21.012,3.2967,0,99,49,71,2421,1000,4.6621,271,3.23537,0,0,4765,67942134610
46.8409,21.3488,3.2967,0,99,49,71,2421,1000,4.6621,271,3.23537,0,0,4765,68046207739
47.1024,21.2303,2.95567,0,99,49,71,2421,1000,4.6621,271,3.23537,0,0,4790,68150280398
46.8716,21.3349,2.95567,0,99,49,71,2421,1000,4.6621,271,3.23537,0,0,4790,68254353327
46.7238,21.4024,2.95567,0,99,49,71,2421,1000,4.6621,271,3.23537,0,0,4790,68358425364
47.0192,21.2679,2.95567,0,99,49,71,2421,1000,4.6621,271,3.23537,0,0,4790,68462498323
46.2782,21.6085,2.95567,0,99,49,71,2421,1000,4.6621,271,3.23537,0,0,4790,68566573406
47.4303,21.0835,3.30882,0,99,49,71,2418,1000,4.6621,271,3.2356,0,0,4791,68670647277
46.866,21.3374,3.30882,0,99,49,71,2418,1000,4.6621,271,3.2356,0,0,4791,68774719966
46.6932,21.4164,3.30882,0,99,49,71,2418,1000,4.6621,271,3.2356,0,0,4791,68878793145
47.0488,21.2545,3.30882,0,99,49,71,2418,1000,4.6621,271,3.2356,0,0,4791,68982863660
46.7207,21.4038,3.30882,0,99,49,71,2418,1000,4.6621,271,3.2356,0,0,4791,69086937721
46.6942,21.416,3.4188,0,99,49,71,2420,1000,4.6621,271,3.2356,0,0,4781,69191007865
46.8306,21.3536,3.4188,0,99,49,71,2420,1000,4.6621,271,3.2356,0,0,4781,69295080122
46.4309,21.5374,3.4188,0,99,49,71,2420,1000,4.6621,271,3.2356,0,0,4781,69399155696
46.1565,21.6654,3.4188,0,99,49,71,2420,1000,4.6621,271,3.2356,0,0,4781,69503229708
46.2501,21.6216,3.4188,0,99,49,71,2420,1000,4.6621,271,3.2356,0,0,4781,69607301044
45.2478,22.1005,3.05998,0,99,49,71,2423,1000,4.6621,271,3.2356,0,0,4781,69711374003
46.3137,21.5919,3.05998,0,99,49,71,2423,1000,4.6621,271,3.2356,0,0,4781,69815446942
45.5736,21.9425,3.05998,0,99,49,71,2423,1000,4.6621,271,3.2356,0,0,4781,69919518789
46.3701,21.5656,3.05998,0,99,49,71,2423,1000,4.6621,271,3.2356,0,0,4781,70023600174
46.3949,21.5541,3.05998,0,99,49,71,2423,1000,4.6621,271,3.2356,0,0,4781,70127690315
45.9165,21.7787,3.63196,0,99,50,71,2428,1000,4.6621,271,3.2356,0,0,4792,70231759848
45.8088,21.8298,3.63196,0,99,50,71,2428,1000,4.6621,271,3.2356,0,0,4792,70335828048
45.8858,21.7932,3.63196,0,99,50,71,2428,1000,4.6621,271,3.2356,0,0,4792,70439897140
46.2416,21.6256,3.63196,0,99,50,71,2428,1000,4.6621,271,3.2356,0,0,4792,70543965600
46.0492,21.7159,3.86052,0,99,50,71,2428,1000,4.6621,271,3.23643,0,0,4791,70648034732
46.5883,21.4646,3.86052,0,99,50,71,2428,1000,4.6621,271,3.23643,0,0,4791,70752104445
46.0016,21.7384,3.86052,0,99,50,71,2428,1000,4.6621,271,3.23643,0,0,4791,70856177545
45.8813,21.7954,3.86052,0,99,50,71,2428,1000,4.6621,271,3.23643,0,0,4791,70960248650
45.1139,22.1661,3.86052,0,99,50,71,2428,1000,4.6621,271,3.23643,0,0,4791,71064320628
45.8153,21.8268,3.87016,0,99,50,71,2425,1000,4.6621,271,3.2349,0,0,4787,71168390741
47.5324,21.0383,3.87016,0,99,50,71,2425,1000,4.6621,271,3.2349,0,0,4787,71272462739
48.7051,20.5317,3.87016,0,99,50,71,2425,1000,4.6621,271,3.2349,0,0,4787,71376533474
47.8803,20.8854,3.87016,0,99,50,71,2425,1000,4.6621,271,3.2349,0,0,4787,71480604148
47.978,20.8429,3.87016,0,99,50,71,2425,1000,4.6621,271,3.2349,0,0,4787,71584691224
47.8342,20.9056,3.9604,0,99,50,71,2414,1000,4.70239,271,3.23471,0,0,4784,71688760807
48.524,20.6084,3.9604,0,99,50,71,2414,1000,4.70239,271,3.23471,0,0,4784,71792831712
48.1248,20.7793,3.9604,0,99,50,71,2414,1000,4.70239,271,3.23471,0,0,4784,71896901365
49.2869,20.2894,3.9604,0,99,50,71,2414,1000,4.70239,271,3.23471,0,0,4784,72000972831
49.0798,20.375,3.9604,0,99,50,71,2414,1000,4.70239,271,3.23471,0,0,4784,72105051661
48.2169,20.7396,3.91198,0,99,50,71,2420,1000,4.67016,271,3.23471,0,0,4790,72209121364
48.6979,20.5348,3.91198,0,99,50,71,2420,1000,4.67016,271,3.23471,0,0,4790,72313205053
48.3355,20.6887,3.91198,0,99,50,71,2420,1000,4.67016,271,3.23471,0,0,4790,72417273334
49.2345,20.311,3.91198,0,99,50,71,2420,1000,4.67016,271,3.23471,0,0,4790,72521343367
49.3158,20.2775,3.91198,0,99,50,71,2420,1000,4.67016,271,3.23471,0,0,4790,72625416266
48.5598,20.5932,4.27873,0,99,50,71,2419,1000,4.66211,271,3.23471,0,0,4778,72729488093
49.1581,20.3425,4.27873,0,99,50,71,2419,1000,4.66211,271,3.23471,0,0,4778,72833557546
49.4646,20.2165,4.27873,0,99,50,71,2419,1000,4.66211,271,3.23471,0,0,4778,72937612792
48.1573,20.7653,4.27873,0,99,50,71,2419,1000,4.66211,271,3.23471,0,0,4778,73041683497
49.8238,20.0707,4.27873,0,99,50,71,2419,1000,4.66211,271,3.23471,0,0,4778,73145754432
48.8889,20.4545,4.53988,0,99,50,71,2412,1000,4.66211,271,3.23471,0,0,4717,73249826209
49.2061,20.3227,4.53988,0,99,50,71,2412,1000,4.66211,271,3.23471,0,0,4717,73353896313
48.1682,20.7606,4.53988,0,99,50,71,2412,1000,4.66211,271,3.23471,0,0,4717,73457978759
48.99,20.4123,4.53988,0,99,50,71,2412,1000,4.66211,271,3.23471,0,0,4717,73562059834
49.6399,20.1451,4.53988,0,99,50,71,2412,1000,4.66211,271,3.23471,0,0,4717,73666143583
48.765,20.5065,4.07407,0,99,51,71,2419,1000,4.66211,271,3.23494,0,0,4743,73770227533
50.1049,19.9581,4.07407,0,99,51,71,2419,1000,4.66211,271,3.23494,0,0,4743,73874309960
49.6754,20.1307,4.07407,0,99,51,71,2419,1000,4.66211,271,3.23494,0,0,4743,73978393829
49.7173,20.1137,4.07407,0,99,51,71,2419,1000,4.66211,271,3.23494,0,0,4743,74082477018
48.353,20.6812,4.07407,0,99,51,71,2419,1000,4.66211,271,3.23494,0,0,4743,74186548514
50.3878,19.8461,4.31566,0,99,51,71,2430,1000,4.66211,271,3.23476,0,0,4789,74290621363
50.055,19.978,4.31566,0,99,51,71,2430,1000,4.66211,271,3.23476,0,0,4789,74394704020
49.803,20.0791,4.31566,0,99,51,71,2430,1000,4.66211,271,3.23476,0,0,4789,74498788090
48.9174,20.4426,4.31566,0,99,51,71,2430,1000,4.66211,271,3.23476,0,0,4789,74602870978
50.4308,19.8291,3.9604,0,99,51,71,2425,1000,4.65577,271,3.23476,0,0,4766,74706942424
49.8439,20.0626,3.9604,0,99,51,71,2425,1000,4.65577,271,3.23476,0,0,4766,74811025472
49.0158,20.4016,3.9604,0,99,51,71,2425,1000,4.65577,271,3.23476,0,0,4766,74915095506
49.7625,20.0954,3.9604,0,99,51,71,2425,1000,4.65577,271,3.23476,0,0,4766,75019185036
48.8668,20.4638,3.9604,0,99,51,71,2425,1000,4.65577,271,3.23476,0,0,4766,75123269036
49.8381,20.065,4.21314,0,99,51,71,2416,1000,4.65577,271,3.23476,0,0,4741,75227352234
49.9622,20.0151,4.21314,0,99,51,71,2416,1000,4.65577,271,3.23476,0,0,4741,75331420895
50.2653,19.8944,4.21314,0,99,51,71,2416,1000,4.65577,271,3.23476,0,0,4741,75435490307
49.9579,20.0169,4.21314,0,99,51,71,2416,1000,4.65577,271,3.23476,0,0,4741,75539559740
50.3823,19.8482,4.21314,0,99,51,71,2416,1000,4.65577,271,3.23476,0,0,4741,75643604476
50.8917,19.6496,4.21314,0,99,51,71,2426,1000,4.65577,271,3.23556,0,0,4692,75747673207
49.2725,20.2953,4.21314,0,99,51,71,2426,1000,4.65577,271,3.23556,0,0,4692,75851744293
49.6387,20.1456,4.21314,0,99,51,71,2426,1000,4.65577,271,3.23556,0,0,4692,75955813194
49.2681,20.2971,4.21314,0,99,51,71,2426,1000,4.65577,271,3.23556,0,0,4692,76059884120
49.0632,20.3819,4.21314,0,99,51,71,2426,1000,4.65577,271,3.23556,0,0,4692,76163955406
50.3027,19.8797,4.01003,0,99,51,71,2420,1000,4.65577,271,3.23579,0,0,4764,76268038864
50.5047,19.8002,4.01003,0,99,51,71,2420,1000,4.65577,271,3.23579,0,0,4764,76372109900
50.4558,19.8193,4.01003,0,99,51,71,2420,1000,4.65577,271,3.23579,0,0,4764,76476180144
50.9946,19.6099,4.01003,0,99,51,71,2420,1000,4.65577,271,3.23579,0,0,4764,76580262961
49.0982,20.3674,4.01003,0,99,51,71,2420,1000,4.65577,271,3.23579,0,0,4764,76684335830
49.4105,20.2386,3.99501,0,99,51,71,2428,1000,4.65577,271,3.23579,0,0,4766,76788405173
48.684,20.5406,3.99501,0,99,51,71,2428,1000,4.65577,271,3.23579,0,0,4766,76892472692
50.0098,19.9961,3.99501,0,99,51,71,2428,1000,4.65577,271,3.23579,0,0,4766,76996545410
49.9237,20.0306,3.99501,0,99,51,71,2428,1000,4.65577,271,3.23579,0,0,4766,77100615614
50.2472,19.9016,3.99501,0,99,51,71,2428,1000,4.65577,271,3.23579,0,0,4766,77204685978
49.8618,20.0554,4.2394,0,99,51,71,2414,1000,4.65577,271,3.23579,0,0,4766,77308755180
50.6395,19.7474,4.2394,0,99,51,71,2414,1000,4.65577,271,3.23579,0,0,4766,77412825945
50.0946,19.9622,4.2394,0,99,51,71,2414,1000,4.65577,271,3.23579,0,0,4766,77516897131
49.4991,20.2024,4.2394,0,99,51,71,2414,1000,4.65577,271,3.23579,0,0,4766,77620968437
50.0224,19.9911,4.2394,0,99,51,71,2414,1000,4.65577,271,3.23579,0,0,4766,77725039853
50.4017,19.8406,3.74396,0,99,51,71,2424,1000,4.65577,271,3.23555,0,0,4763,77829109506
49.9328,20.0269,3.74396,0,99,51,71,2424,1000,4.65577,271,3.23555,0,0,4763,77933178829
50.5707,19.7743,3.74396,0,99,51,71,2424,1000,4.65577,271,3.23555,0,0,4763,78037255735
50.3674,19.8541,3.74396,0,99,51,71,2424,1000,4.65577,271,3.23555,0,0,4763,78141325929
50.2362,19.906,3.74396,0,99,51,71,2424,1000,4.65577,271,3.23555,0,0,4763,78245395341
50.015,19.994,3.99033,0,99,51,71,2423,1000,4.65577,271,3.23555,0,0,4785,78349464283
50.6846,19.7299,3.99033,0,99,51,71,2423,1000,4.65577,271,3.23555,0,0,4785,78453533986
49.1248,20.3563,3.99033,0,99,51,71,2423,1000,4.65577,271,3.23555,0,0,4785,78557596395
50.5087,19.7986,3.99033,0,99,51,71,2423,1000,4.65577,271,3.23555,0,0,4785,78661666389
50.0356,19.9858,3.76214,0,99,52,71,2417,1000,4.65577,271,3.23554,0,0,4764,78765735992
50.0903,19.964,3.76214,0,99,52,71,2417,1000,4.65577,271,3.23554,0,0,4764,78869805785
50.2511,19.9,3.76214,0,99,52,71,2417,1000,4.65577,271,3.23554,0,0,4764,78973876410
49.9379,20.0249,3.76214,0,99,52,71,2417,1000,4.65577,271,3.23554,0,0,4764,79077950040
49.6195,20.1534,3.76214,0,99,52,71,2417,1000,4.65577,271,3.23554,0,0,4764,79182020544
49.3923,20.2461,4.12621,0,99,52,71,2413,1000,4.65577,271,3.23554,0,0,4787,79286091289
50.4966,19.8033,4.12621,0,99,52,71,2413,1000,4.65577,271,3.23554,0,0,4787,79390161954
50.0964,19.9615,4.12621,0,99,52,71,2413,1000,4.65577,271,3.23554,0,0,4787,79494231016
49.3267,20.273,4.12621,0,99,52,71,2413,1000,4.65577,271,3.23554,0,0,4787,79598299737
51.113,19.5645,4.12621,0,99,52,71,2413,1000,4.65577,271,3.23554,0,0,4787,79702370202
50.9564,19.6246,4.1514,0,99,52,71,2413,1000,4.65577,271,3.23577,0,0,4782,79806442109
48.9263,20.4389,4.1514,0,99,52,71,2413,1000,4.65577,271,3.23577,0,0,4782,79910523704
50.8725,19.657,4.1514,0,99,52,71,2413,1000,4.65577,271,3.23577,0,0,4782,80014602213
51.7159,19.3364,4.1514,0,99,52,71,2413,1000,4.65577,271,3.23577,0,0,4782,80118672508
50.6118,19.7582,4.1514,0,99,52,71,2413,1000,4.65577,271,3.23577,0,0,4782,80222742171
50.6877,19.7286,4.2735,0,99,52,71,2418,1000,4.65577,271,3.23577,0,0,4785,80326812124
49.8656,20.0539,4.2735,0,99,52,71,2418,1000,4.65577,271,3.23577,0,0,4785,80430879312
50.4586,19.8182,4.2735,0,99,52,71,2418,1000,4.65577,271,3.23577,0,0,4785,80534948124
49.6473,20.1421,4.2735,0,99,52,71,2418,1000,4.65577,271,3.23577,0,0,4785,80639018147
51.4331,19.4427,4.2735,0,99,52,71,2418,1000,4.65577,271,3.23577,0,0,4785,80743087319
52.2627,19.1341,4.77941,0,99,52,71,2418,1000,4.65577,271,3.23408,0,0,4789,80847160980
50.8107,19.6809,4.77941,0,99,52,71,2418,1000,4.65577,271,3.23408,0,0,4789,80951234500
50.2144,19.9146,4.77941,0,99,52,71,2418,1000,4.65577,271,3.23408,0,0,4789,81055316876
50.7394,19.7085,4.77941,0,99,52,71,2418,1000,4.65577,271,3.23408,0,0,4789,81159386830
51.6951,19.3442,4.77941,0,99,52,71,2418,1000,4.65577,271,3.23408,0,0,4789,81263457515
49.6362,20.1466,4.06905,0,99,52,71,2414,1000,4.65577,271,3.23428,0,0,4715,81367525194
52.4334,19.0718,4.06905,0,99,52,71,2414,1000,4.65577,271,3.23428,0,0,4715,81471593224
51.4985,19.418,4.06905,0,99,52,71,2414,1000,4.65577,271,3.23428,0,0,4715,81575675551
52.2796,19.1279,4.06905,0,99,52,71,2414,1000,4.65577,271,3.23428,0,0,4715,81679747147
50.8725,19.657,4.06905,0,99,52,71,2414,1000,4.65577,271,3.23428,0,0,4715,81783786774
49.8791,20.0485,4.31034,0,99,52,72,2405,1000,4.65577,271,3.23427,0,0,4790,81887858831
52.3728,19.0939,4.31034,0,99,52,72,2405,1000,4.65577,271,3.23427,0,0,4790,81991929606
51.1186,19.5624,4.31034,0,99,52,72,2405,1000,4.65577,271,3.23427,0,0,4790,82095997916
50.7476,19.7054,4.31034,0,99,52,72,2405,1000,4.65577,271,3.23427,0,0,4790,82200068681
52.5003,19.0475,4.31034,0,99,52,72,2405,1000,4.65577,271,3.23427,0,0,4790,82304138024
51.6649,19.3555,4.21314,0,99,52,72,2419,1000,4.65577,271,3.23427,0,0,4692,82408207667
51.7251,19.333,4.21314,0,99,52,72,2419,1000,4.65577,271,3.23427,0,0,4692,82512278462
51.3555,19.4721,4.21314,0,99,52,72,2419,1000,4.65577,271,3.23427,0,0,4692,82616348746
52.302,19.1197,4.21314,0,99,52,72,2419,1000,4.65577,271,3.23427,0,0,4692,82720417707
50.8689,19.6584,4.21314,0,99,52,72,2419,1000,4.65577,271,3.23427,0,0,4692,82824488743
50.6788,19.7321,4.23412,0,99,52,71,2423,1000,4.65577,271,3.23427,0,0,4767,82928559408
51.9059,19.2656,4.23412,0,99,52,71,2423,1000,4.65577,271,3.23427,0,0,4767,83032629351
52.3288,19.1099,4.23412,0,99,52,71,2423,1000,4.65577,271,3.23427,0,0,4767,83136698573
52.5225,19.0395,4.23412,0,99,52,71,2423,1000,4.65577,271,3.23427,0,0,4767,83240767976
49.4931,20.2048,4.23412,0,99,52,71,2423,1000,4.65577,271,3.23427,0,0,4767,83344838180
51.901,19.2675,4.35323,0,99,52,71,2414,1000,4.65577,271,3.23427,0,0,4775,83448909476
51.7731,19.3151,4.35323,0,99,52,71,2414,1000,4.65577,271,3.23427,0,0,4775,83552979179
52.8414,18.9246,4.35323,0,99,52,71,2414,1000,4.65577,271,3.23427,0,0,4775,83657053320
52.0637,19.2072,4.35323,0,99,52,71,2414,1000,4.65577,271,3.23427,0,0,4775,83761137099
51.2178,19.5245,4.36954,0,99,52,72,2422,1000,4.65577,271,3.23427,0,0,4780,83865220939
50.7586,19.7011,4.36954,0,99,52,72,2422,1000,4.65577,271,3.23427,0,0,4780,83969297555
51.7148,19.3368,4.36954,0,99,52,72,2422,1000,4.65577,271,3.23427,0,0,4780,84073368680
52.0012,19.2303,4.36954,0,99,52,72,2422,1000,4.65577,271,3.23427,0,0,4780,84177436650
50.9967,19.6091,4.36954,0,99,52,72,2422,1000,4.65577,271,3.23427,0,0,4780,84281504820
50.9736,19.618,4.36954,0,99,53,71,2413,1000,4.65577,271,3.23427,0,0,4791,84385579002
52.0857,19.1991,4.36954,0,99,53,71,2413,1000,4.65577,271,3.23427,0,0,4791,84489662370
51.8399,19.2902,4.36954,0,99,53,71,2413,1000,4.65577,271,3.23427,0,0,4791,84593731723
52.381,19.0909,4.36954,0,99,53,71,2413,1000,4.65577,271,3.23427,0,0,4791,84697800273
51.4266,19.4452,4.36954,0,99,53,71,2413,1000,4.65577,271,3.23427,0,0,4791,84801871810
51.3373,19.479,3.89937,0,99,53,72,2423,1000,4.65577,271,3.23427,0,0,4771,84905951562
52.042,19.2153,3.89937,0,99,53,72,2423,1000,4.65577,271,3.23427,0,0,4771,85010021886
53.1194,18.8255,3.89937,0,99,53,72,2423,1000,4.65577,271,3.23427,0,0,4771,85114092671
52.3317,19.1089,3.89937,0,99,53,72,2423,1000,4.65577,271,3.23427,0,0,4771,85218166972
52.5055,19.0456,3.89937,0,99,53,72,2423,1000,4.65577,271,3.23427,0,0,4771,85322236074
52.0928,19.1965,4.12621,0,99,53,72,2417,1000,4.65577,271,3.23427,0,0,4764,85426308392
52.7491,18.9577,4.12621,0,99,53,72,2417,1000,4.65577,271,3.23427,0,0,4764,85530381341
52.4705,19.0583,4.12621,0,99,53,72,2417,1000,4.65577,271,3.23427,0,0,4764,85634453539
54.7333,18.2704,4.12621,0,99,53,72,2417,1000,4.65577,271,3.23427,0,0,4764,85738526147
53.6177,18.6506,4.12621,0,99,53,72,2417,1000,4.65577,271,3.23427,0,0,4764,85842597604
50.948,19.6279,4.5283,0,99,53,72,2415,1000,4.65577,271,3.23367,0,0,4769,85946668489
51.5786,19.3879,4.5283,0,99,53,72,2415,1000,4.65577,271,3.23367,0,0,4769,86050742841
51.9727,19.2409,4.5283,0,99,53,72,2415,1000,4.65577,271,3.23367,0,0,4769,86154813806
51.9038,19.2664,4.5283,0,99,53,72,2415,1000,4.65577,271,3.23367,0,0,4769,86258887026
51.9523,19.2484,4.5283,0,99,53,72,2415,1000,4.65577,271,3.23367,0,0,4769,86362957710
50.9439,19.6294,3.89447,0,99,53,71,2422,1000,4.65577,271,3.23417,0,0,4768,86467032854
52.5957,19.013,3.89447,0,99,53,71,2422,1000,4.65577,271,3.23417,0,0,4768,86571104761
52.1707,19.1679,3.89447,0,99,53,71,2422,1000,4.65577,271,3.23417,0,0,4768,86675176207
53.3938,18.7288,3.89447,0,99,53,71,2422,1000,4.65577,271,3.23417,0,0,4768,86779246641
51.5261,19.4077,4.5,0,99,53,72,2412,1000,4.65577,271,3.23417,0,0,4790,86883317326
51.9177,19.2612,4.5,0,99,53,72,2412,1000,4.65577,271,3.23417,0,0,4790,86987390235
51.1822,19.5381,4.5,0,99,53,72,2412,1000,4.65577,271,3.23417,0,0,4790,87091462413
51.9298,19.2568,4.5,0,99,53,72,2412,1000,4.65577,271,3.23417,0,0,4790,87195533849
52.7707,18.9499,4.5,0,99,53,72,2412,1000,4.65577,271,3.23417,0,0,4790,87299605546
51.5679,19.3919,4.22705,0,99,53,72,2420,1000,4.65577,271,3.23417,0,0,4781,87403676351
52.2595,19.1353,4.22705,0,99,53,72,2420,1000,4.65577,271,3.23417,0,0,4781,87507743740
56.866,17.5852,4.22705,0,99,53,72,2420,1000,4.65577,271,3.23417,0,0,4781,87611814254
51.3161,19.4871,4.22705,0,99,53,72,2420,1000,4.65577,271,3.23417,0,0,4781,87715884688
48.1398,20.7728,4.22705,0,99,53,72,2420,1000,4.65577,271,3.23417,0,0,4781,87819954722
49.9017,20.0394,4.46321,0,99,53,72,2377,1000,4.65577,271,3.23417,0,0,4790,87924024124
47.4922,21.0561,4.46321,0,99,53,72,2377,1000,4.65577,271,3.23417,0,0,4790,88028097164
49.3936,20.2455,4.46321,0,99,53,72,2377,1000,4.65577,271,3.23417,0,0,4790,88132172617
47.7205,20.9554,4.46321,0,99,53,72,2377,1000,4.65577,271,3.23417,0,0,4790,88236244224
49.1781,20.3343,4.46321,0,99,53,72,2377,1000,4.65577,271,3.23417,0,0,4790,88340312214
47.7911,20.9244,4.0293,0,99,53,72,2385,1000,4.62355,271,3.23417,0,0,4790,88444392437
48.0448,20.8139,4.0293,0,99,53,72,2385,1000,4.62355,271,3.23417,0,0,4790,88548475404
48.5097,20.6144,4.0293,0,99,53,72,2385,1000,4.62355,271,3.23417,0,0,4790,88652545408
49.0055,20.4059,4.0293,0,99,53,72,2385,1000,4.62355,271,3.23417,0,0,4790,88756574465
49.0748,20.377,4.0293,0,99,53,72,2385,1000,4.62355,271,3.23417,0,0,4790,88860657733
49.3481,20.2642,4.27873,0,99,53,72,2388,1000,4.62355,271,3.23417,0,0,4790,88964725973
48.6323,20.5625,4.27873,0,99,53,72,2388,1000,4.62355,271,3.23417,0,0,4790,89068795165
49.0228,20.3987,4.27873,0,99,53,72,2388,1000,4.62355,271,3.23417,0,0,4790,89172863546
48.7391,20.5174,4.27873,0,99,53,72,2388,1000,4.62355,271,3.23417,0,0,4790,89276933099
49.3955,20.2448,4.27873,0,99,53,72,2388,1000,4.62355,271,3.23417,0,0,4790,89381000758
47.8084,20.9168,3.9555,0,99,53,72,2379,1000,4.62355,271,3.23439,0,0,4786,89485069429
49.2343,20.3111,3.9555,0,99,53,72,2379,1000,4.62355,271,3.23439,0,0,4786,89589151726
49.1432,20.3487,3.9555,0,99,53,72,2379,1000,4.62355,271,3.23439,0,0,4786,89693235555
49.7556,20.0983,3.9555,0,99,53,72,2379,1000,4.62355,271,3.23439,0,0,4786,89797319094
48.5566,20.5945,3.9555,0,99,53,72,2379,1000,4.62355,271,3.23439,0,0,4786,89901408985
49.6019,20.1605,4.06905,0,99,53,72,2384,1000,4.62355,271,3.23439,0,0,4785,90005501030
48.1266,20.7785,4.06905,0,99,53,72,2384,1000,4.62355,271,3.23439,0,0,4785,90109569570
48.5857,20.5822,4.06905,0,99,53,72,2384,1000,4.62355,271,3.23439,0,0,4785,90213639454
49.4247,20.2328,4.06905,0,99,53,72,2384,1000,4.62355,271,3.23439,0,0,4785,90317708476
49.0586,20.3838,4.06905,0,99,53,72,2384,1000,4.62355,271,3.23439,0,0,4785,90421778499
49.2626,20.2994,3.81304,0,99,53,72,2385,1000,4.62355,271,3.23462,0,0,4786,90525861547
47.926,20.8655,3.81304,0,99,53,72,2385,1000,4.62355,271,3.23462,0,0,4786,90629944976
48.892,20.4532,3.81304,0,99,53,72,2385,1000,4.62355,271,3.23462,0,0,4786,90734016833
48.5524,20.5963,3.81304,0,99,53,72,2385,1000,4.62355,271,3.23462,0,0,4786,90838100682
48.6447,20.5572,3.81304,0,99,53,72,2385,1000,4.62355,271,3.23462,0,0,4786,90942183911
46.5415,21.4862,4.26309,0,99,53,72,2378,1000,4.62355,271,3.23647,0,0,4784,91046257411
47.7836,20.9277,4.26309,0,99,53,72,2378,1000,4.62355,271,3.23647,0,0,4784,91150333456
47.2388,21.169,4.26309,0,99,53,72,2378,1000,4.62355,271,3.23647,0,0,4784,91254416243
47.1008,21.231,4.26309,0,99,53,72,2378,1000,4.62355,271,3.23647,0,0,4784,91358486026
46.891,21.326,4.26309,0,99,53,72,2378,1000,4.62355,271,3.23647,0,0,4784,91462556601
47.4506,21.0745,4.10133,0,99,53,72,2378,1000,4.62355,271,3.24045,0,0,4765,91566631313
47.4278,21.0847,4.10133,0,99,53,72,2378,1000,4.62355,271,3.24045,0,0,4765,91670700716
48.026,20.822,4.10133,0,99,53,72,2378,1000,4.62355,271,3.24045,0,0,4765,91774770178
47.4189,21.0886,4.10133,0,99,53,72,2378,1000,4.62355,271,3.24045,0,0,4765,91878839531
48.0114,20.8284,4.10133,0,99,53,72,2378,1000,4.62355,271,3.24045,0,0,4765,91982908963
48.0007,20.833,3.75303,0,99,53,72,2391,1000,4.62355,271,3.24045,0,0,4762,92086985048
48.5179,20.6109,3.75303,0,99,53,72,2391,1000,4.62355,271,3.24045,0,0,4762,92191057627
48.2074,20.7437,3.75303,0,99,53,72,2391,1000,4.62355,271,3.24045,0,0,4762,92295128271
48.6561,20.5524,3.75303,0,99,53,72,2391,1000,4.62355,271,3.24045,0,0,4762,92399197894
47.3604,21.1147,3.75303,0,99,53,72,2391,1000,4.62355,271,3.24045,0,0,4762,92503267687
48.7708,20.5041,3.98551,0,99,53,72,2392,1000,4.62355,271,3.24068,0,0,4766,92607337190
47.9533,20.8536,3.98551,0,99,53,72,2392,1000,4.62355,271,3.24068,0,0,4766,92711406562
47.5321,21.0384,3.98551,0,99,53,72,2392,1000,4.62355,271,3.24068,0,0,4766,92815475774
48.2654,20.7188,3.98551,0,99,53,72,2392,1000,4.62355,271,3.24068,0,0,4766,92919545487
48.1299,20.7771,3.98551,0,99,53,72,2392,1000,4.62355,271,3.24068,0,0,4766,93023623837
49.0974,20.3677,3.99516,0,99,53,72,2380,1000,4.62355,271,3.24068,0,0,4780,93127684122
48.9924,20.4113,3.99516,0,99,53,72,2380,1000,4.62355,271,3.24068,0,0,4780,93231758804
48.8316,20.4785,3.99516,0,99,53,72,2380,1000,4.62355,271,3.24068,0,0,4780,93335829028
47.1405,21.2132,3.99516,0,99,53,72,2380,1000,4.62355,271,3.24068,0,0,4780,93439900805
48.568,20.5897,3.99516,0,99,53,72,2380,1000,4.62355,271,3.24068,0,0,4780,93543970949
49.3208,20.2754,4.12621,0,99,53,72,2396,1000,4.62355,271,3.24068,0,0,4784,93648038227
49.701,20.1203,4.12621,0,99,53,72,2396,1000,4.62355,271,3.24068,0,0,4784,93752110014
48.9782,20.4173,4.12621,0,99,53,72,2396,1000,4.62355,271,3.24068,0,0,4784,93856180809
49.2317,20.3121,4.12621,0,99,53,72,2396,1000,4.62355,271,3.24068,0,0,4784,93960250933
49.6874,20.1258,4.12621,0,99,53,72,2396,1000,4.62355,271,3.24068,0,0,4784,94064347547
48.7064,20.5312,3.89769,0,99,53,72,2395,1000,4.62355,271,3.24068,0,0,4766,94168431276
49.4157,20.2365,3.89769,0,99,53,72,2395,1000,4.62355,271,3.24068,0,0,4766,94272514685
49.7072,20.1178,3.89769,0,99,53,72,2395,1000,4.62355,271,3.24068,0,0,4766,94376585059
46.7313,21.399,3.89769,0,99,53,72,2395,1000,4.62355,271,3.24068,0,0,4766,94480655113
49.1408,20.3497,3.89769,0,99,53,72,2395,1000,4.62355,271,3.24068,0,0,4766,94584726389
48.629,20.5639,3.90244,0,99,53,72,2385,1000,4.62355,271,3.24068,0,0,4756,94688796402
48.6205,20.5675,3.90244,0,99,53,72,2385,1000,4.62355,271,3.24068,0,0,4756,94792867077
48.394,20.6637,3.90244,0,99,53,72,2385,1000,4.62355,271,3.24068,0,0,4756,94896959543
48.7353,20.519,3.90244,0,99,53,72,2385,1000,4.62355,271,3.24068,0,0,4756,95001028464
49.4204,20.2346,3.90244,0,99,53,72,2385,1000,4.62355,271,3.24068,0,0,4756,95105101032
48.8883,20.4548,4.24757,0,99,53,72,2380,1000,4.6316,271,3.24068,0,0,4789,95209184311
50.1722,19.9314,4.24757,0,99,53,72,2380,1000,4.6316,271,3.24068,0,0,4789,95313254044
48.4191,20.653,4.24757,0,99,53,72,2380,1000,4.6316,271,3.24068,0,0,4789,95417322825
48.2958,20.7057,4.24757,0,99,53,72,2380,1000,4.6316,271,3.24068,0,0,4789,95521403900
41.018,24.3795,4.58488,0,99,53,72,2391,1000,4.62959,271,3.24068,0,0,4685,95625476167
38.7089,25.8339,4.58488,0,99,53,72,2391,1000,4.62959,271,3.24068,0,0,4685,95729546872
41.497,24.0981,4.58488,0,99,53,72,2391,1000,4.62959,271,3.24068,0,0,4685,95833626674
42.6042,23.4718,4.58488,0,99,53,72,2391,1000,4.62959,271,3.24068,0,0,4685,95937696427
42.5473,23.5033,4.58488,0,99,53,72,2391,1000,4.62959,271,3.24068,0,0,4685,96041767182
42.3041,23.6384,4.31138,0,98,53,72,2404,1000,4.66383,271,3.24223,0,0,4776,96145836504
42.7541,23.3896,4.31138,0,98,53,72,2404,1000,4.66383,271,3.24223,0,0,4776,96249904835
41.9299,23.8493,4.31138,0,98,53,72,2404,1000,4.66383,271,3.24223,0,0,4776,96353975400
42.2802,23.6517,4.31138,0,98,53,72,2404,1000,4.66383,271,3.24223,0,0,4776,96458058458
42.901,23.3095,4.31138,0,98,53,72,2404,1000,4.66383,271,3.24223,0,0,4776,96562132449
42.3162,23.6316,3.48977,0,99,53,72,2422,1000,4.65577,271,3.24212,0,0,4778,96666215787
41.7347,23.9609,3.48977,0,99,53,72,2422,1000,4.65577,271,3.24212,0,0,4778,96770287063
41.4852,24.105,3.48977,0,99,53,72,2422,1000,4.65577,271,3.24212,0,0,4778,96874360503
42.4365,23.5646,3.48977,0,99,53,72,2422,1000,4.65577,271,3.24212,0,0,4778,96978430006
42.6259,23.4599,3.48977,0,99,53,72,2422,1000,4.65577,271,3.24212,0,0,4778,97082504748
42.3231,23.6278,3.60144,0,99,53,72,2391,1000,4.65577,271,3.24212,0,0,4790,97186588548
42.2334,23.6779,3.60144,0,99,53,72,2391,1000,4.65577,271,3.24212,0,0,4790,97290670053
42.5187,23.5191,3.60144,0,99,53,72,2391,1000,4.65577,271,3.24212,0,0,4790,97394745627
41.7264,23.9657,3.60144,0,99,53,72,2391,1000,4.65577,271,3.24212,0,0,4790,97498819337
42.2386,23.675,3.60144,0,99,53,72,2391,1000,4.65577,271,3.24212,0,0,4790,97602901624
42.057,23.7773,4.43645,0,98,53,72,2419,1000,4.65577,271,3.24212,0,0,4781,97706986656
41.8808,23.8773,4.43645,0,98,53,72,2419,1000,4.65577,271,3.24212,0,0,4781,97811071397
41.4147,24.146,4.43645,0,98,53,72,2419,1000,4.65577,271,3.24212,0,0,4781,97915155727
42.0521,23.78,4.43645,0,98,53,72,2419,1000,4.65577,271,3.24212,0,0,4781,98019239957
42.2323,23.6786,4.43645,0,98,53,72,2419,1000,4.65577,271,3.24212,0,0,4781,98123323607
41.9102,23.8605,3.50438,0,99,53,72,2415,1000,4.65577,271,3.24212,0,0,4765,98227396566
42.152,23.7236,3.50438,0,99,53,72,2415,1000,4.65577,271,3.24212,0,0,4765,98331468413
41.1877,24.2791,3.50438,0,99,53,72,2415,1000,4.65577,271,3.24212,0,0,4765,98435541753
41.7553,23.9491,3.50438,0,99,53,72,2415,1000,4.65577,271,3.24212,0,0,4765,98539620923
41.9635,23.8302,3.50438,0,99,53,72,2415,1000,4.65577,271,3.24212,0,0,4765,98643691999
42.2003,23.6965,3.75469,0,99,53,72,2396,1000,4.65577,271,3.24235,0,0,4691,98747765108
42.1214,23.7409,3.75469,0,99,53,72,2396,1000,4.65577,271,3.24235,0,0,4691,98851841103
42.3886,23.5913,3.75469,0,99,53,72,2396,1000,4.65577,271,3.24235,0,0,4691,98955924993
42.1696,23.7138,3.75469,0,99,53,72,2396,1000,4.65577,271,3.24235,0,0,4691,99060006458
41.8178,23.9133,3.75469,0,99,53,72,2396,1000,4.65577,271,3.24235,0,0,4691,99164090728
41.0139,24.382,4.07186,0,99,53,72,2420,1000,4.65577,271,3.24235,0,0,4674,99268176882
42.6008,23.4737,4.07186,0,99,53,72,2420,1000,4.65577,271,3.24235,0,0,4674,99372259689
42.2681,23.6585,4.07186,0,99,53,72,2420,1000,4.65577,271,3.24235,0,0,4674,99476343900
43.2785,23.1062,4.07186,0,99,53,72,2420,1000,4.65577,271,3.24235,0,0,4674,99580432959
42.4653,23.5486,4.07186,0,99,53,72,2420,1000,4.65577,271,3.24235,0,0,4674,99684518111
42.9306,23.2934,3.9759,0,99,53,72,2401,1000,4.65577,271,3.24235,0,0,4741,99788602010
41.7127,23.9735,3.9759,0,99,53,72,2401,1000,4.65577,271,3.24235,0,0,4741,99892680961
42.8886,23.3162,3.9759,0,99,53,72,2401,1000,4.65577,271,3.24235,0,0,4741,99996751746
41.0379,24.3677,3.9759,0,99,53,72,2401,1000,4.65577,271,3.24235,0,0,4741,100100821369
41.757,23.9481,3.9759,0,99,53,72,2401,1000,4.65577,271,3.24235,0,0,4741,100204904347
42.1372,23.732,3.84615,0,99,53,72,2420,1000,4.65577,271,3.24235,0,0,4790,100308976725
41.5827,24.0485,3.84615,0,99,53,72,2420,1000,4.65577,271,3.24235,0,0,4790,100413059813
42.392,23.5893,3.84615,0,99,53,72,2420,1000,4.65577,271,3.24235,0,0,4790,100517142640
41.6064,24.0348,3.84615,0,99,53,72,2420,1000,4.65577,271,3.24235,0,0,4790,100621214177
43.408,23.0373,3.84615,0,99,53,72,2420,1000,4.65577,271,3.24235,0,0,4790,100725286374
42.7963,23.3665,4.30622,0,99,53,72,2416,1000,4.65577,271,3.24004,0,0,4757,100829357851
41.2662,24.2329,4.30622,0,99,53,72,2416,1000,4.65577,271,3.24004,0,0,4757,100933423827
42.4523,23.5559,4.30622,0,99,53,72,2416,1000,4.65577,271,3.24004,0,0,4757,101037505542
41.9023,23.8651,4.30622,0,99,53,72,2416,1000,4.65577,271,3.24004,0,0,4757,101141561449
42.4133,23.5775,4.30622,0,99,53,72,2416,1000,4.65577,271,3.24004,0,0,4757,101245630872
43.5524,22.9609,3.95683,0,99,53,72,2405,1000,4.65577,271,3.2379,0,0,4772,101349699984
42.8408,23.3422,3.95683,0,99,53,72,2405,1000,4.65577,271,3.2379,0,0,4772,101453770488
42.4807,23.5401,3.95683,0,99,53,72,2405,1000,4.65577,271,3.2379,0,0,4772,101557852925
42.7446,23.3948,3.95683,0,99,53,72,2405,1000,4.65577,271,3.2379,0,0,4772,101661936163
41.9792,23.8213,3.95683,0,99,53,72,2405,1000,4.65577,271,3.2379,0,0,4772,101766006247
41.8459,23.8972,4.11622,0,99,53,72,2409,1000,4.65577,271,3.23778,0,0,4751,101870077433
43.4295,23.0258,4.11622,0,99,53,72,2409,1000,4.65577,271,3.23778,0,0,4751,101974144471
42.4298,23.5683,4.11622,0,99,53,72,2409,1000,4.65577,271,3.23778,0,0,4751,102078214715
43.9556,22.7503,4.11622,0,99,53,72,2409,1000,4.65577,271,3.23778,0,0,4751,102182285109
42.8745,23.3239,4.11622,0,99,53,72,2409,1000,4.65577,271,3.23778,0,0,4751,102286352277
43.0286,23.2403,3.89294,0,99,53,72,2430,1000,4.65577,271,3.23778,0,0,4774,102390421079
42.6127,23.4672,3.89294,0,99,53,72,2430,1000,4.65577,271,3.23778,0,0,4774,102494491593
42.2713,23.6567,3.89294,0,99,53,72,2430,1000,4.65577,271,3.23778,0,0,4774,102598561867
42.7183,23.4092,3.89294,0,99,53,72,2430,1000,4.65577,271,3.23778,0,0,4774,102702644044
42.5053,23.5265,3.89294,0,99,53,72,2430,1000,4.65577,271,3.23778,0,0,4774,102806714508
42.2146,23.6885,4.24242,0,99,53,72,2416,1000,4.65577,271,3.23778,0,0,4757,102910798378
44.6092,22.4169,4.24242,0,99,53,72,2416,1000,4.65577,271,3.23778,0,0,4757,103014868902
41.966,23.8288,4.24242,0,99,53,72,2416,1000,4.65577,271,3.23778,0,0,4757,103118949125
43.417,23.0324,4.24242,0,99,53,72,2416,1000,4.65577,271,3.23778,0,0,4757,103223000183
44.2149,22.6168,4.24242,0,99,53,72,2416,1000,4.65577,271,3.23778,0,0,4757,103327084664
43.2055,23.1452,4.26829,0,99,53,72,2399,1000,4.65577,271,3.23813,0,0,4740,103431155709
51.9956,19.2324,4.26829,0,99,53,72,2399,1000,4.65577,271,3.23813,0,0,4740,103535225132
48.9618,20.4241,4.26829,0,99,53,72,2399,1000,4.65577,271,3.23813,0,0,4740,103639295366
51.7074,19.3396,4.26829,0,99,53,72,2399,1000,4.65577,271,3.23813,0,0,4740,103743361612
50.4383,19.8262,4.26829,0,99,53,72,2399,1000,4.65577,271,3.23813,0,0,4740,103847428410
51.6384,19.3654,4.01003,0,99,53,72,2421,1000,4.69995,271,3.23822,0,0,4787,103951497051
52.5515,19.029,4.01003,0,99,53,72,2421,1000,4.69995,271,3.23822,0,0,4787,104055555533
50.6447,19.7454,4.01003,0,99,53,72,2421,1000,4.69995,271,3.23822,0,0,4787,104159625977
51.7397,19.3275,4.01003,0,99,53,72,2421,1000,4.69995,271,3.23822,0,0,4787,104263697674
50.7025,19.7229,4.01003,0,99,53,72,2421,1000,4.69995,271,3.23822,0,0,4787,104367767617
51.1479,19.5512,4.4226,0,99,53,72,2414,1000,4.65967,271,3.23822,0,0,4760,104471839825
51.1346,19.5562,4.4226,0,99,53,72,2414,1000,4.65967,271,3.23822,0,0,4760,104575923624
51.8442,19.2886,4.4226,0,99,53,72,2414,1000,4.65967,271,3.23822,0,0,4760,104680008335
50.8321,19.6726,4.4226,0,99,53,72,2414,1000,4.65967,271,3.23822,0,0,4760,104784091454
50.2922,19.8838,4.29448,0,99,53,72,2415,1000,4.65967,271,3.23822,0,0,4691,104888170534
50.9707,19.6191,4.29448,0,99,53,72,2415,1000,4.65967,271,3.23822,0,0,4691,104992240468
49.7525,20.0995,4.29448,0,99,53,72,2415,1000,4.65967,271,3.23822,0,0,4691,105096310832
50.6355,19.749,4.29448,0,99,53,72,2415,1000,4.65967,271,3.23822,0,0,4691,105200381437
52.452,19.0651,4.29448,0,99,53,72,2415,1000,4.65967,271,3.23822,0,0,4691,105304451510
49.954,20.0184,4.5067,0,99,53,72,2412,1000,4.66773,271,3.23822,0,0,4790,105408522936
50.5084,19.7987,4.5067,0,99,53,72,2412,1000,4.66773,271,3.23822,0,0,4790,105512601536
49.9956,20.0018,4.5067,0,99,53,72,2412,1000,4.66773,271,3.23822,0,0,4790,105616675126
52.4701,19.0585,4.5067,0,99,53,72,2412,1000,4.66773,271,3.23822,0,0,4790,105720745661
50.9877,19.6126,4.5067,0,99,53,72,2412,1000,4.66773,271,3.23822,0,0,4790,105824820724
51.3119,19.4887,5,0,99,53,72,2409,1000,4.66571,271,3.2373,0,0,4763,105928904393
49.5992,20.1616,5,0,99,53,72,2409,1000,4.66571,271,3.2373,0,0,4763,106032976130
49.2657,20.2981,5,0,99,53,72,2409,1000,4.66571,271,3.2373,0,0,4763,106137045933
50.0923,19.9631,5,0,99,53,72,2409,1000,4.66571,271,3.2373,0,0,4763,106241116327
50.0743,19.9703,5,0,99,53,72,2409,1000,4.66571,271,3.2373,0,0,4763,106345182554
51.1869,19.5362,4.67626,0,99,53,72,2412,1000,4.66571,271,3.23753,0,0,4766,106449247748
50.7142,19.7183,4.67626,0,99,53,72,2412,1000,4.66571,271,3.23753,0,0,4766,106553313935
51.6654,19.3553,4.67626,0,99,53,72,2412,1000,4.66571,271,3.23753,0,0,4766,106657384349
49.2537,20.303,4.67626,0,99,53,72,2412,1000,4.66571,271,3.23753,0,0,4766,106761453792
50.957,19.6244,4.67626,0,99,53,72,2412,1000,4.66571,271,3.23753,0,0,4766,106865544614
50.7412,19.7078,4.80192,0,99,53,72,2396,1000,4.66571,271,3.23753,0,0,4763,106969616111
49.6979,20.1216,4.80192,0,99,53,72,2396,1000,4.66571,271,3.23753,0,0,4763,107073686876
49.9924,20.003,4.80192,0,99,53,72,2396,1000,4.66571,271,3.23753,0,0,4763,107177759043
50.0391,19.9844,4.80192,0,99,53,72,2396,1000,4.66571,271,3.23753,0,0,4763,107281831491
48.8384,20.4757,4.80192,0,99,53,72,2396,1000,4.66571,271,3.23753,0,0,4763,107385906454
48.9034,20.4485,4.6988,0,99,54,72,2407,1000,4.66571,271,3.23753,0,0,4716,107489975847
49.6244,20.1514,4.6988,0,99,54,72,2407,1000,4.66571,271,3.23753,0,0,4716,107594052693
48.4888,20.6233,4.6988,0,99,54,72,2407,1000,4.66571,271,3.23753,0,0,4716,107698122446
50.1217,19.9514,4.6988,0,99,54,72,2407,1000,4.66571,271,3.23753,0,0,4716,107802191598
51.0039,19.6063,4.6988,0,99,54,72,2407,1000,4.66571,271,3.23753,0,0,4716,107906261021
50.0177,19.9929,4.38596,0,99,54,72,2407,1000,4.66571,271,3.23753,0,0,4765,108010330824
50.7492,19.7047,4.38596,0,99,54,72,2407,1000,4.66571,271,3.23753,0,0,4765,108114399094
49.4838,20.2086,4.38596,0,99,54,72,2407,1000,4.66571,271,3.23753,0,0,4765,108218469288
50.0187,19.9925,4.38596,0,99,54,72,2407,1000,4.66571,271,3.23753,0,0,4765,108322538931
50.4906,19.8057,4.38596,0,99,54,72,2407,1000,4.66571,271,3.23753,0,0,4765,108426608273
51.0164,19.6015,4.49438,0,99,54,72,2410,1000,4.66571,271,3.23753,0,0,4762,108530678126
49.0337,20.3941,4.49438,0,99,54,72,2410,1000,4.66571,271,3.23753,0,0,4762,108634747890
50.2724,19.8916,4.49438,0,99,54,72,2410,1000,4.66571,271,3.23753,0,0,4762,108738819135
50.976,19.6171,4.49438,0,99,54,72,2410,1000,4.66571,271,3.23753,0,0,4762,108842888959
49.09,20.3707,4.49438,0,99,54,72,2410,1000,4.66571,271,3.23753,0,0,4762,108946956528
49.3861,20.2486,4.21687,0,99,54,72,2386,1000,4.66571,271,3.23753,0,0,4763,109051025610
49.6901,20.1248,4.21687,0,99,54,72,2386,1000,4.66571,271,3.23753,0,0,4763,109155096966
49.4296,20.2308,4.21687,0,99,54,72,2386,1000,4.66571,271,3.23753,0,0,4763,109259169574
49.4072,20.24,4.21687,0,99,54,72,2386,1000,4.66571,271,3.23753,0,0,4763,109363239988
49.4036,20.2414,4.21687,0,99,54,72,2386,1000,4.66571,271,3.23753,0,0,4763,109467310834
50.5048,19.8001,4.21836,0,99,54,73,2411,1000,4.65766,271,3.23753,0,0,4765,109571377591
49.6937,20.1233,4.21836,0,99,54,73,2411,1000,4.65766,271,3.23753,0,0,4765,109675446282
48.6097,20.572,4.21836,0,99,54,73,2411,1000,4.65766,271,3.23753,0,0,4765,109779535983
49.6453,20.1429,4.21836,0,99,54,73,2411,1000,4.65766,271,3.23753,0,0,4765,109883619802
49.6885,20.1254,4.21836,0,99,54,73,2411,1000,4.65766,271,3.23753,0,0,4765,109987692962
48.4569,20.6369,3.87016,0,99,54,72,2389,1000,4.65766,271,3.23753,0,0,4768,110091765149
49.918,20.0328,3.87016,0,99,54,72,2389,1000,4.65766,271,3.23753,0,0,4768,110195835914
49.5418,20.185,3.87016,0,99,54,72,2389,1000,4.65766,271,3.23753,0,0,4768,110299905557
50.3896,19.8454,3.87016,0,99,54,72,2389,1000,4.65766,271,3.23753,0,0,4768,110403977043
50.236,19.906,3.87016,0,99,54,72,2409,1000,4.65766,271,3.23752,0,0,4750,110508047889
49.038,20.3924,3.87016,0,99,54,72,2409,1000,4.65766,271,3.23752,0,0,4750,110612116289
51.7721,19.3154,3.87016,0,99,54,72,2409,1000,4.65766,271,3.23752,0,0,4750,110716185972
50.2557,19.8983,3.87016,0,99,54,72,2409,1000,4.65766,271,3.23752,0,0,4750,110820258090
50.5696,19.7747,3.87016,0,99,54,72,2409,1000,4.65766,271,3.23752,0,0,4750,110924330568
49.9231,20.0308,4.36954,0,99,54,73,2386,1000,4.65766,271,3.23878,0,0,4778,111028401142
50.5494,19.7826,4.36954,0,99,54,73,2386,1000,4.65766,271,3.23878,0,0,4778,111132472178
49.4881,20.2069,4.36954,0,99,54,73,2386,1000,4.65766,271,3.23878,0,0,4778,111236534918
51.0233,19.5989,4.36954,0,99,54,73,2386,1000,4.65766,271,3.23878,0,0,4778,111340604971
49.91,20.0361,4.36954,0,99,54,73,2386,1000,4.65766,271,3.23878,0,0,4778,111444675506
61.592,16.2359,3.99003,0,99,54,72,2406,1000,4.65766,271,3.23851,0,0,4779,111548746281
49.4114,20.2382,3.99003,0,99,54,72,2406,1000,4.65766,271,3.23851,0,0,4779,111652821294
47.2857,21.148,3.99003,0,99,54,72,2406,1000,4.65766,271,3.23851,0,0,4779,111756892740
49.5279,20.1907,3.99003,0,99,54,72,2406,1000,4.65766,271,3.23851,0,0,4779,111860964377
49.4893,20.2064,3.99003,0,99,54,72,2406,1000,4.65766,271,3.23851,0,0,4779,111965038077
48.1268,20.7784,3.97022,0,99,54,73,2389,1000,4.65766,271,3.23898,0,0,4703,112069105797
49.7399,20.1046,3.97022,0,99,54,73,2389,1000,4.65766,271,3.23898,0,0,4703,112173176792
47.6842,20.9713,3.97022,0,99,54,73,2389,1000,4.65766,271,3.23898,0,0,4703,112277247427
48.2452,20.7274,3.97022,0,99,54,73,2389,1000,4.65766,271,3.23898,0,0,4703,112381317150
49.0973,20.3677,3.97022,0,99,54,73,2389,1000,4.65766,271,3.23898,0,0,4703,112485386081
47.7419,20.946,4.04908,0,99,54,73,2407,1000,4.65766,271,3.23867,0,0,4780,112589455624
46.7411,21.3945,4.04908,0,99,54,73,2407,1000,4.65766,271,3.23867,0,0,4780,112693524255
48.2609,20.7207,4.04908,0,99,54,73,2407,1000,4.65766,271,3.23867,0,0,4780,112797602294
48.2155,20.7402,4.04908,0,99,54,73,2407,1000,4.65766,271,3.23867,0,0,4780,112901672057
49.5587,20.1781,4.04908,0,99,54,73,2407,1000,4.65766,271,3.23867,0,0,4780,113005743192
48.0996,20.7902,3.86473,0,99,53,73,2396,1000,4.65766,271,3.23867,0,0,4790,113109813537
71.3251,14.0203,3.86473,0,99,53,73,2396,1000,4.65766,271,3.23867,0,0,4790,113213884853
49.0404,20.3913,3.86473,0,99,53,73,2396,1000,4.65766,271,3.23867,0,0,4790,113317958824
48.6282,20.5642,3.86473,0,99,53,73,2396,1000,4.65766,271,3.23867,0,0,4790,113422032684
49.1976,20.3262,3.86473,0,99,53,73,2396,1000,4.65766,271,3.23867,0,0,4790,113526108339
48.289,20.7087,4.02439,0,99,53,73,2391,1000,4.65766,271,3.23867,0,0,4752,113630179554
48.8813,20.4577,4.02439,0,99,53,73,2391,1000,4.65766,271,3.23867,0,0,4752,113734250369
48.6418,20.5584,4.02439,0,99,53,73,2391,1000,4.65766,271,3.23867,0,0,4752,113838320603
47.6973,20.9656,4.02439,0,99,53,73,2391,1000,4.65766,271,3.23867,0,0,4752,113942389745
48.3256,20.693,4.02439,0,99,53,73,2391,1000,4.65766,271,3.23867,0,0,4752,114046459619
47.9398,20.8595,4.10628,0,99,53,72,2395,1000,4.65766,271,3.23867,0,0,4741,114150532347
48.8695,20.4627,4.10628,0,99,53,72,2395,1000,4.65766,271,3.23867,0,0,4741,114254603002
47.9809,20.8416,4.10628,0,99,53,72,2395,1000,4.65766,271,3.23867,0,0,4741,114358672214
47.2798,21.1507,4.10628,0,99,53,72,2395,1000,4.65766,271,3.23867,0,0,4741,114462743430
48.1943,20.7493,4.21836,0,99,53,73,2411,1000,4.65766,271,3.23867,0,0,4791,114566812352
49.1556,20.3436,4.21836,0,99,53,73,2411,1000,4.65766,271,3.23867,0,0,4791,114670879871
49.0768,20.3762,4.21836,0,99,53,73,2411,1000,4.65766,271,3.23867,0,0,4791,114774955404
49.3684,20.2559,4.21836,0,99,53,73,2411,1000,4.65766,271,3.23867,0,0,4791,114879025117
48.5307,20.6055,4.21836,0,99,53,73,2411,1000,4.65766,271,3.23867,0,0,4791,114983095031
48.2093,20.7429,3.76214,0,99,53,73,2402,1000,4.65766,271,3.23867,0,0,4791,115087163982
48.225,20.7361,3.76214,0,99,53,73,2402,1000,4.65766,271,3.23867,0,0,4791,115191232784
48.2208,20.7379,3.76214,0,99,53,73,2402,1000,4.65766,271,3.23867,0,0,4791,115295300222
47.3411,21.1233,3.76214,0,99,53,73,2402,1000,4.65766,271,3.23867,0,0,4791,115399370687
48.6654,20.5485,3.76214,0,99,53,73,2402,1000,4.65766,271,3.23867,0,0,4791,115503440530
48.0739,20.8013,3.23786,0,99,53,73,2413,1000,4.65766,271,3.23867,0,0,4790,115607509051
47.4057,21.0945,3.23786,0,99,53,73,2413,1000,4.65766,271,3.23867,0,0,4790,115711527929
48.9404,20.433,3.23786,0,99,53,73,2413,1000,4.65766,271,3.23867,0,0,4790,115815598684
49.4629,20.2172,3.23786,0,99,53,73,2413,1000,4.65766,271,3.23867,0,0,4790,115919667725
49.4921,20.2052,3.23786,0,99,53,73,2413,1000,4.65766,271,3.23867,0,0,4790,116023736436
50.3268,19.8701,4.68557,0,99,53,73,2404,1000,4.65766,271,3.23623,0,0,4670,116127805829
49.2744,20.2945,4.68557,0,99,53,73,2404,1000,4.65766,271,3.23623,0,0,4670,116231875071
47.8015,20.9199,4.68557,0,99,53,73,2404,1000,4.65766,271,3.23623,0,0,4670,116335943622
46.0128,21.7331,4.68557,0,99,53,73,2404,1000,4.65766,271,3.23623,0,0,4670,116440017954
47.015,21.2698,4.68557,0,99,53,73,2404,1000,4.65766,271,3.23623,0,0,4670,116544086855
46.8572,21.3414,3.74849,0,99,53,73,2406,1000,4.65766,271,3.2362,0,0,4766,116648156328
47.4188,21.0887,3.74849,0,99,53,73,2406,1000,4.65766,271,3.2362,0,0,4766,116752224969
46.1243,21.6805,3.74849,0,99,53,73,2406,1000,4.65766,271,3.2362,0,0,4766,116856294301
46.1245,21.6804,3.74849,0,99,53,73,2406,1000,4.65766,271,3.2362,0,0,4766,116960361489
46.8795,21.3313,3.74849,0,99,53,73,2406,1000,4.65766,271,3.2362,0,0,4766,117064432064
47.4584,21.0711,3.69914,0,99,53,73,2401,1000,4.65766,271,3.23619,0,0,4788,117168500134
46.9483,21.3,3.69914,0,99,53,73,2401,1000,4.65766,271,3.23619,0,0,4788,117272529351
48.2622,20.7202,3.69914,0,99,53,73,2401,1000,4.65766,271,3.23619,0,0,4788,117376604634
47.684,20.9714,3.69914,0,99,53,73,2401,1000,4.65766,271,3.23619,0,0,4788,117480676702
48.8365,20.4765,3.69914,0,99,53,73,2401,1000,4.65766,271,3.23619,0,0,4788,117584748268
48.4977,20.6195,3.74396,0,99,53,73,2392,1000,4.65766,271,3.23619,0,0,4744,117688818091
48.3665,20.6755,3.74396,0,99,53,73,2392,1000,4.65766,271,3.23619,0,0,4744,117792889367
47.4597,21.0705,3.74396,0,99,53,73,2392,1000,4.65766,271,3.23619,0,0,4744,117896961104
48.6392,20.5596,3.74396,0,99,53,73,2392,1000,4.65766,271,3.23619,0,0,4744,118001033542
47.7212,20.955,3.74396,0,99,53,73,2392,1000,4.65766,271,3.23619,0,0,4744,118105103856
47.4841,21.0597,3.6452,0,99,53,73,2394,1000,4.65766,271,3.23619,0,0,4791,118209301930
47.2799,21.1506,3.6452,0,99,53,73,2394,1000,4.65766,271,3.23619,0,0,4791,118313375560
45.116,22.1651,3.6452,0,99,53,73,2394,1000,4.65766,271,3.23619,0,0,4791,118417446977
45.2849,22.0824,3.6452,0,99,53,73,2394,1000,4.65766,271,3.23619,0,0,4791,118521522210
46.1581,21.6647,3.6452,0,99,53,73,2394,1000,4.65766,271,3.23619,0,0,4791,118625591232
47.3186,21.1334,4.08163,0,99,53,73,2410,1000,4.65766,271,3.23619,0,0,4766,118729661997
45.1808,22.1333,4.08163,0,99,53,73,2410,1000,4.65766,271,3.23619,0,0,4766,118833732351
45.4464,22.0039,4.08163,0,99,53,73,2410,1000,4.65766,271,3.23619,0,0,4766,118937804579
46.0892,21.697,4.08163,0,99,53,73,2410,1000,4.65766,271,3.23619,0,0,4766,119041873570
45.6528,21.9044,4.08163,0,99,53,73,2410,1000,4.65766,271,3.23619,0,0,4766,119145946399
43.8727,22.7932,3.72208,0,99,53,73,2396,1000,4.65766,271,3.23619,0,0,4790,119250019759
40.6954,24.5728,3.72208,0,99,53,73,2396,1000,4.65766,271,3.23619,0,0,4790,119354090694
45.6539,21.9039,3.72208,0,99,53,73,2396,1000,4.65766,271,3.23619,0,0,4790,119458166148
47.0887,21.2365,3.72208,0,99,53,73,2396,1000,4.65766,271,3.23619,0,0,4790,119562237073
47.198,21.1873,3.72208,0,99,53,73,2396,1000,4.65766,271,3.23619,0,0,4790,119666315653
47.0065,21.2737,3.20197,0,99,53,73,2396,1000,4.65766,271,3.23619,0,0,4766,119770387710
46.8339,21.3521,3.20197,0,99,53,73,2396,1000,4.65766,271,3.23619,0,0,4766,119874461191
46.2977,21.5993,3.20197,0,99,53,73,2396,1000,4.65766,271,3.23619,0,0,4766,119978537576
46.5968,21.4607,3.20197,0,99,53,73,2396,1000,4.65766,271,3.23619,0,0,4766,120082629751
47.6653,20.9796,3.20197,0,99,53,73,2396,1000,4.65766,271,3.23619,0,0,4766,120186702841
46.7351,21.3972,3.28467,0,99,53,73,2383,1000,4.65766,271,3.23619,0,0,4784,120290785468
46.3424,21.5785,3.28467,0,99,53,73,2383,1000,4.65766,271,3.23619,0,0,4784,120394868886
46.1823,21.6533,3.28467,0,99,53,73,2383,1000,4.65766,271,3.23619,0,0,4784,120498940162
46.389,21.5568,3.28467,0,99,53,73,2383,1000,4.65766,271,3.23619,0,0,4784,120603011599
42.098,23.7541,3.28467,0,99,53,73,2383,1000,4.65766,271,3.23619,0,0,4784,120707083726
46.1949,21.6474,3.52369,0,99,53,73,2395,1000,4.62348,271,3.23647,0,0,4766,120811158409
47.2192,21.1778,3.52369,0,99,53,73,2395,1000,4.62348,271,3.23647,0,0,4766,120915230085
46.4544,21.5265,3.52369,0,99,53,73,2395,1000,4.62348,271,3.23647,0,0,4766,121019300179
46.2046,21.6428,3.52369,0,99,53,73,2395,1000,4.62348,271,3.23647,0,0,4766,121123371976
46.2693,21.6126,3.30073,0,99,53,73,2399,1000,4.62348,271,3.2364,0,0,4791,121227442120
46.918,21.3138,3.30073,0,99,53,73,2399,1000,4.62348,271,3.2364,0,0,4791,121331519387
46.5895,21.464,3.30073,0,99,53,73,2399,1000,4.62348,271,3.2364,0,0,4791,121435592536
45.8689,21.8013,3.30073,0,99,53,73,2399,1000,4.62348,271,3.2364,0,0,4791,121539663412
46.1678,21.6601,3.30073,0,99,53,73,2399,1000,4.62348,271,3.2364,0,0,4791,121643735038
45.6022,21.9288,3.62757,0,99,53,73,2400,1000,4.62348,271,3.23709,0,0,4790,121747807236
45.9189,21.7775,3.62757,0,99,53,73,2400,1000,4.62348,271,3.23709,0,0,4790,121851879754
45.5481,21.9548,3.62757,0,99,53,73,2400,1000,4.62348,271,3.23709,0,0,4790,121955951892
45.6377,21.9117,3.62757,0,99,53,73,2400,1000,4.62348,271,3.23709,0,0,4790,122060023819
46.0301,21.7249,3.62757,0,99,53,73,2400,1000,4.62348,271,3.23709,0,0,4790,122164094454
45.7997,21.8342,3.37349,0,99,53,73,2377,1000,4.62348,271,3.24218,0,0,4790,122268165269
45.5525,21.9527,3.37349,0,99,53,73,2377,1000,4.62348,271,3.24218,0,0,4790,122372234010
46.0287,21.7256,3.37349,0,99,53,73,2377,1000,4.62348,271,3.24218,0,0,4790,122476309754
46.7554,21.3879,3.37349,0,99,53,73,2377,1000,4.62348,271,3.24218,0,0,4790,122580385649
45.1346,22.1559,3.37349,0,99,53,73,2377,1000,4.62348,271,3.24218,0,0,4790,122684454570
46.3446,21.5775,3.59281,0,99,53,73,2398,1000,4.62348,271,3.24214,0,0,4790,122788520917
45.1515,22.1477,3.59281,0,99,53,73,2398,1000,4.62348,271,3.24214,0,0,4790,122892588917
45.2933,22.0783,3.59281,0,99,53,73,2398,1000,4.62348,271,3.24214,0,0,4790,122996656285
45.3351,22.058,3.59281,0,99,53,73,2398,1000,4.62348,271,3.24214,0,0,4790,123100726109
45.4648,21.995,3.59281,0,99,53,73,2398,1000,4.62348,271,3.24214,0,0,4790,123204795531
44.5812,22.431,2.72615,0,99,53,73,2374,1000,4.62348,271,3.24214,0,0,4791,123308861848
44.0482,22.7024,2.72615,0,99,53,73,2374,1000,4.62348,271,3.24214,0,0,4791,123412929807
44.6187,22.4121,2.72615,0,99,53,73,2374,1000,4.62348,271,3.24214,0,0,4791,123516999510
44.7087,22.367,2.72615,0,99,53,73,2374,1000,4.62348,271,3.24214,0,0,4791,123621070967
44.6976,22.3726,2.72615,0,99,53,73,2374,1000,4.62348,271,3.24214,0,0,4791,123725142313
45.07,22.1877,3.5109,0,99,53,73,2376,1000,4.62348,271,3.24191,0,0,4789,123829212256
45.2758,22.0868,3.5109,0,99,53,73,2376,1000,4.62348,271,3.24191,0,0,4789,123933281959
44.4264,22.5092,3.5109,0,99,53,73,2376,1000,4.62348,271,3.24191,0,0,4789,124037352023
44.7515,22.3456,3.5109,0,99,53,73,2376,1000,4.62348,271,3.24191,0,0,4789,124141436133
44.6751,22.3838,3.5109,0,99,53,73,2376,1000,4.62348,271,3.24191,0,0,4789,124245507078
43.5729,22.95,3.38164,0,99,53,73,2396,1000,4.62348,271,3.24191,0,0,4790,124349613710
44.1554,22.6473,3.38164,0,99,53,73,2396,1000,4.62348,271,3.24191,0,0,4790,124453683423
44.0883,22.6818,3.38164,0,99,53,73,2396,1000,4.62348,271,3.24191,0,0,4790,124557736706
44.8519,22.2956,3.38164,0,99,53,73,2396,1000,4.62348,271,3.24191,0,0,4790,124661807811
44.4846,22.4797,3.38164,0,99,53,73,2396,1000,4.62348,271,3.24191,0,0,4790,124765878236
44.449,22.4977,3.37756,0,99,53,73,2397,1000,4.62152,271,3.24109,0,0,4738,124869948780
44.6985,22.3721,3.37756,0,99,53,73,2397,1000,4.62152,271,3.24109,0,0,4738,124974018413
44.072,22.6901,3.37756,0,99,53,73,2397,1000,4.62152,271,3.24109,0,0,4738,125078088306
43.3452,23.0706,3.37756,0,99,53,73,2397,1000,4.62152,271,3.24109,0,0,4738,125182157629
43.7489,22.8577,3.37756,0,99,53,73,2397,1000,4.62152,271,3.24109,0,0,4738,125286227402
45.2941,22.0779,3.61882,0,99,53,73,2383,1000,4.62152,271,3.24134,0,0,4791,125390301383
44.6308,22.406,3.61882,0,99,53,73,2383,1000,4.62152,271,3.24134,0,0,4791,125494367950
44.4943,22.4748,3.61882,0,99,53,73,2383,1000,4.62152,271,3.24134,0,0,4791,125598436070
39.7931,25.13,3.61882,0,99,53,73,2383,1000,4.62152,271,3.24134,0,0,4791,125702506234
43.4169,23.0325,3.61882,0,99,53,73,2383,1000,4.62152,271,3.24134,0,0,4791,125806585735
44.341,22.5525,4.5067,0,99,53,73,2405,1000,4.62152,271,3.23801,0,0,4787,125910656721
44.53,22.4568,4.5067,0,99,53,73,2405,1000,4.62152,271,3.23801,0,0,4787,126014726965
45.9443,21.7655,4.5067,0,99,53,73,2405,1000,4.62152,271,3.23801,0,0,4787,126118796658
45.379,22.0366,4.5067,0,99,53,73,2405,1000,4.62152,271,3.23801,0,0,4787,126222866751
44.9452,22.2493,4.5067,0,99,53,73,2405,1000,4.62152,271,3.23801,0,0,4787,126326937376
44.2732,22.587,4.0146,0,99,53,73,2408,1000,4.62152,271,3.23849,0,0,4683,126430973947
45.3716,22.0402,4.0146,0,99,53,73,2408,1000,4.62152,271,3.23849,0,0,4683,126535044131
45.0611,22.1921,4.0146,0,99,53,73,2408,1000,4.62152,271,3.23849,0,0,4683,126639116529
44.5552,22.4441,4.0146,0,99,53,73,2408,1000,4.62152,271,3.23849,0,0,4683,126743185781
44.5693,22.4369,4.0146,0,99,53,73,2408,1000,4.62152,271,3.23849,0,0,4683,126847254672
44.2353,22.6064,3.86941,0,99,53,73,2408,1000,4.62152,271,3.23849,0,0,4761,126951321961
44.8311,22.306,3.86941,0,99,53,73,2408,1000,4.62152,271,3.23849,0,0,4761,127055392896
44.1843,22.6325,3.86941,0,99,53,73,2408,1000,4.62152,271,3.23849,0,0,4761,127159462760
44.2459,22.601,3.86941,0,99,53,73,2408,1000,4.62152,271,3.23849,0,0,4761,127263533344
35.0572,28.5248,3.86941,0,99,53,73,2408,1000,4.62152,271,3.23849,0,0,4761,127367605301
55.701,17.953,3.47722,0,99,53,73,2384,1000,4.62152,271,3.23849,0,0,4750,127471677870
43.9386,22.7591,3.47722,0,99,53,73,2384,1000,4.62152,271,3.23849,0,0,4750,127575751340
43.3761,23.0542,3.47722,0,99,53,73,2384,1000,4.62152,271,3.23849,0,0,4750,127679838706
43.823,22.8191,3.47722,0,99,53,73,2384,1000,4.62152,271,3.23849,0,0,4750,127783909591
43.632,22.919,3.47722,0,99,53,73,2384,1000,4.62152,271,3.23849,0,0,4750,127887981057
43.4572,23.0112,4.19664,0,99,54,73,2431,1000,4.66571,271,3.23849,0,0,4784,127992063985
42.6243,23.4608,4.19664,0,99,54,73,2431,1000,4.66571,271,3.23849,0,0,4784,128096148246
42.9375,23.2897,4.19664,0,99,54,73,2431,1000,4.66571,271,3.23849,0,0,4784,128200231975
42.8636,23.3298,4.19664,0,99,54,73,2431,1000,4.66571,271,3.23849,0,0,4784,128304302910
41.7813,23.9341,4.19664,0,99,54,73,2431,1000,4.66571,271,3.23849,0,0,4784,128408371932
43.1195,23.1914,4.23216,0,99,54,73,2429,1000,4.66571,271,3.23872,0,0,4777,128512454218
45.0403,22.2023,4.23216,0,99,54,73,2429,1000,4.66571,271,3.23872,0,0,4777,128616511238
48.1126,20.7846,4.23216,0,99,54,73,2429,1000,4.66571,271,3.23872,0,0,4777,128720582854
45.3844,22.034,4.23216,0,99,54,73,2429,1000,4.66571,271,3.23872,0,0,4777,128824668217
45.4765,21.9894,4.23216,0,99,54,73,2429,1000,4.66571,271,3.23872,0,0,4777,128928751084
45.2474,22.1007,4.46097,0,99,54,73,2398,1000,4.66571,271,3.23872,0,0,4785,129032835335
45.6997,21.882,4.46097,0,99,54,73,2398,1000,4.66571,271,3.23872,0,0,4785,129136917711
45.7555,21.8553,4.46097,0,99,54,73,2398,1000,4.66571,271,3.23872,0,0,4785,129240990811
44.6286,22.4072,4.46097,0,99,54,73,2398,1000,4.66571,271,3.23872,0,0,4785,129345060924
46.1081,21.6881,4.46097,0,99,54,73,2398,1000,4.66571,271,3.23872,0,0,4785,129449144524
45.1614,22.1428,3.60697,0,99,54,73,2427,1000,4.66571,271,3.23872,0,0,4741,129553236248
46.0774,21.7026,3.60697,0,99,54,73,2427,1000,4.66571,271,3.23872,0,0,4741,129657318775
46.1006,21.6917,3.60697,0,99,54,73,2427,1000,4.66571,271,3.23872,0,0,4741,129761389460
45.0794,22.1831,3.60697,0,99,54,73,2427,1000,4.66571,271,3.23872,0,0,4741,129865458582
46.3832,21.5595,3.60697,0,99,54,73,2427,1000,4.66571,271,3.23872,0,0,4741,129969510591
45.4789,21.9882,3.58911,0,99,54,73,2428,1000,4.66571,271,3.23872,0,0,4761,130073581417
45.451,22.0017,3.58911,0,99,54,73,2428,1000,4.66571,271,3.23872,0,0,4761,130177652362
45.1948,22.1265,3.58911,0,99,54,73,2428,1000,4.66571,271,3.23872,0,0,4761,130281721985
44.6027,22.4202,3.58911,0,99,54,73,2428,1000,4.66571,271,3.23872,0,0,4761,130385790315
45.6984,21.8826,4.1769,0,99,54,73,2423,1000,4.66571,271,3.23872,0,0,4761,130489858585
45.3139,22.0683,4.1769,0,99,54,73,2423,1000,4.66571,271,3.23872,0,0,4761,130593927677
45.4743,21.9905,4.1769,0,99,54,73,2423,1000,4.66571,271,3.23872,0,0,4761,130697998041
44.7755,22.3336,4.1769,0,99,54,73,2423,1000,4.66571,271,3.23872,0,0,4761,130802085758
45.3673,22.0423,4.1769,0,99,54,73,2423,1000,4.66571,271,3.23872,0,0,4761,130906170570
45.5524,21.9528,3.72208,0,99,54,73,2419,1000,4.66571,271,3.23529,0,0,4791,131010253107
45.9789,21.7491,3.72208,0,99,54,73,2419,1000,4.66571,271,3.23529,0,0,4791,131114322198
45.3696,22.0412,3.72208,0,99,54,73,2419,1000,4.66571,271,3.23529,0,0,4791,131218392873
45.6969,21.8833,3.72208,0,99,54,73,2419,1000,4.66571,271,3.23529,0,0,4791,131322469810
45.3365,22.0573,3.72208,0,99,54,73,2419,1000,4.66571,271,3.23529,0,0,4791,131426519275
45.5357,21.9608,3.82244,0,99,54,73,2416,1000,4.66571,271,3.23528,0,0,4741,131530590150
44.6325,22.4052,3.82244,0,99,54,73,2416,1000,4.66571,271,3.23528,0,0,4741,131634660935
45.8553,21.8077,3.82244,0,99,54,73,2416,1000,4.66571,271,3.23528,0,0,4741,131738729676
45.2777,22.0859,3.82244,0,99,54,73,2416,1000,4.66571,271,3.23528,0,0,4741,131842798458
45.2495,22.0997,3.82244,0,99,54,73,2416,1000,4.66571,271,3.23528,0,0,4741,131946868992
46.655,21.4339,3.82244,0,99,54,73,2403,1000,4.66571,271,3.23988,0,0,4744,132050939757
45.1727,22.1372,3.82244,0,99,54,73,2403,1000,4.66571,271,3.23988,0,0,4744,132155019759
45.0847,22.1805,3.82244,0,99,54,73,2403,1000,4.66571,271,3.23988,0,0,4744,132259091937
45.3688,22.0416,3.82244,0,99,54,73,2403,1000,4.66571,271,3.23988,0,0,4744,132363162181
45.4577,21.9985,3.82244,0,99,54,73,2403,1000,4.66571,271,3.23988,0,0,4744,132467230812
45.1833,22.1321,4.06905,0,99,54,73,2412,1000,4.66571,271,3.24001,0,0,4763,132571298040
45.5223,21.9673,4.06905,0,99,54,73,2412,1000,4.66571,271,3.24001,0,0,4763,132675368455
45.3108,22.0698,4.06905,0,99,54,73,2412,1000,4.66571,271,3.24001,0,0,4763,132779439420
45.3626,22.0446,4.06905,0,99,54,73,2412,1000,4.66571,271,3.24001,0,0,4763,132883511858
45.3219,22.0644,4.06905,0,99,54,73,2412,1000,4.66571,271,3.24001,0,0,4763,132987581601
45.0349,22.205,3.69914,0,99,54,73,2423,1000,4.66571,271,3.24001,0,0,4763,133091648118
45.171,22.1381,3.69914,0,99,54,73,2423,1000,4.66571,271,3.24001,0,0,4763,133195717701
45.438,22.008,3.69914,0,99,54,73,2423,1000,4.66571,271,3.24001,0,0,4763,133299786372
45.3142,22.0681,3.69914,0,99,54,73,2423,1000,4.66571,271,3.24001,0,0,4763,133403856326
44.9633,22.2403,3.69914,0,99,54,73,2423,1000,4.66571,271,3.24001,0,0,4763,133507925768
44.5562,22.4436,4.1769,0,99,54,73,2423,1000,4.66571,271,3.24001,0,0,4755,133611997956
45.8442,21.813,4.1769,0,99,54,73,2423,1000,4.66571,271,3.24001,0,0,4755,133716068360
45.4499,22.0023,4.1769,0,99,54,73,2423,1000,4.66571,271,3.24001,0,0,4755,133820136270
45.2507,22.0991,4.1769,0,99,54,73,2423,1000,4.66571,271,3.24001,0,0,4755,133924206343
45.5093,21.9735,4.1769,0,99,54,73,2423,1000,4.66571,271,3.24001,0,0,4755,134028278040
43.8407,22.8098,3.7037,0,99,54,73,2427,1000,4.66571,271,3.24001,0,0,4740,134132350639
45.5501,21.9538,3.7037,0,99,54,73,2427,1000,4.66571,271,3.24001,0,0,4740,134236439217
45.6647,21.8988,3.7037,0,99,54,73,2427,1000,4.66571,271,3.24001,0,0,4740,134340524629
46.7636,21.3841,3.7037,0,99,54,73,2427,1000,4.66571,271,3.24001,0,0,4740,134444604652
44.6633,22.3897,3.82244,0,99,54,73,2430,1000,4.66571,271,3.24001,0,0,4741,134548688111
44.933,22.2554,3.82244,0,99,54,73,2430,1000,4.66571,271,3.24001,0,0,4741,134652758294
43.8179,22.8217,3.82244,0,99,54,73,2430,1000,4.66571,271,3.24001,0,0,4741,134756828178
44.2016,22.6236,3.82244,0,99,54,73,2430,1000,4.66571,271,3.24001,0,0,4741,134860897851
45.9907,21.7435,3.82244,0,99,54,73,2430,1000,4.66571,271,3.24001,0,0,4741,134964968766
45.1253,22.1605,3.81304,0,99,54,73,2429,1000,4.69757,271,3.24001,0,0,4766,135069050171
42.3854,23.593,3.81304,0,99,54,73,2429,1000,4.69757,271,3.24001,0,0,4766,135173130975
44.0124,22.7209,3.81304,0,99,54,73,2429,1000,4.69757,271,3.24001,0,0,4766,135277199055
48.497,20.6198,3.81304,0,99,54,73,2429,1000,4.69757,271,3.24001,0,0,4766,135381266644
45.3175,22.0665,3.81304,0,99,54,73,2429,1000,4.69757,271,3.24001,0,0,4766,135485335074
46.2888,21.6035,3.43558,0,99,54,73,2439,1000,4.7298,271,3.24001,0,0,4790,135589405198
43.5541,22.9599,3.43558,0,99,54,73,2439,1000,4.7298,271,3.24001,0,0,4790,135693472396
46.743,21.3936,3.43558,0,99,54,73,2439,1000,4.7298,271,3.24001,0,0,4790,135797513335
46.098,21.6929,3.43558,0,99,54,73,2439,1000,4.7298,271,3.24001,0,0,4790,135901595782
45.8258,21.8218,3.43558,0,99,54,73,2439,1000,4.7298,271,3.24001,0,0,4790,136005679211
45.8492,21.8107,3.84615,0,99,54,73,2424,1000,4.73376,271,3.24038,0,0,4715,136109750437
46.2164,21.6373,3.84615,0,99,54,73,2424,1000,4.73376,271,3.24038,0,0,4715,136213819799
45.7684,21.8492,3.84615,0,99,54,73,2424,1000,4.73376,271,3.24038,0,0,4715,136317888771
46.0134,21.7328,3.84615,0,99,54,73,2424,1000,4.73376,271,3.24038,0,0,4715,136421958434
45.6262,21.9173,3.84615,0,99,54,73,2424,1000,4.73376,271,3.24038,0,0,4715,136526027025
45.8921,21.7902,3.2491,0,99,54,73,2408,1000,4.69952,271,3.24025,0,0,4790,136630096848
46.6933,21.4164,3.2491,0,99,54,73,2408,1000,4.69952,271,3.24025,0,0,4790,136734165419
46.053,21.7141,3.2491,0,99,54,73,2408,1000,4.69952,271,3.24025,0,0,4790,136838236033
46.16,21.6638,3.2491,0,99,54,73,2408,1000,4.69952,271,3.24025,0,0,4790,136942306518
46.3949,21.5541,3.2491,0,99,54,73,2408,1000,4.69952,271,3.24025,0,0,4790,137046376211
46.3668,21.5672,3.49398,0,99,54,73,2423,1000,4.69952,271,3.24025,0,0,4781,137150445163
46.389,21.5568,3.49398,0,99,54,73,2423,1000,4.69952,271,3.24025,0,0,4781,137254526227
45.3731,22.0395,3.49398,0,99,54,73,2423,1000,4.69952,271,3.24025,0,0,4781,137358597843
46.5418,21.4861,3.49398,0,99,54,73,2423,1000,4.69952,271,3.24025,0,0,4781,137462668398
45.7822,21.8426,3.49398,0,99,54,73,2423,1000,4.69952,271,3.24025,0,0,4781,137566736688
45.7944,21.8367,3.36943,0,99,54,73,2417,1000,4.69952,271,3.24025,0,0,4790,137670818855
47.2428,21.1672,3.36943,0,99,54,73,2417,1000,4.69952,271,3.24025,0,0,4790,137774889900
45.9492,21.7631,3.36943,0,99,54,73,2417,1000,4.69952,271,3.24025,0,0,4790,137878959874
46.9598,21.2948,3.36943,0,99,54,73,2417,1000,4.69952,271,3.24025,0,0,4790,137983041900
46.0439,21.7184,3.36943,0,99,54,73,2417,1000,4.69952,271,3.24025,0,0,4790,138087113587
45.9946,21.7417,3.14389,0,99,54,73,2417,1000,4.69952,271,3.24025,0,0,4762,138191185013
46.06,21.7108,3.14389,0,99,54,73,2417,1000,4.69952,271,3.24025,0,0,4762,138295255397
46.4388,21.5337,3.14389,0,99,54,73,2417,1000,4.69952,271,3.24025,0,0,4762,138399338165
46.63,21.4454,3.14389,0,99,54,73,2417,1000,4.69952,271,3.24025,0,0,4762,138503408128
46.6981,21.4141,3.14389,0,99,54,73,2417,1000,4.69952,271,3.24025,0,0,4762,138607476819
46.7109,21.4083,3.13631,0,99,54,73,2422,1000,4.69952,271,3.24025,0,0,4757,138711501137
46.2231,21.6342,3.13631,0,99,54,73,2422,1000,4.69952,271,3.24025,0,0,4757,138815583574
47.1297,21.218,3.13631,0,99,54,73,2422,1000,4.69952,271,3.24025,0,0,4757,138919655351
45.8273,21.8211,3.13631,0,99,54,73,2422,1000,4.69952,271,3.24025,0,0,4757,139023724643
46.2667,21.6138,3.13631,0,99,54,73,2422,1000,4.69952,271,3.24025,0,0,4757,139127792523
45.7349,21.8651,3.02297,0,99,53,73,2411,1000,4.69952,271,3.24025,0,0,4761,139231861785
45.273,22.0882,3.02297,0,99,53,73,2411,1000,4.69952,271,3.24025,0,0,4761,139335936166
45.8785,21.7967,3.02297,0,99,53,73,2411,1000,4.69952,271,3.24025,0,0,4761,139440007513
46.3148,21.5914,3.02297,0,99,53,73,2411,1000,4.69952,271,3.24025,0,0,4761,139544075813
46.6414,21.4402,3.02297,0,99,53,73,2411,1000,4.69952,271,3.24025,0,0,4761,139648145676
45.8656,21.8028,3.25301,0,99,53,73,2424,1000,4.69952,271,3.24025,0,0,4789,139752214217
47.3011,21.1411,3.25301,0,99,53,73,2424,1000,4.69952,271,3.24025,0,0,4789,139856242923
46.4627,21.5226,3.25301,0,99,53,73,2424,1000,4.69952,271,3.24025,0,0,4789,139960312225
45.7058,21.8791,3.25301,0,99,53,73,2424,1000,4.69952,271,3.24025,0,0,4789,140064385956
47.7108,20.9596,3.25301,0,99,53,73,2424,1000,4.69952,271,3.24025,0,0,4789,140168463253
46.2922,21.6019,3.26087,0,99,53,73,2409,1000,4.69952,271,3.24025,0,0,4766,140272543255
46.4741,21.5174,3.26087,0,99,53,73,2409,1000,4.69952,271,3.24025,0,0,4766,140376617026
45.9557,21.7601,3.26087,0,99,53,73,2409,1000,4.69952,271,3.24025,0,0,4766,140480688302
46.4366,21.5347,3.26087,0,99,53,73,2409,1000,4.69952,271,3.24025,0,0,4766,140584758506
46.4332,21.5363,3.26087,0,99,53,73,2409,1000,4.69952,271,3.24025,0,0,4766,140688830934
46.9052,21.3196,3.2767,0,99,53,73,2420,1000,4.69952,271,3.24099,0,0,4735,140792906218
45.989,21.7443,3.2767,0,99,53,73,2420,1000,4.69952,271,3.24099,0,0,4735,140896977814
46.4857,21.512,3.2767,0,99,53,73,2420,1000,4.69952,271,3.24099,0,0,4735,141001047888
46.4434,21.5316,3.2767,0,99,53,73,2420,1000,4.69952,271,3.24099,0,0,4735,141105117060
47.1544,21.2069,3.2767,0,99,53,73,2420,1000,4.69952,271,3.24099,0,0,4735,141209187013
46.619,21.4505,3.26877,0,99,53,73,2417,1000,4.69952,271,3.24099,0,0,4741,141313258369
46.8355,21.3513,3.26877,0,99,53,73,2417,1000,4.69952,271,3.24099,0,0,4741,141417331138
46.9726,21.289,3.26877,0,99,53,73,2417,1000,4.69952,271,3.24099,0,0,4741,141521401252
46.2942,21.601,3.26877,0,99,53,73,2417,1000,4.69952,271,3.24099,0,0,4741,141625470664
47.0634,21.2479,3.26877,0,99,53,73,2417,1000,4.69952,271,3.24099,0,0,4741,141729497507
46.015,21.732,3.62319,0,99,53,73,2407,1000,4.69952,271,3.24167,0,0,4685,141833567981
46.3621,21.5693,3.62319,0,99,53,73,2407,1000,4.69952,271,3.24167,0,0,4685,141937621394
45.9429,21.7661,3.62319,0,99,53,73,2407,1000,4.69952,271,3.24167,0,0,4685,142041690025
46.3365,21.5813,3.62319,0,99,53,73,2407,1000,4.69952,271,3.24167,0,0,4685,142145757804
45.425,22.0143,3.62319,0,99,53,73,2407,1000,4.69952,271,3.24167,0,0,4685,142249828729
46.3823,21.5599,3.16302,0,99,53,73,2420,1000,4.69952,271,3.24054,0,0,4783,142353899985
46.5507,21.482,3.16302,0,99,53,73,2420,1000,4.69952,271,3.24054,0,0,4783,142457969237
46.306,21.5955,3.16302,0,99,53,73,2420,1000,4.69952,271,3.24054,0,0,4783,142562039311
47.2139,21.1802,3.16302,0,99,53,73,2420,1000,4.69952,271,3.24054,0,0,4783,142666110076
46.4524,21.5274,3.16302,0,99,53,73,2420,1000,4.69952,271,3.24054,0,0,4783,142770180170
46.5133,21.4992,3.2767,0,99,53,73,2422,1000,4.69952,271,3.24054,0,0,4764,142874250644
46.3824,21.5599,3.2767,0,99,53,73,2422,1000,4.69952,271,3.24054,0,0,4764,142978320137
46.4061,21.5489,3.2767,0,99,53,73,2422,1000,4.69952,271,3.24054,0,0,4764,143082390120
45.9434,21.7659,3.2767,0,99,53,73,2422,1000,4.69952,271,3.24054,0,0,4764,143186467949
45.462,21.9964,3.2767,0,99,53,73,2422,1000,4.69952,271,3.24054,0,0,4764,143290499961
47.3552,21.117,3.20592,0,99,53,73,2417,1000,4.69952,271,3.24054,0,0,4787,143394572179
47.9045,20.8749,3.20592,0,99,53,73,2417,1000,4.69952,271,3.24054,0,0,4787,143498642333
49.248,20.3054,3.20592,0,99,53,73,2417,1000,4.69952,271,3.24054,0,0,4787,143602711665
49.6253,20.151,3.20592,0,99,53,73,2417,1000,4.69952,271,3.24054,0,0,4787,143706782270
47.7543,20.9405,3.20592,0,99,53,73,2417,1000,4.69952,271,3.24054,0,0,4787,143810852093
49.129,20.3546,3.4398,0,99,53,73,2384,1000,4.70154,271,3.24054,0,0,4741,143914922277
48.8464,20.4723,3.4398,0,99,53,73,2384,1000,4.70154,271,3.24054,0,0,4741,144018991429
49.4122,20.2379,3.4398,0,99,53,73,2384,1000,4.70154,271,3.24054,0,0,4741,144123057555
48.9817,20.4158,3.4398,0,99,53,73,2384,1000,4.70154,271,3.24054,0,0,4741,144227125615
48.7378,20.518,3.4398,0,99,53,73,2384,1000,4.70154,271,3.24054,0,0,4741,144331200377
48.4323,20.6474,3.43558,0,99,53,73,2389,1000,4.69952,271,3.24054,0,0,4741,144435267826
48.2814,20.7119,3.43558,0,99,53,73,2389,1000,4.69952,271,3.24054,0,0,4741,144539335736
48.6284,20.5641,3.43558,0,99,53,73,2389,1000,4.69952,271,3.24054,0,0,4741,144643405459
48.3817,20.669,3.43558,0,99,53,73,2389,1000,4.69952,271,3.24054,0,0,4741,144747475072
48.7827,20.4991,3.43558,0,99,53,73,2389,1000,4.69952,271,3.24054,0,0,4741,144851551397
48.0107,20.8287,2.83251,0,99,53,73,2394,1000,4.69952,271,3.24054,0,0,4756,144955619016
48.7926,20.4949,2.83251,0,99,53,73,2394,1000,4.69952,271,3.24054,0,0,4756,145059689490
48.1635,20.7626,2.83251,0,99,53,73,2394,1000,4.69952,271,3.24054,0,0,4756,145163759504
49.1238,20.3567,2.83251,0,99,53,73,2394,1000,4.69952,271,3.24054,0,0,4756,145267829648
50.2847,19.8868,2.83251,0,99,53,73,2394,1000,4.69952,271,3.24054,0,0,4756,145371898098
48.7177,20.5264,3.52798,0,99,53,73,2389,1000,4.69952,271,3.24054,0,0,4698,145475970647
48.9336,20.4358,3.52798,0,99,53,73,2389,1000,4.69952,271,3.24054,0,0,4698,145580039148
48.6777,20.5433,3.52798,0,99,53,73,2389,1000,4.69952,271,3.24054,0,0,4698,145684110864
48.6737,20.545,3.52798,0,99,53,73,2389,1000,4.69952,271,3.24054,0,0,4698,145788183052
48.0537,20.8101,3.88821,0,99,53,73,2389,1000,4.69952,271,3.23954,0,0,4786,145892258295
48.8814,20.4577,3.88821,0,99,53,73,2389,1000,4.69952,271,3.23954,0,0,4786,145996340432
49.3917,20.2463,3.88821,0,99,53,73,2389,1000,4.69952,271,3.23954,0,0,4786,146100423660
48.8101,20.4876,3.88821,0,99,53,73,2389,1000,4.69952,271,3.23954,0,0,4786,146204491920
49.8812,20.0476,3.88821,0,99,53,73,2389,1000,4.69952,271,3.23954,0,0,4786,146308560782
48.5914,20.5798,3.38573,0,99,53,73,2398,1000,4.69952,271,3.23994,0,0,4742,146412642197
49.4508,20.2221,3.38573,0,99,53,73,2398,1000,4.69952,271,3.23994,0,0,4742,146516720997
46.9616,21.294,3.38573,0,99,53,73,2398,1000,4.69952,271,3.23994,0,0,4742,146620802211
48.3017,20.7032,3.38573,0,99,53,73,2398,1000,4.69952,271,3.23994,0,0,4742,146724872265
48.0191,20.8251,3.38573,0,99,53,73,2398,1000,4.69952,271,3.23994,0,0,4742,146828942168
48.086,20.7961,3.38164,0,99,53,73,2409,1000,4.69952,271,3.24018,0,0,4760,146933024375
48.1921,20.7503,3.38164,0,99,53,73,2409,1000,4.69952,271,3.24018,0,0,4760,147037106150
47.3751,21.1081,3.38164,0,99,53,73,2409,1000,4.69952,271,3.24018,0,0,4760,147141188908
48.779,20.5006,3.38164,0,99,53,73,2409,1000,4.69952,271,3.24018,0,0,4760,147245269682
47.8758,20.8874,3.38164,0,99,53,73,2409,1000,4.69952,271,3.24018,0,0,4760,147349353541
48.0146,20.827,3.13631,0,99,53,73,2382,1000,4.69952,271,3.24017,0,0,4746,147453425348
48.5984,20.5768,3.13631,0,99,53,73,2382,1000,4.69952,271,3.24017,0,0,4746,147557491414
48.2359,20.7314,3.13631,0,99,53,73,2382,1000,4.69952,271,3.24017,0,0,4746,147661562430
49.4518,20.2217,3.13631,0,99,53,73,2382,1000,4.69952,271,3.24017,0,0,4746,147765632574
48.4542,20.6381,3.13631,0,99,53,73,2382,1000,4.69952,271,3.24017,0,0,4746,147869702818
48.6101,20.5718,3.25301,0,99,53,73,2402,1000,4.69952,271,3.24017,0,0,4769,147973771799
48.1876,20.7522,3.25301,0,99,53,73,2402,1000,4.69952,271,3.24017,0,0,4769,148077840550
48.1309,20.7767,3.25301,0,99,53,73,2402,1000,4.69952,271,3.24017,0,0,4769,148181909562
47.8013,20.9199,3.25301,0,99,53,73,2402,1000,4.69952,271,3.24017,0,0,4769,148285977342
48.6116,20.5712,3.25301,0,99,53,73,2402,1000,4.69952,271,3.24017,0,0,4769,148390048547
47.3102,21.1371,3.24519,0,99,53,73,2389,1000,4.69952,271,3.24017,0,0,4770,148494117549
48.0339,20.8186,3.24519,0,99,53,73,2389,1000,4.69952,271,3.24017,0,0,4770,148598184317
48.1441,20.771,3.24519,0,99,53,73,2389,1000,4.69952,271,3.24017,0,0,4770,148702251635
48.2738,20.7152,3.24519,0,99,53,73,2389,1000,4.69952,271,3.24017,0,0,4770,148806320637
47.9934,20.8362,3.24519,0,99,53,73,2389,1000,4.69952,271,3.24017,0,0,4770,148910390420
49.1348,20.3522,2.88582,0,99,53,73,2402,1000,4.69952,271,3.24017,0,0,4786,149014459802
48.6215,20.567,2.88582,0,99,53,73,2402,1000,4.69952,271,3.24017,0,0,4786,149118489751
49.0479,20.3882,2.88582,0,99,53,73,2402,1000,4.69952,271,3.24017,0,0,4786,149222567819
48.4023,20.6602,2.88582,0,99,53,73,2402,1000,4.69952,271,3.24017,0,0,4786,149326637452
48.575,20.5867,2.88582,0,99,53,73,2402,1000,4.69952,271,3.24017,0,0,4786,149430706083
48.4259,20.6501,3.01205,0,99,53,73,2395,1000,4.69952,271,3.24017,0,0,4772,149534772871
48.3674,20.6751,3.01205,0,99,53,73,2395,1000,4.69952,271,3.24017,0,0,4772,149638840891
47.7435,20.9452,3.01205,0,99,53,73,2395,1000,4.69952,271,3.24017,0,0,4772,149742922336
47.8215,20.9111,3.01205,0,99,53,73,2395,1000,4.69952,271,3.24017,0,0,4772,149846992319
47.7037,20.9627,3.01205,0,99,53,73,2395,1000,4.69952,271,3.24017,0,0,4772,149951061371
48.0596,20.8075,3.375,0,99,53,73,2395,1000,4.69952,271,3.24017,0,0,4791,150055130172
