os,cpu,gpu,ram,kernel,driver,cpuscheduler
Arch Linux,AMD Ryzen 7 5800X 8-Core Processor,AMD Radeon RX 6900 XT ,32764440,7.0.9-arch1-1,,performance
fps,frametime,cpu_load,cpu_power,gpu_load,cpu_temp,gpu_temp,gpu_core_clock,gpu_mem_clock,gpu_vram_used,gpu_power,ram_used,swap_used,process_rss,cpu_mhz,elapsed
49.2931,20.2868,3.81304,0,94,73,63,2569,1000,4.7146,259,3.51602,0,0,4757,329672268
48.2757,20.7144,3.81304,0,94,73,63,2569,1000,4.7146,259,3.51602,0,0,4757,433801583
49.3855,20.2489,3.81304,0,94,73,63,2569,1000,4.7146,259,3.51602,0,0,4757,537869132
47.2498,21.1641,3.81304,0,94,73,63,2569,1000,4.7146,259,3.51602,0,0,4757,641937873
48.0472,20.8129,3.61446,0,99,72,64,2463,1000,4.69864,270,3.51503,0,0,4759,746014519
47.0989,21.2319,3.61446,0,99,72,64,2463,1000,4.69864,270,3.51503,0,0,4759,850081016
48.4821,20.6262,3.61446,0,99,72,64,2463,1000,4.69864,270,3.51503,0,0,4759,954146932
47.4337,21.082,3.61446,0,99,72,64,2463,1000,4.69864,270,3.51503,0,0,4759,1058213910
46.542,21.486,3.61446,0,99,72,64,2463,1000,4.69864,270,3.51503,0,0,4759,1162278743
47.108,21.2278,3.20592,0,99,71,65,2469,1000,4.69864,271,3.51551,0,0,4742,1266359978
46.5461,21.4841,3.20592,0,99,71,65,2469,1000,4.69864,271,3.51551,0,0,4742,1370427627
46.865,21.3379,3.20592,0,99,71,65,2469,1000,4.69864,271,3.51551,0,0,4742,1474494535
46.8151,21.3606,3.20592,0,99,71,65,2469,1000,4.69864,271,3.51551,0,0,4742,1578562405
47.2701,21.155,3.20592,0,99,71,65,2469,1000,4.69864,271,3.51551,0,0,4742,1682630294
47.0609,21.2491,2.9304,0,99,70,65,2472,1000,4.69864,271,3.50803,0,0,4723,1786697703
47.002,21.2757,2.9304,0,99,70,65,2472,1000,4.69864,271,3.50803,0,0,4723,1890764821
47.7258,20.953,2.9304,0,99,70,65,2472,1000,4.69864,271,3.50803,0,0,4723,1994832340
47.1639,21.2027,2.9304,0,99,70,65,2472,1000,4.69864,271,3.50803,0,0,4723,2098901231
47.0717,21.2442,2.9304,0,99,70,65,2472,1000,4.69864,271,3.50803,0,0,4723,2202968981
46.3131,21.5922,3.07503,0,99,69,65,2472,1000,4.69864,271,3.51773,0,0,4765,2307037411
47.0888,21.2365,3.07503,0,99,69,65,2472,1000,4.69864,271,3.51773,0,0,4765,2411104660
46.0605,21.7106,3.07503,0,99,69,65,2472,1000,4.69864,271,3.51773,0,0,4765,2515170806
47.4564,21.072,3.07503,0,99,69,65,2472,1000,4.69864,271,3.51773,0,0,4765,2619243014
46.8821,21.3301,3.07503,0,99,69,65,2472,1000,4.69864,271,3.51773,0,0,4765,2723309471
47.1345,21.2159,2.93758,0,99,68,66,2463,1000,4.69864,271,3.51743,0,0,4740,2827378763
47.5706,21.0214,2.93758,0,99,68,66,2463,1000,4.69864,271,3.51743,0,0,4740,2931442795
46.9733,21.2887,2.93758,0,99,68,66,2463,1000,4.69864,271,3.51743,0,0,4740,3035508170
48.0029,20.8321,2.93758,0,99,68,66,2463,1000,4.69864,271,3.51743,0,0,4740,3139573435
47.2174,21.1787,2.93758,0,99,68,66,2463,1000,4.69864,271,3.51743,0,0,4740,3243643959
47.8655,20.8919,2.836,0,99,67,66,2467,1000,4.69864,271,3.49923,0,0,4736,3347712670
46.1684,21.6599,2.836,0,99,67,66,2467,1000,4.69864,271,3.49923,0,0,4736,3451780730
47.5833,21.0158,2.836,0,99,67,66,2467,1000,4.69864,271,3.49923,0,0,4736,3555848289
46.3454,21.5771,2.836,0,99,67,66,2467,1000,4.69864,271,3.49923,0,0,4736,3659926809
46.4867,21.5115,2.836,0,99,67,66,2467,1000,4.69864,271,3.49923,0,0,4736,3763994187
46.6694,21.4273,2.94118,0,99,67,66,2468,1000,4.69864,271,3.49922,0,0,4767,3868060414
47.6618,20.9812,2.94118,0,99,67,66,2468,1000,4.69864,271,3.49922,0,0,4767,3972126660
46.5319,21.4906,2.94118,0,99,67,66,2468,1000,4.69864,271,3.49922,0,0,4767,4076195061
46.9113,21.3168,2.94118,0,99,67,66,2468,1000,4.69864,271,3.49922,0,0,4767,4180268190
47.2989,21.1421,2.94118,0,99,67,66,2468,1000,4.69864,271,3.49922,0,0,4767,4284336140
47.0476,21.2551,2.9484,0,99,66,66,2465,1000,4.68393,271,3.49443,0,0,4718,4388404000
47.0497,21.2541,2.9484,0,99,66,66,2465,1000,4.68393,271,3.49443,0,0,4718,4492433307
47.0687,21.2455,2.9484,0,99,66,66,2465,1000,4.68393,271,3.49443,0,0,4718,4596502298
46.535,21.4892,2.9484,0,99,66,66,2465,1000,4.68393,271,3.49443,0,0,4718,4700570409
47.0479,21.2549,2.9484,0,99,66,66,2465,1000,4.68393,271,3.49443,0,0,4718,4804638178
47.7571,20.9393,2.93399,0,99,65,66,2466,1000,4.68393,271,3.49443,0,0,4788,4908718671
46.612,21.4537,2.93399,0,99,65,66,2466,1000,4.68393,271,3.49443,0,0,4788,5012787943
47.9044,20.8749,2.93399,0,99,65,66,2466,1000,4.68393,271,3.49443,0,0,4788,5116875740
47.0889,21.2364,2.93399,0,99,65,66,2466,1000,4.68393,271,3.49443,0,0,4788,5220957776
48.2783,20.7133,2.93399,0,99,65,66,2466,1000,4.68393,271,3.49443,0,0,4788,5325036677
47.6406,20.9905,3.07125,0,99,64,66,2460,1000,4.68393,271,3.46821,0,0,4740,5429118592
47.7532,20.941,3.07125,0,99,64,66,2460,1000,4.68393,271,3.46821,0,0,4740,5533178036
46.7932,21.3706,3.07125,0,99,64,66,2460,1000,4.68393,271,3.46821,0,0,4740,5637248501
44.0726,22.6898,3.07125,0,99,64,66,2460,1000,4.68393,271,3.46821,0,0,4740,5741318294
45.874,21.7988,3.07125,0,99,64,66,2460,1000,4.68393,271,3.46821,0,0,4740,5845390191
46.4872,21.5113,3.4398,0,99,64,66,2453,1000,4.70509,271,3.46844,0,0,4740,5949460545
46.7361,21.3967,3.4398,0,99,64,66,2453,1000,4.70509,271,3.46844,0,0,4740,6053531821
48.0187,20.8252,3.4398,0,99,64,66,2453,1000,4.70509,271,3.46844,0,0,4740,6157602175
46.0609,21.7104,3.4398,0,99,64,66,2453,1000,4.70509,271,3.46844,0,0,4740,6261683590
47.9893,20.838,2.98137,0,99,63,66,2452,1000,4.70314,271,3.46844,0,0,4740,6365765626
47.5557,21.028,2.98137,0,99,63,66,2452,1000,4.70314,271,3.46844,0,0,4740,6469834778
47.3438,21.1221,2.98137,0,99,63,66,2452,1000,4.70314,271,3.46844,0,0,4740,6573917616
46.9868,21.2826,2.98137,0,99,63,66,2452,1000,4.70314,271,3.46844,0,0,4740,6677986047
46.8413,21.3487,2.98137,0,99,63,66,2452,1000,4.70314,271,3.46844,0,0,4740,6782058445
47.3444,21.1218,3.43558,0,99,63,67,2456,1000,4.70314,271,3.46844,0,0,4739,6886128348
46.474,21.5174,3.43558,0,99,63,67,2456,1000,4.70314,271,3.46844,0,0,4739,6990211206
49.3365,20.269,3.43558,0,99,63,67,2456,1000,4.70314,271,3.46844,0,0,4739,7094281059
47.361,21.1144,3.43558,0,99,63,67,2456,1000,4.70314,271,3.46844,0,0,4739,7198351583
47.189,21.1914,3.43558,0,99,63,67,2456,1000,4.70314,271,3.46844,0,0,4739,7302419894
47.6221,20.9986,3.83663,0,99,62,67,2451,1000,4.68222,271,3.46695,0,0,4742,7406489146
47.2183,21.1782,3.83663,0,99,62,67,2451,1000,4.68222,271,3.46695,0,0,4742,7510555533
46.9077,21.3184,3.83663,0,99,62,67,2451,1000,4.68222,271,3.46695,0,0,4742,7614624845
46.7257,21.4015,3.83663,0,99,62,67,2451,1000,4.68222,271,3.46695,0,0,4742,7718694257
47.8449,20.9009,3.83663,0,99,62,67,2451,1000,4.68222,271,3.46695,0,0,4742,7822764001
46.4731,21.5178,3.34158,0,99,62,67,2460,1000,4.68222,271,3.46695,0,0,4701,7926831810
46.9842,21.2838,3.34158,0,99,62,67,2460,1000,4.68222,271,3.46695,0,0,4701,8030900742
47.7541,20.9406,3.34158,0,99,62,67,2460,1000,4.68222,271,3.46695,0,0,4701,8134969002
47.7689,20.9341,3.34158,0,99,62,67,2460,1000,4.68222,271,3.46695,0,0,4701,8239036200
48.1486,20.769,3.34158,0,99,62,67,2460,1000,4.68222,271,3.46695,0,0,4701,8343110171
48.0638,20.8057,3.83189,0,99,61,67,2461,1000,4.68222,271,3.46729,0,0,4790,8447180806
49.3988,20.2434,3.83189,0,99,61,67,2461,1000,4.68222,271,3.46729,0,0,4790,8551250719
47.8836,20.884,3.83189,0,99,61,67,2461,1000,4.68222,271,3.46729,0,0,4790,8655317958
47.484,21.0597,3.83189,0,99,61,67,2461,1000,4.68222,271,3.46729,0,0,4790,8759386228
47.3159,21.1345,3.83189,0,99,61,67,2461,1000,4.68222,271,3.46729,0,0,4790,8863453376
48.108,20.7866,3.35404,0,99,61,67,2461,1000,4.68222,271,3.46729,0,0,4756,8967520635
47.8577,20.8953,3.35404,0,99,61,67,2461,1000,4.68222,271,3.46729,0,0,4756,9071589376
47.3643,21.1129,3.35404,0,99,61,67,2461,1000,4.68222,271,3.46729,0,0,4756,9175659389
44.7827,22.33,3.35404,0,99,61,67,2461,1000,4.68222,271,3.46729,0,0,4756,9279727299
46.2659,21.6142,3.35404,0,99,61,67,2461,1000,4.68222,271,3.46729,0,0,4756,9383796401
48.1754,20.7575,3.20988,0,99,60,67,2458,1000,4.68222,271,3.46664,0,0,4688,9487874970
45.4081,22.0225,3.20988,0,99,60,67,2458,1000,4.68222,271,3.46664,0,0,4688,9591943501
44.5596,22.4418,3.20988,0,99,60,67,2458,1000,4.68222,271,3.46664,0,0,4688,9696011000
45.3018,22.0742,3.20988,0,99,60,67,2458,1000,4.68222,271,3.46664,0,0,4688,9800075002
44.8171,22.3129,3.21384,0,99,60,67,2452,1000,4.71445,271,3.46664,0,0,4679,9904140507
45.6051,21.9274,3.21384,0,99,60,67,2452,1000,4.71445,271,3.46664,0,0,4679,10008206463
45.1859,22.1308,3.21384,0,99,60,67,2452,1000,4.71445,271,3.46664,0,0,4679,10112281406
45.1134,22.1664,3.21384,0,99,60,67,2452,1000,4.71445,271,3.46664,0,0,4679,10216348955
45.321,22.0648,3.21384,0,99,60,67,2452,1000,4.71445,271,3.46664,0,0,4679,10320418267
44.7006,22.371,2.95567,0,99,59,67,2443,1000,4.71445,271,3.4661,0,0,4762,10424485826
45.3612,22.0453,2.95567,0,99,59,67,2443,1000,4.71445,271,3.4661,0,0,4762,10528553065
44.3443,22.5508,2.95567,0,99,59,67,2443,1000,4.71445,271,3.4661,0,0,4762,10632621515
44.9957,22.2244,2.95567,0,99,59,67,2443,1000,4.71445,271,3.4661,0,0,4762,10736688734
45.8181,21.8254,2.95567,0,99,59,67,2443,1000,4.71445,271,3.4661,0,0,4762,10840754489
45.3509,22.0503,3.08261,0,99,59,67,2438,1000,4.71445,271,3.4661,0,0,4740,10944821828
45.735,21.8651,3.08261,0,99,59,67,2438,1000,4.71445,271,3.4661,0,0,4740,11048888525
45.2489,22.1,3.08261,0,99,59,67,2438,1000,4.71445,271,3.4661,0,0,4740,11152954602
45.6769,21.8929,3.08261,0,99,59,67,2438,1000,4.71445,271,3.4661,0,0,4740,11257021790
45.4214,22.016,3.08261,0,99,59,67,2438,1000,4.71445,271,3.4661,0,0,4740,11361116700
45.7915,21.8381,3.44828,0,99,59,68,2438,1000,4.7164,271,3.46583,0,0,4756,11465187535
46.3732,21.5642,3.44828,0,99,59,68,2438,1000,4.7164,271,3.46583,0,0,4756,11569269030
45.7089,21.8776,3.44828,0,99,59,68,2438,1000,4.7164,271,3.46583,0,0,4756,11673337741
45.6646,21.8988,3.44828,0,99,59,68,2438,1000,4.7164,271,3.46583,0,0,4756,11777404940
45.7051,21.8794,3.44828,0,99,59,68,2438,1000,4.7164,271,3.46583,0,0,4756,11881476496
45.9093,21.7821,3.10559,0,99,58,68,2441,1000,4.71445,271,3.46583,0,0,4755,11985546329
45.8924,21.7901,3.10559,0,99,58,68,2441,1000,4.71445,271,3.46583,0,0,4755,12089615431
45.8327,21.8185,3.10559,0,99,58,68,2441,1000,4.71445,271,3.46583,0,0,4755,12193686637
45.7964,21.8358,3.10559,0,99,58,68,2441,1000,4.71445,271,3.46583,0,0,4755,12297753825
46.6395,21.441,3.10559,0,99,58,68,2441,1000,4.71445,271,3.46583,0,0,4755,12401821965
46.2385,21.627,3.85572,0,99,58,68,2450,1000,4.71445,271,3.46404,0,0,4762,12505890927
44.9011,22.2712,3.85572,0,99,58,68,2450,1000,4.71445,271,3.46404,0,0,4762,12609959788
45.4359,22.009,3.85572,0,99,58,68,2450,1000,4.71445,271,3.46404,0,0,4762,12714005907
46.2884,21.6037,3.85572,0,99,58,68,2450,1000,4.71445,271,3.46404,0,0,4762,12818072384
45.9624,21.7569,3.85572,0,99,58,68,2450,1000,4.71445,271,3.46404,0,0,4762,12922141907
45.8021,21.833,2.76035,0,99,58,68,2433,1000,4.71445,271,3.46451,0,0,4690,13026211159
45.8598,21.8056,2.76035,0,99,58,68,2433,1000,4.71445,271,3.46451,0,0,4690,13130280932
45.3262,22.0623,2.76035,0,99,58,68,2433,1000,4.71445,271,3.46451,0,0,4690,13234349673
46.357,21.5717,2.76035,0,99,58,68,2433,1000,4.71445,271,3.46451,0,0,4690,13338418665
47.3396,21.124,2.76035,0,99,58,68,2433,1000,4.71445,271,3.46451,0,0,4690,13442488689
46.6423,21.4398,3.125,0,99,57,68,2451,1000,4.71445,271,3.46451,0,0,4764,13546558111
46.9446,21.3017,3.125,0,99,57,68,2451,1000,4.71445,271,3.46451,0,0,4764,13650639646
45.7442,21.8607,3.125,0,99,57,68,2451,1000,4.71445,271,3.46451,0,0,4764,13754708508
47.7143,20.9581,3.125,0,99,57,68,2451,1000,4.71445,271,3.46451,0,0,4764,13858774884
45.3528,22.0494,3.125,0,99,57,68,2451,1000,4.71445,271,3.46451,0,0,4764,13962846080
46.7588,21.3864,3.01932,0,99,57,68,2433,1000,4.71445,271,3.46451,0,0,4790,14066914881
45.8268,21.8213,3.01932,0,99,57,68,2433,1000,4.71445,271,3.46451,0,0,4790,14170984264
46.705,21.411,3.01932,0,99,57,68,2433,1000,4.71445,271,3.46451,0,0,4790,14275051773
46.4366,21.5347,3.01932,0,99,57,68,2433,1000,4.71445,271,3.46451,0,0,4790,14379106748
47.0282,21.2638,3.01932,0,99,57,68,2433,1000,4.71445,271,3.46451,0,0,4790,14483188173
45.7987,21.8347,3.49819,0,99,57,68,2447,1000,4.71445,271,3.46474,0,0,4753,14587256273
47.4078,21.0936,3.49819,0,99,57,68,2447,1000,4.71445,271,3.46474,0,0,4753,14691323471
47.0992,21.2318,3.49819,0,99,57,68,2447,1000,4.71445,271,3.46474,0,0,4753,14795391752
46.567,21.4744,3.49819,0,99,57,68,2447,1000,4.71445,271,3.46474,0,0,4753,14899458169
45.9879,21.7449,3.49819,0,99,57,68,2447,1000,4.71445,271,3.46474,0,0,4753,15003526148
46.0471,21.7169,2.43902,0,99,56,68,2444,1000,4.71445,271,3.46474,0,0,4764,15107603966
45.5572,21.9504,2.43902,0,99,56,68,2444,1000,4.71445,271,3.46474,0,0,4764,15211673920
46.0403,21.7201,2.43902,0,99,56,68,2444,1000,4.71445,271,3.46474,0,0,4764,15315742080
46.6327,21.4442,2.43902,0,99,56,68,2444,1000,4.71445,271,3.46474,0,0,4764,15419809128
46.3796,21.5612,3.02663,0,99,56,68,2434,1000,4.71445,271,3.4652,0,0,4761,15523877749
46.3857,21.5584,3.02663,0,99,56,68,2434,1000,4.71445,271,3.4652,0,0,4761,15627942803
46.5914,21.4632,3.02663,0,99,56,68,2434,1000,4.71445,271,3.4652,0,0,4761,15732012386
45.9003,21.7864,3.02663,0,99,56,68,2434,1000,4.71445,271,3.4652,0,0,4761,15836082881
43.4915,22.993,3.02663,0,99,56,68,2434,1000,4.71445,271,3.4652,0,0,4761,15940158274
46.7376,21.396,3.00842,0,99,56,68,2445,1000,4.71445,271,3.4652,0,0,4773,16044226855
46.6857,21.4198,3.00842,0,99,56,68,2445,1000,4.71445,271,3.4652,0,0,4773,16148292851
46.8025,21.3664,3.00842,0,99,56,68,2445,1000,4.71445,271,3.4652,0,0,4773,16252370158
49.3606,20.2591,3.00842,0,99,56,68,2445,1000,4.71445,271,3.4652,0,0,4773,16356442546
47.8745,20.8879,3.00842,0,99,56,68,2445,1000,4.71445,271,3.4652,0,0,4773,16460512269
48.2128,20.7414,3.25,0,99,56,68,2442,1000,4.74667,271,3.4652,0,0,4754,16564578897
47.9246,20.8661,3.25,0,99,56,68,2442,1000,4.74667,271,3.4652,0,0,4754,16668645434
48.7931,20.4947,3.25,0,99,56,68,2442,1000,4.74667,271,3.4652,0,0,4754,16772712051
48.571,20.5884,3.25,0,99,56,68,2442,1000,4.74667,271,3.4652,0,0,4754,16876779069
48.3982,20.6619,3.25,0,99,56,68,2442,1000,4.74667,271,3.4652,0,0,4754,16980844955
50.0761,19.9696,4.35323,0,99,56,68,2416,1000,4.71445,271,3.47639,0,0,4713,17084893949
47.745,20.9446,4.35323,0,99,56,68,2416,1000,4.71445,271,3.47639,0,0,4713,17188960746
49.1942,20.3276,4.35323,0,99,56,68,2416,1000,4.71445,271,3.47639,0,0,4713,17293027133
49.0484,20.388,4.35323,0,99,56,68,2416,1000,4.71445,271,3.47639,0,0,4713,17397093871
48.203,20.7456,4.35323,0,99,56,68,2416,1000,4.71445,271,3.47639,0,0,4713,17501160087
48.0088,20.8295,3.83234,0,99,56,69,2450,1000,4.71445,271,3.46814,0,0,4771,17605228979
47.7284,20.9519,3.83234,0,99,56,69,2450,1000,4.71445,271,3.46814,0,0,4771,17709295696
47.4091,21.093,3.83234,0,99,56,69,2450,1000,4.71445,271,3.46814,0,0,4771,17813362514
48.2518,20.7246,3.83234,0,99,56,69,2450,1000,4.71445,271,3.46814,0,0,4771,17917430393
48.2974,20.705,3.83234,0,99,56,69,2450,1000,4.71445,271,3.46814,0,0,4771,18021498363
49.3669,20.2565,3.38164,0,99,56,69,2419,1000,4.71445,271,3.46837,0,0,4731,18125578906
48.6508,20.5547,3.38164,0,99,56,69,2419,1000,4.71445,271,3.46837,0,0,4731,18229659039
47.7982,20.9213,3.38164,0,99,56,69,2419,1000,4.71445,271,3.46837,0,0,4731,18333727369
47.6676,20.9786,3.38164,0,99,56,69,2419,1000,4.71445,271,3.46837,0,0,4731,18437795199
49.9648,20.0141,3.38164,0,99,56,69,2419,1000,4.71445,271,3.46837,0,0,4731,18541856075
47.9969,20.8347,3.61882,0,99,56,69,2439,1000,4.71445,271,3.46323,0,0,4728,18645926800
46.9025,21.3208,3.61882,0,99,56,69,2439,1000,4.71445,271,3.46323,0,0,4728,18749995581
47.7811,20.9288,3.61882,0,99,56,69,2439,1000,4.71445,271,3.46323,0,0,4728,18854016282
46.9396,21.304,3.61882,0,99,56,69,2439,1000,4.71445,271,3.46323,0,0,4728,18958084352
47.5472,21.0317,3.61882,0,99,56,69,2439,1000,4.71445,271,3.46323,0,0,4728,19062150459
47.7159,20.9574,3.36239,0,99,55,69,2419,1000,4.71445,271,3.46347,0,0,4747,19166217607
47.4982,21.0534,3.36239,0,99,55,69,2419,1000,4.71445,271,3.46347,0,0,4747,19270284615
47.2956,21.1436,3.36239,0,99,55,69,2419,1000,4.71445,271,3.46347,0,0,4747,19374353506
47.9154,20.8701,3.36239,0,99,55,69,2419,1000,4.71445,271,3.46347,0,0,4747,19478420474
48.2306,20.7337,3.36239,0,99,55,69,2419,1000,4.71445,271,3.46347,0,0,4747,19582489265
47.8168,20.9131,3.47395,0,99,55,69,2444,1000,4.71445,271,3.4637,0,0,4763,19686557355
47.8455,20.9006,3.47395,0,99,55,69,2444,1000,4.71445,271,3.4637,0,0,4763,19790628952
48.2801,20.7125,3.47395,0,99,55,69,2444,1000,4.71445,271,3.4637,0,0,4763,19894709395
48.0645,20.8054,3.47395,0,99,55,69,2444,1000,4.71445,271,3.4637,0,0,4763,19998778397
48.5497,20.5974,3.47395,0,99,55,69,2444,1000,4.71445,271,3.4637,0,0,4763,20102816921
48.9502,20.4289,3.49127,0,99,56,69,2433,1000,4.71445,271,3.4637,0,0,4708,20206883639
47.6371,20.992,3.49127,0,99,56,69,2433,1000,4.71445,271,3.4637,0,0,4708,20310964873
47.7698,20.9337,3.49127,0,99,56,69,2433,1000,4.71445,271,3.4637,0,0,4708,20415034957
48.3343,20.6892,3.49127,0,99,56,69,2433,1000,4.71445,271,3.4637,0,0,4708,20519102225
48.9528,20.4278,3.49127,0,99,56,69,2433,1000,4.71445,271,3.4637,0,0,4708,20623184071
47.7536,20.9408,3.24519,0,99,56,69,2448,1000,4.71445,271,3.4637,0,0,4574,20727252211
48.1469,20.7698,3.24519,0,99,56,69,2448,1000,4.71445,271,3.4637,0,0,4574,20831319279
47.0701,21.2449,3.24519,0,99,56,69,2448,1000,4.71445,271,3.4637,0,0,4574,20935389253
47.2155,21.1795,3.24519,0,99,56,69,2448,1000,4.71445,271,3.4637,0,0,4574,21039457002
47.9081,20.8733,3.49127,0,99,55,69,2433,1000,4.71445,271,3.46394,0,0,4652,21143524852
47.6869,20.9701,3.49127,0,99,55,69,2433,1000,4.71445,271,3.46394,0,0,4652,21247592491
47.1149,21.2247,3.49127,0,99,55,69,2433,1000,4.71445,271,3.46394,0,0,4652,21351660601
47.9651,20.8485,3.49127,0,99,55,69,2433,1000,4.71445,271,3.46394,0,0,4652,21455729542
47.9207,20.8678,3.49127,0,99,55,69,2433,1000,4.71445,271,3.46394,0,0,4652,21559798774
47.9441,20.8576,3.47826,0,99,55,69,2433,1000,4.71445,271,3.46393,0,0,4666,21663867185
47.6633,20.9805,3.47826,0,99,55,69,2433,1000,4.71445,271,3.46393,0,0,4666,21767933792
49.05,20.3873,3.47826,0,99,55,69,2433,1000,4.71445,271,3.46393,0,0,4666,21872001321
48.4619,20.6348,3.47826,0,99,55,69,2433,1000,4.71445,271,3.46393,0,0,4666,21976069241
50.4785,19.8104,3.47826,0,99,55,69,2433,1000,4.71445,271,3.46393,0,0,4666,22080137210
48.4016,20.6605,4.24469,0,99,55,69,2442,1000,4.71445,271,3.46455,0,0,4732,22184207985
47.822,20.9109,4.24469,0,99,55,69,2442,1000,4.71445,271,3.46455,0,0,4732,22288275314
47.5161,21.0455,4.24469,0,99,55,69,2442,1000,4.71445,271,3.46455,0,0,4732,22392343654
46.1175,21.6838,4.24469,0,99,55,69,2442,1000,4.71445,271,3.46455,0,0,4732,22496412095
47.6971,20.9656,4.24469,0,99,55,69,2442,1000,4.71445,271,3.46455,0,0,4732,22600484493
47.8744,20.888,3.82244,0,99,55,69,2434,1000,4.71445,271,3.46577,0,0,4695,22704553755
47.5724,21.0206,3.82244,0,99,55,69,2434,1000,4.71445,271,3.46577,0,0,4695,22808620032
47.2774,21.1518,3.82244,0,99,55,69,2434,1000,4.71445,271,3.46577,0,0,4695,22912687501
47.1333,21.2164,3.82244,0,99,55,69,2434,1000,4.71445,271,3.46577,0,0,4695,23016740212
48.7646,20.5067,3.82244,0,99,55,69,2434,1000,4.71445,271,3.46577,0,0,4695,23120804344
48.4096,20.6571,3.58911,0,99,55,70,2421,1000,4.74459,271,3.46577,0,0,4713,23224869308
47.7597,20.9381,3.58911,0,99,55,70,2421,1000,4.74459,271,3.46577,0,0,4713,23328935615
47.2035,21.1849,3.58911,0,99,55,70,2421,1000,4.74459,271,3.46577,0,0,4713,23433004276
47.7713,20.9331,3.58911,0,99,55,70,2421,1000,4.74459,271,3.46577,0,0,4713,23537081012
47.6968,20.9658,3.58911,0,99,55,70,2421,1000,4.74459,271,3.46577,0,0,4713,23641166745
47.3668,21.1118,3.58911,0,99,55,70,2438,1000,4.74459,271,3.46601,0,0,4698,23745248822
46.5101,21.5007,3.58911,0,99,55,70,2438,1000,4.74459,271,3.46601,0,0,4698,23849330998
47.0089,21.2726,3.58911,0,99,55,70,2438,1000,4.74459,271,3.46601,0,0,4698,23953413094
48.0608,20.807,3.58911,0,99,55,70,2438,1000,4.74459,271,3.46601,0,0,4698,24057496773
46.417,21.5438,3.22181,0,99,55,70,2444,1000,4.74459,271,3.46601,0,0,4789,24161578779
49.2755,20.2941,3.22181,0,99,55,70,2444,1000,4.74459,271,3.46601,0,0,4789,24265659603
47.5076,21.0493,3.22181,0,99,55,70,2444,1000,4.74459,271,3.46601,0,0,4789,24369742170
47.7015,20.9637,3.22181,0,99,55,70,2444,1000,4.74459,271,3.46601,0,0,4789,24473823215
47.5543,21.0286,3.22181,0,99,55,70,2444,1000,4.74459,271,3.46601,0,0,4789,24577905451
47.9469,20.8564,3.93604,0,99,55,70,2427,1000,4.74459,271,3.46624,0,0,4765,24681987197
47.3657,21.1123,3.93604,0,99,55,70,2427,1000,4.74459,271,3.46624,0,0,4765,24786067840
48.6536,20.5535,3.93604,0,99,55,70,2427,1000,4.74459,271,3.46624,0,0,4765,24890134217
47.5492,21.0308,3.93604,0,99,55,70,2427,1000,4.74459,271,3.46624,0,0,4765,24994213929
47.1595,21.2046,3.93604,0,99,55,70,2427,1000,4.74459,271,3.46624,0,0,4765,25098305172
47.7299,20.9512,3.22981,0,99,55,70,2419,1000,4.74459,271,3.46624,0,0,4760,25202385926
47.534,21.0376,3.22981,0,99,55,70,2419,1000,4.74459,271,3.46624,0,0,4760,25306465988
48.7033,20.5325,3.22981,0,99,55,70,2419,1000,4.74459,271,3.46624,0,0,4760,25410534579
48.3484,20.6832,3.22981,0,99,55,70,2419,1000,4.74459,271,3.46624,0,0,4760,25514613780
48.229,20.7344,3.22981,0,99,55,70,2419,1000,4.74459,271,3.46624,0,0,4760,25618694995
46.4201,21.5424,3.11721,0,99,55,70,2440,1000,4.74459,271,3.46647,0,0,4784,25722764948
46.8951,21.3242,3.11721,0,99,55,70,2440,1000,4.74459,271,3.46647,0,0,4784,25826845311
48.5731,20.5875,3.11721,0,99,55,70,2440,1000,4.74459,271,3.46647,0,0,4784,25930927888
47.4326,21.0826,3.11721,0,99,55,70,2440,1000,4.74459,271,3.46647,0,0,4784,26035008492
48.5399,20.6016,3.11721,0,99,55,70,2440,1000,4.74459,271,3.46647,0,0,4784,26139075349
48.2663,20.7184,3.70828,0,99,55,70,2431,1000,4.74459,271,3.46647,0,0,4740,26243143038
47.9646,20.8487,3.70828,0,99,55,70,2431,1000,4.74459,271,3.46647,0,0,4740,26347210547
47.8548,20.8966,3.70828,0,99,55,70,2431,1000,4.74459,271,3.46647,0,0,4740,26451277996
47.8099,20.9162,3.70828,0,99,55,70,2431,1000,4.74459,271,3.46647,0,0,4740,26555358379
48.0431,20.8147,3.70828,0,99,55,70,2431,1000,4.74459,271,3.46647,0,0,4740,26659440185
47.9666,20.8478,3.60248,0,99,55,70,2422,1000,4.74459,271,3.46577,0,0,4742,26763522031
48.3827,20.6686,3.60248,0,99,55,70,2422,1000,4.74459,271,3.46577,0,0,4742,26867589980
48.4385,20.6447,3.60248,0,99,55,70,2422,1000,4.74459,271,3.46577,0,0,4742,26971677917
48.9061,20.4473,3.60248,0,99,55,70,2422,1000,4.74459,271,3.46577,0,0,4742,27075743924
47.9454,20.8571,4.09938,0,99,55,70,2439,1000,4.74459,271,3.46217,0,0,4754,27179826370
47.7941,20.9231,4.09938,0,99,55,70,2439,1000,4.74459,271,3.46217,0,0,4754,27283906222
47.6387,20.9913,4.09938,0,99,55,70,2439,1000,4.74459,271,3.46217,0,0,4754,27387988048
49.107,20.3637,4.09938,0,99,55,70,2439,1000,4.74459,271,3.46217,0,0,4754,27492069914
47.8043,20.9186,4.09938,0,99,55,70,2439,1000,4.74459,271,3.46217,0,0,4754,27596152852
47.3691,21.1108,3.11721,0,99,55,70,2418,1000,4.74459,271,3.46238,0,0,4757,27700221753
48.7027,20.5327,3.11721,0,99,55,70,2418,1000,4.74459,271,3.46238,0,0,4757,27804289072
48.1593,20.7644,3.11721,0,99,55,70,2418,1000,4.74459,271,3.46238,0,0,4757,27908371098
47.8112,20.9156,3.11721,0,99,55,70,2418,1000,4.74459,271,3.46238,0,0,4757,28012439388
47.5454,21.0325,3.11721,0,99,55,70,2418,1000,4.74459,271,3.46238,0,0,4757,28116520453
47.7242,20.9537,2.75344,0,99,55,70,2444,1000,4.74459,271,3.46238,0,0,4750,28220584275
46.8905,21.3263,2.75344,0,99,55,70,2444,1000,4.74459,271,3.46238,0,0,4750,28324650020
47.2626,21.1584,2.75344,0,99,55,70,2444,1000,4.74459,271,3.46238,0,0,4750,28428715014
46.5812,21.4679,2.75344,0,99,55,70,2444,1000,4.74459,271,3.46238,0,0,4750,28532793093
46.7121,21.4077,2.75344,0,99,55,70,2444,1000,4.74459,271,3.46238,0,0,4750,28636873045
46.8744,21.3336,3.32922,0,99,55,70,2440,1000,4.74459,271,3.46238,0,0,4740,28740941285
47.2815,21.1499,3.32922,0,99,55,70,2440,1000,4.74459,271,3.46238,0,0,4740,28845009506
46.9156,21.3149,3.32922,0,99,55,70,2440,1000,4.74459,271,3.46238,0,0,4740,28949079559
46.9562,21.2965,3.32922,0,99,55,70,2440,1000,4.74459,271,3.46238,0,0,4740,29053148621
47.9945,20.8357,3.32922,0,99,55,70,2440,1000,4.74459,271,3.46238,0,0,4740,29157217432
46.4383,21.534,3.32103,0,99,55,70,2440,1000,4.74459,271,3.46342,0,0,4740,29261285472
47.0928,21.2347,3.32103,0,99,55,70,2440,1000,4.74459,271,3.46342,0,0,4740,29365352640
47.2804,21.1504,3.32103,0,99,55,70,2440,1000,4.74459,271,3.46342,0,0,4740,29469418807
46.8665,21.3372,3.32103,0,99,55,70,2440,1000,4.74459,271,3.46342,0,0,4740,29573485063
46.9603,21.2946,3.32103,0,99,55,70,2440,1000,4.74459,271,3.46342,0,0,4740,29677551831
47.8714,20.8893,3.44828,0,99,55,70,2426,1000,4.74459,271,3.46341,0,0,4756,29781626363
47.2306,21.1727,3.44828,0,99,55,70,2426,1000,4.74459,271,3.46341,0,0,4756,29885692259
47.2909,21.1457,3.44828,0,99,55,70,2426,1000,4.74459,271,3.46341,0,0,4756,29989760068
47.1886,21.1916,3.44828,0,99,55,70,2426,1000,4.74459,271,3.46341,0,0,4756,30093836524
47.1381,21.2143,3.44828,0,99,55,70,2426,1000,4.74459,271,3.46341,0,0,4756,30197905786
47.1118,21.2261,3.43558,0,99,55,71,2425,1000,4.74459,271,3.46341,0,0,4717,30301973365
48.3691,20.6743,3.43558,0,99,55,71,2425,1000,4.74459,271,3.46341,0,0,4717,30406042226
47.2049,21.1842,3.43558,0,99,55,71,2425,1000,4.74459,271,3.46341,0,0,4717,30510110517
46.2706,21.612,3.43558,0,99,55,71,2425,1000,4.74459,271,3.46341,0,0,4717,30614178837
47.6409,20.9904,3.09023,0,99,54,70,2413,1000,4.74459,271,3.46341,0,0,4779,30718253349
47.1498,21.209,3.09023,0,99,54,70,2413,1000,4.74459,271,3.46341,0,0,4779,30822318494
47.105,21.2292,3.09023,0,99,54,70,2413,1000,4.74459,271,3.46341,0,0,4779,30926385902
47.1661,21.2017,3.09023,0,99,54,70,2413,1000,4.74459,271,3.46341,0,0,4779,31030456818
46.626,21.4473,3.09023,0,99,54,70,2413,1000,4.74459,271,3.46341,0,0,4779,31134524497
52.5809,19.0183,3.49398,0,99,55,71,2443,1000,4.74459,271,3.46341,0,0,4711,31238595172
43.8446,22.8078,3.49398,0,99,55,71,2443,1000,4.74459,271,3.46341,0,0,4711,31342661328
44.5575,22.4429,3.49398,0,99,55,71,2443,1000,4.74459,271,3.46341,0,0,4711,31446730490
45.0806,22.1825,3.49398,0,99,55,71,2443,1000,4.74459,271,3.46341,0,0,4711,31550799602
44.6365,22.4032,3.49398,0,99,55,71,2443,1000,4.74459,271,3.46341,0,0,4711,31654868974
44.6484,22.3972,3.00752,0,99,55,71,2443,1000,4.74459,271,3.46341,0,0,4740,31758938186
44.0061,22.7241,3.00752,0,99,55,71,2443,1000,4.74459,271,3.46341,0,0,4740,31863004453
44.6013,22.4209,3.00752,0,99,55,71,2443,1000,4.74459,271,3.46341,0,0,4740,31967073775
45.0163,22.2142,3.00752,0,99,55,71,2443,1000,4.74459,271,3.46341,0,0,4740,32071156703
44.1609,22.6445,3.00752,0,99,55,71,2443,1000,4.74459,271,3.46341,0,0,4740,32175228179
44.0974,22.6771,3.47305,0,99,55,71,2420,1000,4.74459,271,3.45997,0,0,4759,32279299265
43.649,22.91,3.47305,0,99,55,71,2420,1000,4.74459,271,3.45997,0,0,4759,32383368226
43.6122,22.9293,3.47305,0,99,55,71,2420,1000,4.74459,271,3.45997,0,0,4759,32487431998
43.6425,22.9134,3.47305,0,99,55,71,2420,1000,4.74459,271,3.45997,0,0,4759,32591477326
43.9016,22.7782,3.47305,0,99,55,71,2420,1000,4.74459,271,3.45997,0,0,4759,32695546187
43.9243,22.7664,2.98507,0,99,54,71,2449,1000,4.74459,271,3.46041,0,0,4748,32799614748
44.0294,22.7121,2.98507,0,99,54,71,2449,1000,4.74459,271,3.46041,0,0,4748,32903681565
44.6726,22.3851,2.98507,0,99,54,71,2449,1000,4.74459,271,3.46041,0,0,4748,33007750467
44.1118,22.6697,2.98507,0,99,54,71,2449,1000,4.74459,271,3.46041,0,0,4748,33111817625
45.2742,22.0876,2.98507,0,99,54,71,2449,1000,4.74459,271,3.46041,0,0,4748,33215885194
44.9556,22.2442,2.79465,0,99,54,71,2435,1000,4.74459,271,3.46041,0,0,4729,33319952683
45.2435,22.1026,2.79465,0,99,54,71,2435,1000,4.74459,271,3.46041,0,0,4729,33424034138
44.9857,22.2293,2.79465,0,99,54,71,2435,1000,4.74459,271,3.46041,0,0,4729,33528102919
45.1328,22.1568,2.79465,0,99,54,71,2435,1000,4.74459,271,3.46041,0,0,4729,33632170959
46.0111,21.7339,2.79465,0,99,54,71,2435,1000,4.74459,271,3.46041,0,0,4729,33736238107
46.8093,21.3633,2.72615,0,99,54,71,2447,1000,4.74459,271,3.46041,0,0,4753,33840304735
46.2157,21.6377,2.72615,0,99,54,71,2447,1000,4.74459,271,3.46041,0,0,4753,33944374468
46.049,21.716,2.72615,0,99,54,71,2447,1000,4.74459,271,3.46041,0,0,4753,34048444131
46.6547,21.4341,2.72615,0,99,54,71,2447,1000,4.74459,271,3.46041,0,0,4753,34152513453
46.8498,21.3448,2.72615,0,99,54,71,2447,1000,4.74459,271,3.46041,0,0,4753,34256581493
46.2696,21.6125,3.15917,0,99,54,71,2432,1000,4.74459,271,3.46041,0,0,4758,34360662447
46.6425,21.4397,3.15917,0,99,54,71,2432,1000,4.74459,271,3.46041,0,0,4758,34464744022
47.4054,21.0946,3.15917,0,99,54,71,2432,1000,4.74459,271,3.46041,0,0,4758,34568812723
46.5987,21.4598,3.15917,0,99,54,71,2432,1000,4.74459,271,3.46041,0,0,4758,34672882086
46.7878,21.3731,3.15917,0,99,54,71,2432,1000,4.74459,271,3.46041,0,0,4758,34776950045
46.5862,21.4656,2.81174,0,99,54,71,2434,1000,4.74459,271,3.46041,0,0,4768,34881029647
47.4315,21.083,2.81174,0,99,54,71,2434,1000,4.74459,271,3.46041,0,0,4768,34985108236
47.3037,21.14,2.81174,0,99,54,71,2434,1000,4.74459,271,3.46041,0,0,4768,35089174693
47.5193,21.0441,2.81174,0,99,54,71,2434,1000,4.74459,271,3.46041,0,0,4768,35193242603
46.9854,21.2832,2.81174,0,99,54,71,2434,1000,4.74459,271,3.46041,0,0,4768,35297310032
45.7564,21.8549,3.28068,0,99,54,71,2433,1000,4.74459,271,3.46041,0,0,4741,35401331895
46.7828,21.3754,3.28068,0,99,54,71,2433,1000,4.74459,271,3.46041,0,0,4741,35505400326
46.2336,21.6293,3.28068,0,99,54,71,2433,1000,4.74459,271,3.46041,0,0,4741,35609467754
46.5297,21.4917,3.28068,0,99,54,71,2433,1000,4.74459,271,3.46041,0,0,4741,35713533951
45.9438,21.7657,3.28068,0,99,54,71,2433,1000,4.74459,271,3.46041,0,0,4741,35817600358
47.7259,20.953,3.0303,0,99,54,71,2423,1000,4.74459,271,3.46041,0,0,4677,35921667506
47.1867,21.1924,3.0303,0,99,54,71,2423,1000,4.74459,271,3.46041,0,0,4677,36025734854
46.4679,21.5202,3.0303,0,99,54,71,2423,1000,4.74459,271,3.46041,0,0,4677,36129803726
45.565,21.9467,3.0303,0,99,54,71,2423,1000,4.74459,271,3.46041,0,0,4677,36233872116
46.1223,21.6815,3.0303,0,99,54,71,2423,1000,4.74459,271,3.46041,0,0,4677,36337940497
46.416,21.5443,3.02663,0,99,54,71,2429,1000,4.74459,271,3.46041,0,0,4790,36442009018
45.9946,21.7417,3.02663,0,99,54,71,2429,1000,4.74459,271,3.46041,0,0,4790,36546078049
45.129,22.1587,3.02663,0,99,54,71,2429,1000,4.74459,271,3.46041,0,0,4790,36650151179
46.6605,21.4314,3.02663,0,99,54,71,2429,1000,4.74459,271,3.46041,0,0,4790,36754217345
46.3114,21.5929,3.02663,0,99,54,71,2429,1000,4.74459,271,3.46041,0,0,4790,36858287649
44.864,22.2896,3.12876,0,99,54,71,2438,1000,4.74459,271,3.46041,0,0,4741,36962359106
48.0245,20.8227,3.12876,0,99,54,71,2438,1000,4.74459,271,3.46041,0,0,4741,37066426815
45.8664,21.8025,3.12876,0,99,54,71,2438,1000,4.74459,271,3.46041,0,0,4741,37170496708
46.6255,21.4475,3.12876,0,99,54,71,2438,1000,4.74459,271,3.46041,0,0,4741,37274563586
45.5618,21.9482,3.12876,0,99,54,71,2438,1000,4.74459,271,3.46041,0,0,4741,37378631105
46.4196,21.5426,3.9759,0,99,54,71,2421,1000,4.74459,271,3.46066,0,0,4774,37482697351
46.8942,21.3246,3.9759,0,99,54,71,2421,1000,4.74459,271,3.46066,0,0,4774,37586764499
46.8484,21.3455,3.9759,0,99,54,71,2421,1000,4.74459,271,3.46066,0,0,4774,37690832700
45.7396,21.8629,3.9759,0,99,54,71,2421,1000,4.74459,271,3.46066,0,0,4774,37794899407
46.015,21.732,3.9759,0,99,54,71,2421,1000,4.74459,271,3.46066,0,0,4774,37898965203
46.0878,21.6977,2.6699,0,99,54,71,2431,1000,4.74459,271,3.4609,0,0,4728,38003032070
47.0262,21.2647,2.6699,0,99,54,71,2431,1000,4.74459,271,3.4609,0,0,4728,38107098257
45.9182,21.7778,2.6699,0,99,54,71,2431,1000,4.74459,271,3.4609,0,0,4728,38211165706
47.1533,21.2074,2.6699,0,99,54,71,2431,1000,4.74459,271,3.4609,0,0,4728,38315233735
45.7065,21.8787,2.6699,0,99,54,71,2431,1000,4.74459,271,3.4609,0,0,4728,38419300172
46.5481,21.4831,2.67315,0,99,54,71,2418,1000,4.74459,271,3.4609,0,0,4731,38523375396
46.5678,21.4741,2.67315,0,99,54,71,2418,1000,4.74459,271,3.4609,0,0,4731,38627446030
47.3451,21.1215,2.67315,0,99,54,71,2418,1000,4.74459,271,3.4609,0,0,4731,38731513900
46.893,21.3252,2.67315,0,99,54,71,2418,1000,4.74459,271,3.4609,0,0,4731,38835580257
47.0259,21.2649,2.67315,0,99,54,71,2418,1000,4.74459,271,3.4609,0,0,4731,38939648557
46.9575,21.2959,2.78788,0,99,54,71,2433,1000,4.74459,271,3.4609,0,0,4739,39043718550
46.6569,21.433,2.78788,0,99,54,71,2433,1000,4.74459,271,3.4609,0,0,4739,39147787422
46.4839,21.5128,2.78788,0,99,54,71,2433,1000,4.74459,271,3.4609,0,0,4739,39251852747
47.6036,21.0068,2.78788,0,99,54,71,2433,1000,4.74459,271,3.4609,0,0,4739,39355918292
46.6974,21.4145,2.78788,0,99,54,71,2433,1000,4.74459,271,3.4609,0,0,4739,39459984368
47.3876,21.1026,2.81174,0,99,54,71,2438,1000,4.74459,271,3.46112,0,0,4745,39564051376
47.9789,20.8425,2.81174,0,99,54,71,2438,1000,4.74459,271,3.46112,0,0,4745,39668119316
51.7162,19.3363,2.81174,0,99,54,71,2438,1000,4.74459,271,3.46112,0,0,4745,39772186614
45.8803,21.7958,2.81174,0,99,54,71,2438,1000,4.74459,271,3.46112,0,0,4745,39876252620
47.5588,21.0266,2.81863,0,99,54,71,2433,1000,4.74654,271,3.46112,0,0,4730,39980328545
46.404,21.5498,2.81863,0,99,54,71,2433,1000,4.74654,271,3.46112,0,0,4730,40084403788
47.3355,21.1258,2.81863,0,99,54,71,2433,1000,4.74654,271,3.46112,0,0,4730,40188470486
46.0748,21.7039,2.81863,0,99,54,71,2433,1000,4.74654,271,3.46112,0,0,4730,40292538075
46.5396,21.4871,2.81863,0,99,54,71,2433,1000,4.74654,271,3.46112,0,0,4730,40396606485
46.6145,21.4525,3.41048,0,99,54,71,2428,1000,4.74849,271,3.46112,0,0,4733,40500673684
47.6793,20.9735,3.41048,0,99,54,71,2428,1000,4.74849,271,3.46112,0,0,4733,40604741683
46.4054,21.5492,3.41048,0,99,54,71,2428,1000,4.74849,271,3.46112,0,0,4733,40708808261
46.1489,21.669,3.41048,0,99,54,71,2428,1000,4.74849,271,3.46112,0,0,4733,40812873585
46.3518,21.5741,3.41048,0,99,54,71,2428,1000,4.74849,271,3.46112,0,0,4733,40916939501
45.9943,21.7418,2.91971,0,99,54,72,2414,1000,4.75045,271,3.46112,0,0,4766,41021008423
46.0319,21.7241,2.91971,0,99,54,72,2414,1000,4.75045,271,3.46112,0,0,4766,41125075160
45.4523,22.0011,2.91971,0,99,54,72,2414,1000,4.75045,271,3.46112,0,0,4766,41229142779
45.7424,21.8616,2.91971,0,99,54,72,2414,1000,4.75045,271,3.46112,0,0,4766,41333210859
45.9465,21.7645,2.91971,0,99,54,72,2414,1000,4.75045,271,3.46112,0,0,4766,41437276585
45.6811,21.8909,3.01932,0,99,54,71,2430,1000,4.75045,271,3.46112,0,0,4707,41541344084
46.0678,21.7071,3.01932,0,99,54,71,2430,1000,4.75045,271,3.46112,0,0,4707,41645410400
45.1751,22.1361,3.01932,0,99,54,71,2430,1000,4.75045,271,3.46112,0,0,4707,41749477809
46.1642,21.6618,3.01932,0,99,54,71,2430,1000,4.75045,271,3.46112,0,0,4707,41853546109
45.5789,21.94,3.01932,0,99,54,71,2430,1000,4.75045,271,3.46112,0,0,4707,41957612927
47.259,21.16,3.34572,0,99,54,72,2414,1000,4.75045,271,3.46917,0,0,4664,42061681708
45.7083,21.8779,3.34572,0,99,54,72,2414,1000,4.75045,271,3.46917,0,0,4664,42165750870
45.8812,21.7954,3.34572,0,99,54,72,2414,1000,4.75045,271,3.46917,0,0,4664,42269818359
46.1997,21.6452,3.34572,0,99,54,72,2414,1000,4.75045,271,3.46917,0,0,4664,42373885487
45.8198,21.8246,3.34572,0,99,54,72,2414,1000,4.75045,271,3.46917,0,0,4664,42477951814
45.9003,21.7863,3.24594,0,99,54,72,2423,1000,4.75045,271,3.46272,0,0,4760,42582026616
46.0734,21.7045,3.24594,0,99,54,72,2423,1000,4.75045,271,3.46272,0,0,4760,42686092632
46.3384,21.5804,3.24594,0,99,54,72,2423,1000,4.75045,271,3.46272,0,0,4760,42790158528
46.5804,21.4683,3.24594,0,99,54,72,2423,1000,4.75045,271,3.46272,0,0,4760,42894183818
40.4667,24.7117,3.24594,0,99,54,72,2423,1000,4.75045,271,3.46272,0,0,4760,42998251337
46.3568,21.5718,3.24594,0,99,55,72,2432,1000,4.75045,271,3.46272,0,0,4738,43102318415
46.0113,21.7338,3.24594,0,99,55,72,2432,1000,4.75045,271,3.46272,0,0,4738,43206384491
45.7792,21.844,3.24594,0,99,55,72,2432,1000,4.75045,271,3.46272,0,0,4738,43310450367
46.8811,21.3306,3.24594,0,99,55,72,2432,1000,4.75045,271,3.46272,0,0,4738,43414514950
46.3388,21.5802,3.24594,0,99,55,72,2432,1000,4.75045,271,3.46272,0,0,4738,43518584483
46.2488,21.6222,2.88945,0,99,55,72,2415,1000,4.75045,271,3.46294,0,0,4739,43622653495
46.1834,21.6528,2.88945,0,99,55,72,2415,1000,4.75045,271,3.46294,0,0,4739,43726721114
46.6607,21.4313,2.88945,0,99,55,72,2415,1000,4.75045,271,3.46294,0,0,4739,43830788863
45.5286,21.9642,2.88945,0,99,55,72,2415,1000,4.75045,271,3.46294,0,0,4739,43934855671
46.8867,21.328,2.88945,0,99,55,72,2415,1000,4.75045,271,3.46294,0,0,4739,44038921747
47.0777,21.2415,3.1746,0,99,55,72,2426,1000,4.75045,271,3.46294,0,0,4692,44142988344
47.4361,21.081,3.1746,0,99,55,72,2426,1000,4.75045,271,3.46294,0,0,4692,44247054340
47.7948,20.9228,3.1746,0,99,55,72,2426,1000,4.75045,271,3.46294,0,0,4692,44351121879
47.3635,21.1133,3.1746,0,99,55,72,2426,1000,4.75045,271,3.46294,0,0,4692,44455193766
47.3728,21.1092,3.44828,0,99,55,72,2421,1000,4.75045,271,3.46269,0,0,4740,44559262097
48.4357,20.6459,3.44828,0,99,55,72,2421,1000,4.75045,271,3.46269,0,0,4740,44663327321
48.5993,20.5764,3.44828,0,99,55,72,2421,1000,4.75045,271,3.46269,0,0,4740,44767396102
48.374,20.6723,3.44828,0,99,55,72,2421,1000,4.75045,271,3.46269,0,0,4740,44871462249
48.6121,20.571,3.44828,0,99,55,72,2421,1000,4.75045,271,3.46269,0,0,4740,44975537963
49.0921,20.3699,3.37756,0,99,55,72,2418,1000,4.75045,271,3.46269,0,0,4764,45079604961
48.7293,20.5215,3.37756,0,99,55,72,2418,1000,4.75045,271,3.46269,0,0,4764,45183671438
48.7754,20.5022,3.37756,0,99,55,72,2418,1000,4.75045,271,3.46269,0,0,4764,45287739638
49.1616,20.3411,3.37756,0,99,55,72,2418,1000,4.75045,271,3.46269,0,0,4764,45391806866
49.3981,20.2437,3.37756,0,99,55,72,2418,1000,4.75045,271,3.46269,0,0,4764,45495874505
48.3943,20.6636,3.19803,0,99,55,72,2416,1000,4.75045,271,3.46269,0,0,4739,45599943507
49.0589,20.3837,3.19803,0,99,55,72,2416,1000,4.75045,271,3.46269,0,0,4739,45704010064
49.1689,20.3381,3.19803,0,99,55,72,2416,1000,4.75045,271,3.46269,0,0,4739,45808081581
50.0064,19.9974,3.19803,0,99,55,72,2416,1000,4.75045,271,3.46269,0,0,4739,45912158267
49.4574,20.2194,3.19803,0,99,55,72,2416,1000,4.75045,271,3.46269,0,0,4739,46016227138
50.4779,19.8106,3.69914,0,99,55,72,2416,1000,4.75045,271,3.46269,0,0,4717,46120296260
49.8699,20.0522,3.69914,0,99,55,72,2416,1000,4.75045,271,3.46269,0,0,4717,46224362927
50.6497,19.7435,3.69914,0,99,55,72,2416,1000,4.75045,271,3.46269,0,0,4717,46328430496
49.8865,20.0455,3.69914,0,99,55,72,2416,1000,4.75045,271,3.46269,0,0,4717,46432497655
50.3935,19.8438,3.69914,0,99,55,72,2416,1000,4.75045,271,3.46269,0,0,4717,46536565574
50.8596,19.662,3.63196,0,99,55,72,2420,1000,4.75045,271,3.46292,0,0,4740,46640633865
50.2752,19.8905,3.63196,0,99,55,72,2420,1000,4.75045,271,3.46292,0,0,4740,46744699560
51.0162,19.6016,3.63196,0,99,55,72,2420,1000,4.75045,271,3.46292,0,0,4740,46848765005
49.7149,20.1147,3.63196,0,99,55,72,2420,1000,4.75045,271,3.46292,0,0,4740,46952833195
50.6718,19.7348,3.63196,0,99,55,72,2420,1000,4.75045,271,3.46292,0,0,4740,47056902167
50.6595,19.7396,4.81928,0,99,56,72,2419,1000,4.75045,271,3.45947,0,0,4739,47160971379
49.9252,20.03,4.81928,0,99,56,72,2419,1000,4.75045,271,3.45947,0,0,4739,47265037295
50.3268,19.8701,4.81928,0,99,56,72,2419,1000,4.75045,271,3.45947,0,0,4739,47369109753
51.3805,19.4626,4.81928,0,99,56,72,2419,1000,4.75045,271,3.45947,0,0,4739,47473175549
51.0784,19.5777,4.81928,0,99,56,72,2419,1000,4.75045,271,3.45947,0,0,4739,47577242787
51.297,19.4943,3.65854,0,99,56,72,2411,1000,4.75045,271,3.45993,0,0,4764,47681310206
46.4789,21.5151,3.65854,0,99,56,72,2411,1000,4.75045,271,3.45993,0,0,4764,47785378266
53.3203,18.7546,3.65854,0,99,56,72,2411,1000,4.75045,271,3.45993,0,0,4764,47889447428
48.7098,20.5298,3.65854,0,99,56,72,2411,1000,4.75045,271,3.45993,0,0,4764,47993515578
50.7858,19.6905,3.65854,0,99,56,72,2411,1000,4.75045,271,3.45993,0,0,4764,48097582686
50.9806,19.6153,3.09406,0,99,56,72,2412,1000,4.75045,271,3.45993,0,0,4719,48201650064
50.4389,19.826,3.09406,0,99,56,72,2412,1000,4.75045,271,3.45993,0,0,4719,48305716792
50.846,19.6672,3.09406,0,99,56,72,2412,1000,4.75045,271,3.45993,0,0,4719,48409782337
52.3641,19.097,3.09406,0,99,56,72,2412,1000,4.75045,271,3.45993,0,0,4719,48513849666
51.322,19.4848,3.09406,0,99,56,72,2412,1000,4.75045,271,3.45993,0,0,4719,48617918146
51.3065,19.4907,3.34158,0,99,56,72,2418,1000,4.78267,271,3.45993,0,0,4790,48721986547
52.0479,19.2131,3.34158,0,99,56,72,2418,1000,4.78267,271,3.45993,0,0,4790,48826052994
52.352,19.1015,3.34158,0,99,56,72,2418,1000,4.78267,271,3.45993,0,0,4790,48930117918
51.9792,19.2384,3.34158,0,99,56,72,2418,1000,4.78267,271,3.45993,0,0,4790,49034182912
52.654,18.9919,3.34158,0,99,56,72,2418,1000,4.78267,271,3.45993,0,0,4790,49138247826
52.3471,19.1032,3.36658,0,99,56,72,2413,1000,4.74849,271,3.45993,0,0,4790,49242312940
52.2999,19.1205,3.36658,0,99,56,72,2413,1000,4.74849,271,3.45993,0,0,4790,49346381060
52.4491,19.0661,3.36658,0,99,56,72,2413,1000,4.74849,271,3.45993,0,0,4790,49450444602
52.015,19.2252,3.36658,0,99,56,72,2413,1000,4.74849,271,3.45993,0,0,4790,49554513754
50.982,19.6148,3.36658,0,99,56,72,2413,1000,4.74849,271,3.45993,0,0,4790,49658579059
52.1343,19.1812,3.0303,0,99,55,72,2414,1000,4.74849,271,3.45991,0,0,4717,49762644403
51.7965,19.3063,3.0303,0,99,55,72,2414,1000,4.74849,271,3.45991,0,0,4717,49866711231
51.1279,19.5588,3.0303,0,99,55,72,2414,1000,4.74849,271,3.45991,0,0,4717,49970785482
52.3986,19.0845,3.0303,0,99,55,72,2414,1000,4.74849,271,3.45991,0,0,4717,50074853202
52.3715,19.0943,3.00375,0,99,55,72,2410,1000,4.74849,271,3.45991,0,0,4756,50178917785
52.8394,18.9253,3.00375,0,99,55,72,2410,1000,4.74849,271,3.45991,0,0,4756,50282967962
52.3958,19.0855,3.00375,0,99,55,72,2410,1000,4.74849,271,3.45991,0,0,4756,50387032445
53.3668,18.7382,3.00375,0,99,55,72,2410,1000,4.74849,271,3.45991,0,0,4756,50491098321
52.8648,18.9162,3.00375,0,99,55,72,2410,1000,4.74849,271,3.45991,0,0,4756,50595165298
53.2027,18.796,3.53228,0,99,55,72,2418,1000,4.74849,271,3.45991,0,0,4743,50699228770
53.905,18.5512,3.53228,0,99,55,72,2418,1000,4.74849,271,3.45991,0,0,4743,50803291470
53.3164,18.7559,3.53228,0,99,55,72,2418,1000,4.74849,271,3.45991,0,0,4743,50907356734
53.6806,18.6287,3.53228,0,99,55,72,2418,1000,4.74849,271,3.45991,0,0,4743,51011420095
53.9632,18.5311,3.53228,0,99,55,72,2418,1000,4.74849,271,3.45991,0,0,4743,51115486502
53.6724,18.6315,2.87141,0,99,55,72,2406,1000,4.74849,271,3.45991,0,0,4715,51219552027
53.4043,18.7251,2.87141,0,99,55,72,2406,1000,4.74849,271,3.45991,0,0,4715,51323616000
54.1391,18.4709,2.87141,0,99,55,72,2406,1000,4.74849,271,3.45991,0,0,4715,51427679361
55.0546,18.1638,2.87141,0,99,55,72,2406,1000,4.74849,271,3.45991,0,0,4715,51531744355
55.6472,17.9704,2.87141,0,99,55,72,2406,1000,4.74849,271,3.45991,0,0,4715,51635809559
55.9495,17.8733,3.05623,0,99,55,72,2417,1000,4.74849,271,3.45991,0,0,4765,51739875696
55.0766,18.1565,3.05623,0,99,55,72,2417,1000,4.74849,271,3.45991,0,0,4765,51843921273
54.3377,18.4034,3.05623,0,99,55,72,2417,1000,4.74849,271,3.45991,0,0,4765,51947987029
56.0946,17.827,3.05623,0,99,55,72,2417,1000,4.74849,271,3.45991,0,0,4765,52052051192
56.4532,17.7138,3.05623,0,99,55,72,2417,1000,4.74849,271,3.45991,0,0,4765,52156122237
55.6287,17.9763,4.19236,0,99,55,72,2405,1000,4.74654,271,3.45769,0,0,4771,52260189385
55.1062,18.1468,4.19236,0,99,55,72,2405,1000,4.74654,271,3.45769,0,0,4771,52364254460
55.7596,17.9341,4.19236,0,99,55,72,2405,1000,4.74654,271,3.45769,0,0,4771,52468318462
56.085,17.8301,4.19236,0,99,55,72,2405,1000,4.74654,271,3.45769,0,0,4771,52572386141
56.0346,17.8461,4.19236,0,99,55,72,2405,1000,4.74654,271,3.45769,0,0,4771,52676451997
54.8425,18.234,3.49563,0,99,55,72,2411,1000,4.74654,271,3.45848,0,0,4740,52780517913
55.6431,17.9717,3.49563,0,99,55,72,2411,1000,4.74654,271,3.45848,0,0,4740,52884582256
55.7031,17.9523,3.49563,0,99,55,72,2411,1000,4.74654,271,3.45848,0,0,4740,52988648031
54.8244,18.2401,3.49563,0,99,55,72,2411,1000,4.74654,271,3.45848,0,0,4740,53092712815
55.2517,18.099,3.49563,0,99,55,72,2411,1000,4.74654,271,3.45848,0,0,4740,53196779663
54.5139,18.344,3.09406,0,99,55,72,2406,1000,4.74654,271,3.45848,0,0,4715,53300845549
53.7733,18.5966,3.09406,0,99,55,72,2406,1000,4.74654,271,3.45848,0,0,4715,53404872572
54.0858,18.4891,3.09406,0,99,55,72,2406,1000,4.74654,271,3.45848,0,0,4715,53508938618
54.1111,18.4805,3.09406,0,99,55,72,2406,1000,4.74654,271,3.45848,0,0,4715,53613046853
54.1097,18.481,3.09406,0,99,55,72,2406,1000,4.74654,271,3.45848,0,0,4715,53717111076
52.5538,19.0281,3.39394,0,99,55,72,2410,1000,4.74654,271,3.45848,0,0,4745,53821177533
53.9152,18.5476,3.39394,0,99,55,72,2410,1000,4.74654,271,3.45848,0,0,4745,53925243418
53.357,18.7417,3.39394,0,99,55,72,2410,1000,4.74654,271,3.45848,0,0,4745,54029306790
53.4233,18.7184,3.39394,0,99,55,72,2410,1000,4.74654,271,3.45848,0,0,4745,54133373126
52.7571,18.9548,3.09023,0,99,55,73,2401,1000,4.74654,271,3.45848,0,0,4760,54237439062
52.5421,19.0323,3.09023,0,99,55,73,2401,1000,4.74654,271,3.45848,0,0,4760,54341505559
52.8018,18.9387,3.09023,0,99,55,73,2401,1000,4.74654,271,3.45848,0,0,4760,54445576054
52.4253,19.0748,3.09023,0,99,55,73,2401,1000,4.74654,271,3.45848,0,0,4760,54549640807
52.7452,18.9591,3.09023,0,99,55,73,2401,1000,4.74654,271,3.45848,0,0,4760,54653706513
52.0794,19.2015,3.15534,0,99,55,73,2402,1000,4.74654,271,3.45848,0,0,4755,54757772128
51.7687,19.3167,3.15534,0,99,55,73,2402,1000,4.74654,271,3.45848,0,0,4755,54861829338
50.8138,19.6797,3.15534,0,99,55,73,2402,1000,4.74654,271,3.45848,0,0,4755,54965904090
50.7586,19.7011,3.15534,0,99,55,73,2402,1000,4.74654,271,3.45848,0,0,4755,55069974545
51.6718,19.3529,3.15534,0,99,55,73,2402,1000,4.74654,271,3.45848,0,0,4755,55174044558
50.5167,19.7955,2.9703,0,99,55,72,2417,1000,4.74654,271,3.45848,0,0,4728,55278110123
50.4578,19.8185,2.9703,0,99,55,72,2417,1000,4.74654,271,3.45848,0,0,4728,55382174356
49.9743,20.0103,2.9703,0,99,55,72,2417,1000,4.74654,271,3.45848,0,0,4728,55486238389
50.9248,19.6368,2.9703,0,99,55,72,2417,1000,4.74654,271,3.45848,0,0,4728,55590304174
50.0079,19.9968,2.9703,0,99,55,72,2417,1000,4.74654,271,3.45848,0,0,4728,55694370200
50.3577,19.8579,2.91971,0,99,55,73,2414,1000,4.74654,271,3.45848,0,0,4753,55798435766
49.2113,20.3205,2.91971,0,99,55,73,2414,1000,4.74654,271,3.45848,0,0,4753,55902499197
47.941,20.859,2.91971,0,99,55,73,2414,1000,4.74654,271,3.45848,0,0,4753,56006565964
47.9457,20.8569,2.91971,0,99,55,73,2414,1000,4.74654,271,3.45848,0,0,4753,56110631680
47.4255,21.0857,2.91971,0,99,55,73,2414,1000,4.74654,271,3.45848,0,0,4753,56214695943
48.5639,20.5914,3.05623,0,99,55,73,2421,1000,4.74849,271,3.45848,0,0,4751,56318760125
48.7794,20.5005,3.05623,0,99,55,73,2421,1000,4.74849,271,3.45848,0,0,4751,56422781367
48.7664,20.5059,3.05623,0,99,55,73,2421,1000,4.74849,271,3.45848,0,0,4751,56526847744
49.9461,20.0216,3.05623,0,99,55,73,2421,1000,4.74849,271,3.45848,0,0,4751,56630913650
48.9714,20.4201,3.05623,0,99,55,73,2421,1000,4.74849,271,3.45848,0,0,4751,56734981419
49.5331,20.1885,3.28867,0,99,55,73,2410,1000,4.73378,271,3.45848,0,0,4755,56839045682
49.207,20.3223,3.28867,0,99,55,73,2410,1000,4.73378,271,3.45848,0,0,4755,56943110496
45.4569,21.9988,3.28867,0,99,55,73,2410,1000,4.73378,271,3.45848,0,0,4755,57047178375
50.5308,19.7899,3.28867,0,99,55,73,2410,1000,4.73378,271,3.45848,0,0,4755,57151248209
49.6374,20.1461,3.28867,0,99,55,73,2410,1000,4.73378,271,3.45848,0,0,4755,57255318092
50.8692,19.6583,3.82244,0,99,55,73,2415,1000,4.73378,271,3.45768,0,0,4690,57359385641
50.528,19.791,3.82244,0,99,55,73,2415,1000,4.73378,271,3.45768,0,0,4690,57463453501
49.8405,20.064,3.82244,0,99,55,73,2415,1000,4.73378,271,3.45768,0,0,4690,57567521560
50.7968,19.6863,3.82244,0,99,55,73,2415,1000,4.73378,271,3.45768,0,0,4690,57671589610
49.8641,20.0545,3.82244,0,99,55,73,2415,1000,4.73378,271,3.45768,0,0,4690,57775656398
51.0744,19.5793,2.91616,0,99,55,73,2399,1000,4.73378,271,3.45767,0,0,4790,57879722023
50.7865,19.6903,2.91616,0,99,55,73,2399,1000,4.73378,271,3.45767,0,0,4790,57983795223
50.3329,19.8677,2.91616,0,99,55,73,2399,1000,4.73378,271,3.45767,0,0,4790,58087862331
50.7853,19.6907,2.91616,0,99,55,73,2399,1000,4.73378,271,3.45767,0,0,4790,58191929449
51.6516,19.3605,2.91616,0,99,55,73,2399,1000,4.73378,271,3.45767,0,0,4790,58295994323
50.3779,19.85,3.04878,0,99,55,73,2400,1000,4.73378,271,3.45746,0,0,4731,58400062102
50.7257,19.7139,3.04878,0,99,55,73,2400,1000,4.73378,271,3.45746,0,0,4731,58504128349
51.0258,19.5979,3.04878,0,99,55,73,2400,1000,4.73378,271,3.45746,0,0,4731,58608196599
50.2509,19.9001,3.04878,0,99,55,73,2400,1000,4.73378,271,3.45746,0,0,4731,58712263878
50.5466,19.7837,3.04878,0,99,55,73,2400,1000,4.73378,271,3.45746,0,0,4731,58816328431
49.2784,20.2929,2.9304,0,99,55,73,2400,1000,4.73378,271,3.45746,0,0,4748,58920394637
49.9848,20.0061,2.9304,0,99,55,73,2400,1000,4.73378,271,3.45746,0,0,4748,59024459762
50.9323,19.6339,2.9304,0,99,55,73,2400,1000,4.73378,271,3.45746,0,0,4748,59128526559
51.3789,19.4632,2.9304,0,99,55,73,2400,1000,4.73378,271,3.45746,0,0,4748,59232592435
50.9944,19.61,2.9304,0,99,55,73,2400,1000,4.73378,271,3.45746,0,0,4748,59336658401
50.9367,19.6322,3.0525,0,99,55,73,2397,1000,4.73378,271,3.45725,0,0,4762,59440722674
51.033,19.5952,3.0525,0,99,55,73,2397,1000,4.73378,271,3.45725,0,0,4762,59544788480
51.641,19.3644,3.0525,0,99,55,73,2397,1000,4.73378,271,3.45725,0,0,4762,59648854987
51.1347,19.5562,3.0525,0,99,55,73,2397,1000,4.73378,271,3.45725,0,0,4762,59752921514
51.5369,19.4036,3.0525,0,99,55,73,2397,1000,4.73378,271,3.45725,0,0,4762,59856986368
51.5874,19.3846,2.7027,0,99,55,73,2397,1000,4.73378,271,3.45699,0,0,4759,59961061280
50.8426,19.6685,2.7027,0,99,55,73,2397,1000,4.73378,271,3.45699,0,0,4759,60065126906
50.877,19.6553,2.7027,0,99,55,73,2397,1000,4.73378,271,3.45699,0,0,4759,60169193583
50.5758,19.7723,2.7027,0,99,55,73,2397,1000,4.73378,271,3.45699,0,0,4759,60273268666
51.5351,19.4042,2.9484,0,99,55,73,2398,1000,4.73378,271,3.45698,0,0,4734,60377336385
51.174,19.5412,2.9484,0,99,55,73,2398,1000,4.73378,271,3.45698,0,0,4734,60481401480
51.2292,19.5201,2.9484,0,99,55,73,2398,1000,4.73378,271,3.45698,0,0,4734,60585467776
50.6842,19.73,2.9484,0,99,55,73,2398,1000,4.73378,271,3.45698,0,0,4734,60689533412
51.5052,19.4155,2.9484,0,99,55,73,2398,1000,4.73378,271,3.45698,0,0,4734,60793599558
51.444,19.4386,2.836,0,99,55,73,2406,1000,4.73378,271,3.45698,0,0,4756,60897666175
51.1045,19.5678,2.836,0,99,55,73,2406,1000,4.73378,271,3.45698,0,0,4756,61001732261
51.3019,19.4925,2.836,0,99,55,73,2406,1000,4.73378,271,3.45698,0,0,4756,61105797025
51.202,19.5305,2.836,0,99,55,73,2406,1000,4.73378,271,3.45698,0,0,4756,61209862821
50.712,19.7192,2.836,0,99,55,73,2406,1000,4.73378,271,3.45698,0,0,4756,61313929308
50.7126,19.719,2.83951,0,99,55,73,2410,1000,4.73378,271,3.45698,0,0,4757,61417994933
50.1873,19.9253,2.83951,0,99,55,73,2410,1000,4.73378,271,3.45698,0,0,4757,61522060027
51.114,19.5641,2.83951,0,99,55,73,2410,1000,4.73378,271,3.45698,0,0,4757,61626124190
52.3661,19.0963,2.83951,0,99,55,73,2410,1000,4.73378,271,3.45698,0,0,4757,61730190727
51.1818,19.5382,2.83951,0,99,55,73,2410,1000,4.73378,271,3.45698,0,0,4757,61834255631
51.1771,19.54,3.08261,0,99,55,73,2416,1000,4.73378,271,3.45698,0,0,4772,61938321787
47.5286,21.04,3.08261,0,99,55,73,2416,1000,4.73378,271,3.45698,0,0,4772,62042388665
51.3475,19.4752,3.08261,0,99,55,73,2416,1000,4.73378,271,3.45698,0,0,4772,62146462095
51.4507,19.4361,3.08261,0,99,55,73,2416,1000,4.73378,271,3.45698,0,0,4772,62250530045
51.6787,19.3503,3.08261,0,99,55,73,2416,1000,4.73378,271,3.45698,0,0,4772,62354598606
50.9006,19.6462,3.19803,0,99,55,73,2409,1000,4.73378,271,3.45387,0,0,4716,62458668699
50.6587,19.7399,3.19803,0,99,55,73,2409,1000,4.73378,271,3.45387,0,0,4716,62562739354
51.2029,19.5301,3.19803,0,99,55,73,2409,1000,4.73378,271,3.45387,0,0,4716,62666806182
50.6385,19.7478,3.19803,0,99,55,73,2409,1000,4.73378,271,3.45387,0,0,4716,62770874162
50.1114,19.9555,3.19803,0,99,55,73,2409,1000,4.73378,271,3.45387,0,0,4716,62874939727
50.3188,19.8733,2.81863,0,99,55,73,2404,1000,4.73378,271,3.45363,0,0,4740,62979005112
51.3948,19.4572,2.81863,0,99,55,73,2404,1000,4.73378,271,3.45363,0,0,4740,63083072460
50.1297,19.9482,2.81863,0,99,55,73,2404,1000,4.73378,271,3.45363,0,0,4740,63187140029
51.1125,19.5647,2.81863,0,99,55,73,2404,1000,4.73378,271,3.45363,0,0,4740,63291205534
51.5918,19.3829,2.81863,0,99,55,73,2404,1000,4.73378,271,3.45363,0,0,4740,63395272342
55.3968,18.0516,2.93399,0,99,55,73,2408,1000,4.73378,271,3.45363,0,0,4740,63499338438
46.4064,21.5488,2.93399,0,99,55,73,2408,1000,4.73378,271,3.45363,0,0,4740,63603407831
45.1227,22.1618,2.93399,0,99,55,73,2408,1000,4.73378,271,3.45363,0,0,4740,63707473015
46.3941,21.5545,2.93399,0,99,55,73,2408,1000,4.73378,271,3.45363,0,0,4740,63811539041
46.6078,21.4556,2.93399,0,99,55,73,2408,1000,4.73378,271,3.45363,0,0,4740,63915610277
46.3139,21.5918,2.68293,0,99,55,73,2416,1000,4.78072,271,3.45363,0,0,4740,64019677255
47.3824,21.1049,2.68293,0,99,55,73,2416,1000,4.78072,271,3.45363,0,0,4740,64123745325
47.045,21.2563,2.68293,0,99,55,73,2416,1000,4.78072,271,3.45363,0,0,4740,64227811080
47.4421,21.0783,2.68293,0,99,55,73,2416,1000,4.78072,271,3.45363,0,0,4740,64331877748
47.9636,20.8492,2.68293,0,99,55,73,2416,1000,4.78072,271,3.45363,0,0,4740,64435945237
47.7727,20.9325,2.83251,0,99,55,73,2410,1000,4.74849,271,3.45386,0,0,4738,64540011784
48.6826,20.5412,2.83251,0,99,55,73,2410,1000,4.74849,271,3.45386,0,0,4738,64644078772
48.7763,20.5018,2.83251,0,99,55,73,2410,1000,4.74849,271,3.45386,0,0,4738,64748146331
48.3166,20.6968,2.83251,0,99,55,73,2410,1000,4.74849,271,3.45386,0,0,4738,64852212136
48.3565,20.6798,2.83251,0,99,55,73,2410,1000,4.74849,271,3.45386,0,0,4738,64956289063
48.9439,20.4316,2.6506,0,99,55,73,2403,1000,4.74849,271,3.45386,0,0,4762,65060355349
48.8913,20.4535,2.6506,0,99,55,73,2403,1000,4.74849,271,3.45386,0,0,4762,65164423730
48.8454,20.4727,2.6506,0,99,55,73,2403,1000,4.74849,271,3.45386,0,0,4762,65268490157
48.3366,20.6883,2.6506,0,99,55,73,2403,1000,4.74849,271,3.45386,0,0,4762,65372562615
48.7946,20.4941,2.6506,0,99,55,73,2403,1000,4.74849,271,3.45386,0,0,4762,65476628160
49.1519,20.3451,2.91262,0,99,55,73,2409,1000,4.74849,271,3.45386,0,0,4784,65580671093
49.0737,20.3775,2.91262,0,99,55,73,2409,1000,4.74849,271,3.45386,0,0,4784,65684739614
49.5413,20.1852,2.91262,0,99,55,73,2409,1000,4.74849,271,3.45386,0,0,4784,65788808014
48.3434,20.6854,2.91262,0,99,55,73,2409,1000,4.74849,271,3.45386,0,0,4784,65892874251
49.3953,20.2449,2.91262,0,99,55,73,2409,1000,4.74849,271,3.45386,0,0,4784,65996942200
48.7098,20.5298,2.56724,0,99,55,73,2415,1000,4.73182,271,3.45386,0,0,4763,66101012955
48.3976,20.6622,2.56724,0,99,55,73,2415,1000,4.73182,271,3.45386,0,0,4763,66205087848
48.491,20.6224,2.56724,0,99,55,73,2415,1000,4.73182,271,3.45386,0,0,4763,66309155617
47.9506,20.8548,2.56724,0,99,55,73,2415,1000,4.73182,271,3.45386,0,0,4763,66413220612
48.6988,20.5344,2.79126,0,99,55,73,2416,1000,4.73378,271,3.45385,0,0,4728,66517289473
47.7683,20.9344,2.79126,0,99,55,73,2416,1000,4.73378,271,3.45385,0,0,4728,66621356772
47.5022,21.0517,2.79126,0,99,55,73,2416,1000,4.73378,271,3.45385,0,0,4728,66725424701
47.2141,21.1801,2.79126,0,99,55,73,2416,1000,4.73378,271,3.45385,0,0,4728,66829490317
47.2191,21.1779,2.79126,0,99,55,73,2416,1000,4.73378,271,3.45385,0,0,4728,66933556172
44.8822,22.2805,3.20197,0,99,55,73,2410,1000,4.74849,271,3.46308,0,0,4634,67037622960
46.0285,21.7257,3.20197,0,99,55,73,2410,1000,4.74849,271,3.46308,0,0,4634,67141693755
46.8733,21.3341,3.20197,0,99,55,73,2410,1000,4.74849,271,3.46308,0,0,4634,67245763989
46.8056,21.3649,3.20197,0,99,55,73,2410,1000,4.74849,271,3.46308,0,0,4634,67349833011
47.0563,21.2511,3.20197,0,99,55,73,2410,1000,4.74849,271,3.46308,0,0,4634,67453902042
46.7175,21.4053,3.1941,0,99,55,73,2412,1000,4.75051,271,3.45519,0,0,4718,67557971505
46.0034,21.7375,3.1941,0,99,55,73,2412,1000,4.75051,271,3.45519,0,0,4718,67662040797
47.2979,21.1426,3.1941,0,99,55,73,2412,1000,4.75051,271,3.45519,0,0,4718,67766109268
46.5636,21.476,3.1941,0,99,55,73,2412,1000,4.75051,271,3.45519,0,0,4718,67870173831
47.5607,21.0258,3.1941,0,99,55,73,2412,1000,4.75051,271,3.45519,0,0,4718,67974241029
46.6046,21.4571,3.17848,0,99,55,73,2416,1000,4.74245,271,3.45565,0,0,4720,68078306515
46.0372,21.7216,3.17848,0,99,55,73,2416,1000,4.74245,271,3.45565,0,0,4720,68182329540
46.5484,21.483,3.17848,0,99,55,73,2416,1000,4.74245,271,3.45565,0,0,4720,68286398922
46.7228,21.4028,3.17848,0,99,55,73,2416,1000,4.74245,271,3.45565,0,0,4720,68390471701
47.2405,21.1683,3.17848,0,99,55,73,2416,1000,4.74245,271,3.45565,0,0,4720,68494541464
47.2908,21.1458,3.18627,0,99,55,73,2419,1000,4.74245,271,3.45565,0,0,4740,68598609284
47.5518,21.0297,3.18627,0,99,55,73,2419,1000,4.74245,271,3.45565,0,0,4740,68702678125
47.1707,21.1996,3.18627,0,99,55,73,2419,1000,4.74245,271,3.45565,0,0,4740,68806728873
47.9706,20.8461,3.18627,0,99,55,73,2419,1000,4.74245,271,3.45565,0,0,4740,68910797363
46.4565,21.5255,3.18627,0,99,55,73,2419,1000,4.74245,271,3.45565,0,0,4740,69014866225
46.9268,21.3098,3.30882,0,99,55,73,2420,1000,4.74245,271,3.45565,0,0,4740,69118935166
46.135,21.6755,3.30882,0,99,55,73,2420,1000,4.74245,271,3.45565,0,0,4740,69223003026
46.4354,21.5353,3.30882,0,99,55,73,2420,1000,4.74245,271,3.45565,0,0,4740,69327071096
46.2948,21.6007,3.30882,0,99,55,73,2420,1000,4.74245,271,3.45565,0,0,4740,69431138805
47.1599,21.2045,3.30882,0,99,55,73,2420,1000,4.74245,271,3.45565,0,0,4740,69535214028
46.5835,21.4668,3.41463,0,99,55,73,2420,1000,4.74245,271,3.45588,0,0,4740,69639283381
46.7315,21.3989,3.41463,0,99,55,73,2420,1000,4.74245,271,3.45588,0,0,4740,69743351421
47.0773,21.2417,3.41463,0,99,55,73,2420,1000,4.74245,271,3.45588,0,0,4740,69847423588
45.9026,21.7852,3.41463,0,99,55,73,2420,1000,4.74245,271,3.45588,0,0,4740,69951500495
45.9195,21.7772,3.41463,0,99,55,73,2420,1000,4.74245,271,3.45588,0,0,4740,70055571851
46.4536,21.5269,2.93758,0,99,55,73,2405,1000,4.74245,271,3.45551,0,0,4714,70159640351
46.7664,21.3829,2.93758,0,99,55,73,2405,1000,4.74245,271,3.45551,0,0,4714,70263706828
46.1044,21.6899,2.93758,0,99,55,73,2405,1000,4.74245,271,3.45551,0,0,4714,70367775279
46.2372,21.6276,2.93758,0,99,55,73,2405,1000,4.74245,271,3.45551,0,0,4714,70471840183
45.5304,21.9634,2.93758,0,99,55,73,2405,1000,4.74245,271,3.45551,0,0,4714,70575907261
45.9623,21.757,3.39394,0,99,56,73,2416,1000,4.74245,271,3.45517,0,0,4740,70679974980
46.0243,21.7277,3.39394,0,99,56,73,2416,1000,4.74245,271,3.45517,0,0,4740,70784044323
45.8793,21.7963,3.39394,0,99,56,73,2416,1000,4.74245,271,3.45517,0,0,4740,70888112733
46.9334,21.3068,3.39394,0,99,56,73,2416,1000,4.74245,271,3.45517,0,0,4740,70992180933
47.0099,21.2721,3.39394,0,99,56,73,2416,1000,4.74245,271,3.45517,0,0,4740,71096248923
46.8797,21.3312,3.74532,0,99,56,73,2414,1000,4.74245,271,3.45517,0,0,4739,71200319097
45.6362,21.9125,3.74532,0,99,56,73,2414,1000,4.74245,271,3.45517,0,0,4739,71304384682
45.4814,21.987,3.74532,0,99,56,73,2414,1000,4.74245,271,3.45517,0,0,4739,71408452382
45.8489,21.8108,3.74532,0,99,56,73,2414,1000,4.74245,271,3.45517,0,0,4739,71512520041
45.4536,22.0004,3.74532,0,99,56,73,2414,1000,4.74245,271,3.45517,0,0,4739,71616588692
45.654,21.9039,3.74065,0,99,56,73,2430,1000,4.74245,271,3.45517,0,0,4689,71720656090
51.9172,19.2614,3.74065,0,99,56,73,2430,1000,4.74245,271,3.45517,0,0,4689,71824722337
48.2514,20.7248,3.74065,0,99,56,73,2430,1000,4.74245,271,3.45517,0,0,4689,71928783825
45.2765,22.0865,3.74065,0,99,56,73,2430,1000,4.74245,271,3.45517,0,0,4689,72032854049
49.8924,20.0431,4.20792,0,99,57,73,2430,1000,4.74245,271,3.4533,0,0,4740,72136930544
48.5149,20.6122,4.20792,0,99,57,73,2430,1000,4.74245,271,3.4533,0,0,4740,72240998624
49.5881,20.1661,4.20792,0,99,57,73,2430,1000,4.74245,271,3.4533,0,0,4740,72345068107
47.4761,21.0632,4.20792,0,99,57,73,2430,1000,4.74245,271,3.4533,0,0,4740,72449137359
49.4533,20.2211,4.20792,0,99,57,73,2430,1000,4.74245,271,3.4533,0,0,4740,72553204888
47.8116,20.9154,4.24757,0,99,57,73,2421,1000,4.78274,271,3.45349,0,0,4693,72657273679
48.4484,20.6405,4.24757,0,99,57,73,2421,1000,4.78274,271,3.45349,0,0,4693,72761341529
49.0351,20.3936,4.24757,0,99,57,73,2421,1000,4.78274,271,3.45349,0,0,4693,72865408096
49.1599,20.3418,4.24757,0,99,57,73,2421,1000,4.78274,271,3.45349,0,0,4693,72969475885
49.6438,20.1435,4.24757,0,99,57,73,2421,1000,4.78274,271,3.45349,0,0,4693,73073543334
47.8854,20.8832,4.16667,0,99,57,74,2421,1000,4.74246,271,3.45349,0,0,4740,73177611384
49.9641,20.0144,4.16667,0,99,57,74,2421,1000,4.74246,271,3.45349,0,0,4740,73281677580
48.8615,20.466,4.16667,0,99,57,74,2421,1000,4.74246,271,3.45349,0,0,4740,73385745911
49.7938,20.0828,4.16667,0,99,57,74,2421,1000,4.74246,271,3.45349,0,0,4740,73489814862
48.752,20.512,4.16667,0,99,57,74,2421,1000,4.74246,271,3.45349,0,0,4740,73593882712
49.6016,20.1607,4.30504,0,99,57,74,2419,1000,4.74246,271,3.45349,0,0,4715,73697949079
50.167,19.9334,4.30504,0,99,57,74,2419,1000,4.74246,271,3.45349,0,0,4715,73802017489
50.2047,19.9185,4.30504,0,99,57,74,2419,1000,4.74246,271,3.45349,0,0,4715,73906087994
49.0094,20.4043,4.30504,0,99,57,74,2419,1000,4.74246,271,3.45349,0,0,4715,74010156414
49.8363,20.0657,4.30504,0,99,57,74,2419,1000,4.74246,271,3.45349,0,0,4715,74114230235
49.2047,20.3232,4.53988,0,99,57,73,2415,1000,4.74246,271,3.45349,0,0,4758,74218301851
49.2515,20.304,4.53988,0,99,57,73,2415,1000,4.74246,271,3.45349,0,0,4758,74322370222
49.788,20.0852,4.53988,0,99,57,73,2415,1000,4.74246,271,3.45349,0,0,4758,74426438262
49.4825,20.2092,4.53988,0,99,57,73,2415,1000,4.74246,271,3.45349,0,0,4758,74530507063
49.3137,20.2783,4.53988,0,99,57,73,2415,1000,4.74246,271,3.45349,0,0,4758,74634574332
50.3718,19.8524,4.06404,0,99,57,74,2410,1000,4.74246,271,3.45372,0,0,4761,74738642562
49.5303,20.1897,4.06404,0,99,57,74,2410,1000,4.74246,271,3.45372,0,0,4761,74842718837
49.4689,20.2147,4.06404,0,99,57,74,2410,1000,4.74246,271,3.45372,0,0,4761,74946786647
49.9294,20.0283,4.06404,0,99,57,74,2410,1000,4.74246,271,3.45372,0,0,4761,75050855227
49.1958,20.327,4.06404,0,99,57,74,2410,1000,4.74246,271,3.45372,0,0,4761,75154924419
49.4776,20.2112,4.55665,0,99,58,73,2412,1000,4.74246,271,3.45372,0,0,4754,75258991237
49.4147,20.2369,4.55665,0,99,58,73,2412,1000,4.74246,271,3.45372,0,0,4754,75363059798
49.8196,20.0724,4.55665,0,99,58,73,2412,1000,4.74246,271,3.45372,0,0,4754,75467127918
49.6473,20.1421,4.55665,0,99,58,73,2412,1000,4.74246,271,3.45372,0,0,4754,75571186700
49.08,20.3749,4.55665,0,99,58,73,2412,1000,4.74246,271,3.45372,0,0,4754,75675267134
49.1586,20.3423,4.80888,0,99,58,74,2422,1000,4.74246,271,3.45372,0,0,4756,75779348278
50.245,19.9025,4.80888,0,99,58,74,2422,1000,4.74246,271,3.45372,0,0,4756,75883429783
50.8522,19.6648,4.80888,0,99,58,74,2422,1000,4.74246,271,3.45372,0,0,4756,75987501871
49.5177,20.1948,4.80888,0,99,58,74,2422,1000,4.74246,271,3.45372,0,0,4756,76091571103
49.3911,20.2466,4.33705,0,99,58,73,2413,1000,4.74246,271,3.45372,0,0,4734,76195638952
49.0532,20.386,4.33705,0,99,58,73,2413,1000,4.74246,271,3.45372,0,0,4734,76299705149
49.2658,20.2981,4.33705,0,99,58,73,2413,1000,4.74246,271,3.45372,0,0,4734,76403774020
49.8506,20.0599,4.33705,0,99,58,73,2413,1000,4.74246,271,3.45372,0,0,4734,76507841359
49.8507,20.0599,4.33705,0,99,58,73,2413,1000,4.74246,271,3.45372,0,0,4734,76611909869
49.1078,20.3634,4.10448,0,99,58,74,2415,1000,4.74246,271,3.45372,0,0,4736,76715978971
49.1082,20.3632,4.10448,0,99,58,74,2415,1000,4.74246,271,3.45372,0,0,4736,76820044036
50.0586,19.9766,4.10448,0,99,58,74,2415,1000,4.74246,271,3.45372,0,0,4736,76924112136
48.6679,20.5474,4.10448,0,99,58,74,2415,1000,4.74246,271,3.45372,0,0,4736,77028137325
50.1002,19.96,4.10448,0,99,58,74,2415,1000,4.74246,271,3.45372,0,0,4736,77132210875
49.949,20.0204,4.84472,0,99,58,74,2414,1000,4.74246,271,3.4562,0,0,4692,77236278875
49.8814,20.0475,4.84472,0,99,58,74,2414,1000,4.74246,271,3.4562,0,0,4692,77340345933
49.9413,20.0235,4.84472,0,99,58,74,2414,1000,4.74246,271,3.4562,0,0,4692,77444412500
50.3758,19.8508,4.84472,0,99,58,74,2414,1000,4.74246,271,3.4562,0,0,4692,77548481151
51.7136,19.3373,4.84472,0,99,58,74,2414,1000,4.74246,271,3.4562,0,0,4692,77652547177
49.4142,20.2371,4.125,0,99,58,74,2416,1000,4.74246,271,3.45613,0,0,4741,77756616289
49.8182,20.073,4.125,0,99,58,74,2416,1000,4.74246,271,3.45613,0,0,4741,77860682466
49.4276,20.2316,4.125,0,99,58,74,2416,1000,4.74246,271,3.45613,0,0,4741,77964750445
49.7802,20.0883,4.125,0,99,58,74,2416,1000,4.74246,271,3.45613,0,0,4741,78068836259
50.189,19.9247,4.125,0,99,58,74,2416,1000,4.74246,271,3.45613,0,0,4741,78172904589
51.3832,19.4616,4.125,0,99,58,74,2406,1000,4.74246,271,3.45636,0,0,4780,78276970425
50.433,19.8283,4.125,0,99,58,74,2406,1000,4.74246,271,3.45636,0,0,4780,78381037373
50.7372,19.7094,4.125,0,99,58,74,2406,1000,4.74246,271,3.45636,0,0,4780,78485103769
49.684,20.1272,4.125,0,99,58,74,2406,1000,4.74246,271,3.45636,0,0,4780,78589171609
49.8815,20.0475,4.125,0,99,58,74,2406,1000,4.74246,271,3.45636,0,0,4780,78693240641
51.2611,19.508,5.09317,0,99,58,74,2416,1000,4.74246,271,3.45636,0,0,4640,78797308761
49.9383,20.0247,5.09317,0,99,58,74,2416,1000,4.74246,271,3.45636,0,0,4640,78901375278
50.0445,19.9822,5.09317,0,99,58,74,2416,1000,4.74246,271,3.45636,0,0,4640,79005444500
49.4733,20.2129,5.09317,0,99,58,74,2416,1000,4.74246,271,3.45636,0,0,4640,79109514994
49.5615,20.177,5.09317,0,99,58,74,2416,1000,4.74246,271,3.45636,0,0,4640,79213581772
48.6778,20.5432,3.87879,0,99,58,74,2414,1000,4.74246,271,3.45636,0,0,4703,79317649501
50.7784,19.6934,3.87879,0,99,58,74,2414,1000,4.74246,271,3.45636,0,0,4703,79421717661
49.749,20.1009,3.87879,0,99,58,74,2414,1000,4.74246,271,3.45636,0,0,4703,79525785090
46.467,21.5207,3.87879,0,99,58,74,2414,1000,4.74246,271,3.45636,0,0,4703,79629852949
50.1784,19.9289,4.4686,0,99,58,73,2406,1000,4.74246,271,3.45636,0,0,4726,79733921099
49.707,20.1179,4.4686,0,99,58,73,2406,1000,4.74246,271,3.45636,0,0,4726,79837987035
50.9839,19.614,4.4686,0,99,58,73,2406,1000,4.74246,271,3.45636,0,0,4726,79942064874
52.02,19.2234,4.4686,0,99,58,73,2406,1000,4.74246,271,3.45636,0,0,4726,80046133695
51.4415,19.4395,4.4686,0,99,58,73,2406,1000,4.74246,271,3.45636,0,0,4726,80150207245
51.0406,19.5923,4.6285,0,99,58,74,2402,1000,4.74246,271,3.45634,0,0,4630,80254275435
50.9839,19.614,4.6285,0,99,58,74,2402,1000,4.74246,271,3.45634,0,0,4630,80358342233
50.4716,19.8131,4.6285,0,99,58,74,2402,1000,4.74246,271,3.45634,0,0,4630,80462410143
50.136,19.9457,4.6285,0,99,58,74,2402,1000,4.74246,271,3.45634,0,0,4630,80566479836
50.4642,19.816,4.6285,0,99,58,74,2402,1000,4.74246,271,3.45634,0,0,4630,80670548997
51.3536,19.4728,4.62287,0,99,58,74,2405,1000,4.74441,271,3.45633,0,0,4715,80774617007
50.3023,19.8798,4.62287,0,99,58,74,2405,1000,4.74441,271,3.45633,0,0,4715,80878683665
50.8865,19.6516,4.62287,0,99,58,74,2405,1000,4.74441,271,3.45633,0,0,4715,80982752155
50.6979,19.7247,4.62287,0,99,58,74,2405,1000,4.74441,271,3.45633,0,0,4715,81086820125
51.0298,19.5964,4.62287,0,99,58,74,2405,1000,4.74441,271,3.45633,0,0,4715,81190888055
51.49,19.4213,4.28397,0,99,58,74,2408,1000,4.74441,271,3.45633,0,0,4685,81294953159
50.4845,19.808,4.28397,0,99,58,74,2408,1000,4.74441,271,3.45633,0,0,4685,81399021540
50.9817,19.6149,4.28397,0,99,58,74,2408,1000,4.74441,271,3.45633,0,0,4685,81503090201
51.488,19.422,4.28397,0,99,58,74,2408,1000,4.74441,271,3.45633,0,0,4685,81607160906
51.2697,19.5047,4.28397,0,99,58,74,2408,1000,4.74441,271,3.45633,0,0,4685,81711229366
50.4032,19.84,4.53988,0,99,58,74,2400,1000,4.74441,271,3.45633,0,0,4759,81815296084
50.1113,19.9556,4.53988,0,99,58,74,2400,1000,4.74441,271,3.45633,0,0,4759,81919365526
47.5923,21.0118,4.53988,0,99,58,74,2400,1000,4.74441,271,3.45633,0,0,4759,82023434558
50.3185,19.8734,4.53988,0,99,58,74,2400,1000,4.74441,271,3.45633,0,0,4759,82127505623
51.1225,19.5609,4.53988,0,99,58,74,2400,1000,4.74441,271,3.45633,0,0,4759,82231577310
49.3804,20.2509,4.93218,0,99,58,74,2406,1000,4.74441,271,3.4537,0,0,4734,82335647724
51.2957,19.4948,4.93218,0,99,58,74,2406,1000,4.74441,271,3.4537,0,0,4734,82439716626
52.644,18.9955,4.93218,0,99,58,74,2406,1000,4.74441,271,3.4537,0,0,4734,82543786529
52.6396,18.9971,4.93218,0,99,58,74,2406,1000,4.74441,271,3.4537,0,0,4734,82647854619
52.3111,19.1164,4.93218,0,99,58,74,2406,1000,4.74441,271,3.4537,0,0,4734,82751923010
51.2904,19.4968,4.44444,0,99,58,74,2415,1000,4.73349,271,3.4543,0,0,4699,82855990278
50.8845,19.6523,4.44444,0,99,58,74,2415,1000,4.73349,271,3.4543,0,0,4699,82960058428
52.8164,18.9335,4.44444,0,99,58,74,2415,1000,4.73349,271,3.4543,0,0,4699,83064127290
51.2134,19.5261,4.44444,0,99,58,74,2415,1000,4.73349,271,3.4543,0,0,4699,83168195740
51.0354,19.5943,4.44444,0,99,58,74,2415,1000,4.73349,271,3.4543,0,0,4699,83272263610
52.692,18.9782,4.46097,0,99,58,74,2415,1000,4.73349,271,3.4543,0,0,4714,83376332461
51.9284,19.2573,4.46097,0,99,58,74,2415,1000,4.73349,271,3.4543,0,0,4714,83480400130
52.1844,19.1628,4.46097,0,99,58,74,2415,1000,4.73349,271,3.4543,0,0,4714,83584469473
52.8441,18.9236,4.46097,0,99,58,74,2415,1000,4.73349,271,3.4543,0,0,4714,83688543283
52.7027,18.9744,4.46097,0,99,58,74,2415,1000,4.73349,271,3.4543,0,0,4714,83792611804
50.8542,19.6641,4.35323,0,99,58,74,2410,1000,4.73349,271,3.4543,0,0,4723,83896680155
51.6615,19.3568,4.35323,0,99,58,74,2410,1000,4.73349,271,3.4543,0,0,4723,84000755098
51.6924,19.3452,4.35323,0,99,58,74,2410,1000,4.73349,271,3.4543,0,0,4723,84104823248
52.4342,19.0715,4.35323,0,99,58,74,2410,1000,4.73349,271,3.4543,0,0,4723,84208891227
50.0655,19.9738,4.25,0,99,59,74,2414,1000,4.73349,271,3.45454,0,0,4702,84312986078
52.3342,19.108,4.25,0,99,59,74,2414,1000,4.73349,271,3.45454,0,0,4702,84417053065
51.6513,19.3606,4.25,0,99,59,74,2414,1000,4.73349,271,3.45454,0,0,4702,84521122368
51.9152,19.2622,4.25,0,99,59,74,2414,1000,4.73349,271,3.45454,0,0,4702,84625191169
52.1623,19.1709,4.25,0,99,59,74,2414,1000,4.73349,271,3.45454,0,0,4702,84729260581
53.1874,18.8015,4.48319,0,99,59,74,2412,1000,4.73349,271,3.45454,0,0,4727,84833327770
51.0827,19.5761,4.48319,0,99,59,74,2412,1000,4.73349,271,3.45454,0,0,4727,84937402312
53.277,18.7698,4.48319,0,99,59,74,2412,1000,4.73349,271,3.45454,0,0,4727,85041472476
51.6402,19.3648,4.48319,0,99,59,74,2412,1000,4.73349,271,3.45454,0,0,4727,85145542159
52.1673,19.1691,4.48319,0,99,59,74,2412,1000,4.73349,271,3.45454,0,0,4727,85249610118
52.063,19.2075,4.02516,0,99,59,74,2414,1000,4.73349,271,3.45477,0,0,4719,85353678098
51.4382,19.4408,4.02516,0,99,59,74,2414,1000,4.73349,271,3.45477,0,0,4719,85457744996
53.25,18.7793,4.02516,0,99,59,74,2414,1000,4.73349,271,3.45477,0,0,4719,85561821532
52.9575,18.8831,4.02516,0,99,59,74,2414,1000,4.73349,271,3.45477,0,0,4719,85665887788
52.7395,18.9611,4.02516,0,99,59,74,2414,1000,4.73349,271,3.45477,0,0,4719,85769957381
51.9361,19.2544,3.8835,0,99,59,74,2408,1000,4.73349,271,3.45477,0,0,4666,85874026593
52.9254,18.8945,3.8835,0,99,59,74,2408,1000,4.73349,271,3.45477,0,0,4666,85978095925
51.9288,19.2572,3.8835,0,99,59,74,2408,1000,4.73349,271,3.45477,0,0,4666,86082163234
52.9065,18.9013,3.8835,0,99,59,74,2408,1000,4.73349,271,3.45477,0,0,4666,86186229530
51.8313,19.2934,3.8835,0,99,59,74,2408,1000,4.73349,271,3.45477,0,0,4666,86290297310
51.5368,19.4036,4.38048,0,99,59,74,2415,1000,4.73349,271,3.45477,0,0,4703,86394369688
51.5463,19.4,4.38048,0,99,59,74,2415,1000,4.73349,271,3.45477,0,0,4703,86498441354
51.6641,19.3558,4.38048,0,99,59,74,2415,1000,4.73349,271,3.45477,0,0,4703,86602510667
51.7473,19.3247,4.38048,0,99,59,74,2415,1000,4.73349,271,3.45477,0,0,4703,86706580270
52.3905,19.0874,4.38048,0,99,59,74,2415,1000,4.73349,271,3.45477,0,0,4703,86810614656
51.8853,19.2733,4.38048,0,99,59,74,2399,1000,4.73349,271,3.45477,0,0,4715,86914686313
52.8712,18.9139,4.38048,0,99,59,74,2399,1000,4.73349,271,3.45477,0,0,4715,87018755796
52.0564,19.2099,4.38048,0,99,59,74,2399,1000,4.73349,271,3.45477,0,0,4715,87122811212
52.3256,19.1111,4.38048,0,99,59,74,2399,1000,4.73349,271,3.45477,0,0,4715,87226882117
52.0916,19.197,4.38048,0,99,59,74,2399,1000,4.73349,271,3.45477,0,0,4715,87330952171
52.3801,19.0912,4.51128,0,99,59,74,2416,1000,4.73349,271,3.45279,0,0,4788,87434988000
52.7844,18.945,4.51128,0,99,59,74,2416,1000,4.73349,271,3.45279,0,0,4788,87539056661
53.6786,18.6294,4.51128,0,99,59,74,2416,1000,4.73349,271,3.45279,0,0,4788,87643125132
51.9053,19.2659,4.51128,0,99,59,74,2416,1000,4.73349,271,3.45279,0,0,4788,87747194514
52.3816,19.0907,4.51128,0,99,59,74,2416,1000,4.73349,271,3.45279,0,0,4788,87851265430
52.0949,19.1957,4.58937,0,99,59,74,2408,1000,4.73349,271,3.45279,0,0,4666,87955334081
50.3375,19.8659,4.58937,0,99,59,74,2408,1000,4.73349,271,3.45279,0,0,4666,88059403002
45.398,22.0274,4.58937,0,99,59,74,2408,1000,4.73349,271,3.45279,0,0,4666,88163487222
47.966,20.8481,4.58937,0,99,59,74,2408,1000,4.73349,271,3.45279,0,0,4666,88267568788
48.5404,20.6014,4.49575,0,99,59,74,2413,1000,4.73349,271,3.45279,0,0,4715,88371650473
48.4262,20.65,4.49575,0,99,59,74,2413,1000,4.73349,271,3.45279,0,0,4715,88475718653
48.5169,20.6114,4.49575,0,99,59,74,2413,1000,4.73349,271,3.45279,0,0,4715,88579787915
48.425,20.6505,4.49575,0,99,59,74,2413,1000,4.73349,271,3.45279,0,0,4715,88683853781
47.9872,20.8389,4.49575,0,99,59,74,2413,1000,4.73349,271,3.45279,0,0,4715,88787920559
49.6877,20.1257,3.67197,0,99,59,74,2381,1000,4.73349,271,3.45279,0,0,4715,88891984581
48.7783,20.5009,3.67197,0,99,59,74,2381,1000,4.73349,271,3.45279,0,0,4715,88996050527
49.596,20.1629,3.67197,0,99,59,74,2381,1000,4.73349,271,3.45279,0,0,4715,89100118056
49.71,20.1167,3.67197,0,99,59,74,2381,1000,4.73349,271,3.45279,0,0,4715,89204185274
49.9734,20.0106,3.67197,0,99,59,74,2381,1000,4.73349,271,3.45279,0,0,4715,89308252422
48.5785,20.5852,3.92638,0,99,59,74,2383,1000,4.70126,271,3.45279,0,0,4740,89412321023
47.7365,20.9483,3.92638,0,99,59,74,2383,1000,4.70126,271,3.45279,0,0,4740,89516390035
49.5313,20.1892,3.92638,0,99,59,74,2383,1000,4.70126,271,3.45279,0,0,4740,89620456482
48.3971,20.6624,3.92638,0,99,59,74,2383,1000,4.70126,271,3.45279,0,0,4740,89724522919
49.0101,20.404,3.92638,0,99,59,74,2383,1000,4.70126,271,3.45279,0,0,4740,89828589576
49.4484,20.2231,4.30504,0,99,59,74,2382,1000,4.70126,271,3.45279,0,0,4753,89932669638
49.2438,20.3071,4.30504,0,99,59,74,2382,1000,4.70126,271,3.45279,0,0,4753,90036714835
49.2746,20.2944,4.30504,0,99,59,74,2382,1000,4.70126,271,3.45279,0,0,4753,90140780731
48.7934,20.4946,4.30504,0,99,59,74,2382,1000,4.70126,271,3.45279,0,0,4753,90244847419
48.2977,20.7049,4.30504,0,99,59,74,2382,1000,4.70126,271,3.45279,0,0,4753,90348916210
48.9645,20.423,4.18204,0,99,59,74,2376,1000,4.70126,271,3.45274,0,0,4720,90452983508
48.5402,20.6015,4.18204,0,99,59,74,2376,1000,4.70126,271,3.45274,0,0,4720,90557051368
48.263,20.7198,4.18204,0,99,59,74,2376,1000,4.70126,271,3.45274,0,0,4720,90661118416
49.0728,20.3779,4.18204,0,99,59,74,2376,1000,4.70126,271,3.45274,0,0,4720,90765186857
49.3219,20.275,4.18204,0,99,59,74,2376,1000,4.70126,271,3.45274,0,0,4720,90869256660
50.1932,19.923,3.81304,0,99,59,74,2372,1000,4.70126,271,3.45274,0,0,4740,90973325181
49.2131,20.3198,3.81304,0,99,59,74,2372,1000,4.70126,271,3.45274,0,0,4740,91077394252
48.0041,20.8316,3.81304,0,99,59,74,2372,1000,4.70126,271,3.45274,0,0,4740,91181463625
48.1761,20.7572,3.81304,0,99,59,74,2372,1000,4.70126,271,3.45274,0,0,4740,91285532697
48.6793,20.5426,3.81304,0,99,59,74,2372,1000,4.70126,271,3.45274,0,0,4740,91389602069
48.1892,20.7515,4.26309,0,99,59,74,2375,1000,4.70126,271,3.45274,0,0,4738,91493669588
47.7346,20.9492,4.26309,0,99,59,74,2375,1000,4.70126,271,3.45274,0,0,4738,91597739040
48.1068,20.7871,4.26309,0,99,59,74,2375,1000,4.70126,271,3.45274,0,0,4738,91701808122
48.18,20.7555,4.26309,0,99,59,74,2375,1000,4.70126,271,3.45274,0,0,4738,91805878146
47.5317,21.0386,4.26309,0,99,59,74,2375,1000,4.70126,271,3.45274,0,0,4738,91909948059
48.7068,20.531,4.10628,0,99,59,74,2391,1000,4.70126,271,3.45274,0,0,4714,92014016931
48.4384,20.6448,4.10628,0,99,59,74,2391,1000,4.70126,271,3.45274,0,0,4714,92118087225
47.3079,21.1381,4.10628,0,99,59,74,2391,1000,4.70126,271,3.45274,0,0,4714,92222157649
47.7055,20.9619,4.10628,0,99,59,74,2391,1000,4.70126,271,3.45274,0,0,4714,92326231901
46.9861,21.2829,4.10628,0,99,59,74,2391,1000,4.70126,271,3.45274,0,0,4714,92430309027
47.5753,21.0193,4.23216,0,99,59,74,2378,1000,4.70126,271,3.44808,0,0,4715,92534381115
47.8926,20.88,4.23216,0,99,59,74,2378,1000,4.70126,271,3.44808,0,0,4715,92638450197
47.3918,21.1007,4.23216,0,99,59,74,2378,1000,4.70126,271,3.44808,0,0,4715,92742517135
48.3477,20.6835,4.23216,0,99,59,74,2378,1000,4.70126,271,3.44808,0,0,4715,92846592538
48.3592,20.6786,4.23216,0,99,59,74,2378,1000,4.70126,271,3.44808,0,0,4715,92950671569
48.0156,20.8266,4.32692,0,99,59,74,2384,1000,4.70126,271,3.44808,0,0,4740,93054739569
47.6847,20.9711,4.32692,0,99,59,74,2384,1000,4.70126,271,3.44808,0,0,4740,93158807809
47.4529,21.0735,4.32692,0,99,59,74,2384,1000,4.70126,271,3.44808,0,0,4740,93262886118
48.1575,20.7652,4.32692,0,99,59,74,2384,1000,4.70126,271,3.44808,0,0,4740,93366964657
49.6243,20.1514,4.32692,0,99,59,74,2384,1000,4.70126,271,3.44808,0,0,4740,93471044169
47.6728,20.9763,4.44712,0,99,59,74,2388,1000,4.70126,271,3.44808,0,0,4737,93575111057
48.6389,20.5597,4.44712,0,99,59,74,2388,1000,4.70126,271,3.44808,0,0,4737,93679180088
48.9104,20.4455,4.44712,0,99,59,74,2388,1000,4.70126,271,3.44808,0,0,4737,93783246685
48.1286,20.7777,4.44712,0,99,59,74,2388,1000,4.70126,271,3.44808,0,0,4737,93887312030
47.8523,20.8976,4.44712,0,99,59,74,2388,1000,4.70126,271,3.44808,0,0,4737,93991381753
48.1521,20.7675,3.76671,0,99,59,74,2370,1000,4.70126,271,3.44808,0,0,4690,94095450535
48.177,20.7568,3.76671,0,99,59,74,2370,1000,4.70126,271,3.44808,0,0,4690,94199518484
47.5925,21.0117,3.76671,0,99,59,74,2370,1000,4.70126,271,3.44808,0,0,4690,94303600530
47.0381,21.2593,3.76671,0,99,59,74,2370,1000,4.70126,271,3.44808,0,0,4690,94407683919
48.2504,20.7252,3.76671,0,99,59,74,2370,1000,4.70126,271,3.44808,0,0,4690,94511769201
48.8146,20.4857,4.00972,0,99,59,74,2380,1000,4.70126,271,3.44808,0,0,4685,94615851939
48.8728,20.4613,4.00972,0,99,59,74,2380,1000,4.70126,271,3.44808,0,0,4685,94719934646
47.6209,20.9992,4.00972,0,99,59,74,2380,1000,4.70126,271,3.44808,0,0,4685,94824003908
47.6106,21.0037,4.00972,0,99,59,74,2380,1000,4.70126,271,3.44808,0,0,4685,94928096364
47.9973,20.8345,4.00972,0,99,59,74,2380,1000,4.70126,271,3.44808,0,0,4685,95032177248
48.0633,20.8059,4.71584,0,99,59,74,2385,1000,4.70126,271,3.44808,0,0,4691,95136244697
48.5292,20.6061,4.71584,0,99,59,74,2385,1000,4.70126,271,3.44808,0,0,4691,95240325090
48.3951,20.6633,4.71584,0,99,59,74,2385,1000,4.70126,271,3.44808,0,0,4691,95344409440
49.2966,20.2854,4.71584,0,99,59,74,2385,1000,4.70126,271,3.44808,0,0,4691,95448491256
47.9322,20.8628,4.71584,0,99,59,74,2385,1000,4.70126,271,3.44808,0,0,4691,95552540450
50.8391,19.6699,4.50122,0,99,59,74,2397,1000,4.70932,271,3.44808,0,0,4641,95656617367
47.9792,20.8424,4.50122,0,99,59,74,2397,1000,4.70932,271,3.44808,0,0,4641,95760698612
50.0562,19.9775,4.50122,0,99,59,74,2397,1000,4.70932,271,3.44808,0,0,4641,95864787921
49.4128,20.2377,4.50122,0,99,59,74,2397,1000,4.70932,271,3.44808,0,0,4641,95968870378
24.9218,40.1256,4.50122,0,99,59,74,2397,1000,4.70932,271,3.44808,0,0,4641,96072951703
41.9187,23.8557,4.93381,0,99,59,74,2418,1000,4.74154,271,3.44808,0,0,4694,96177035032
41.2795,24.2251,4.93381,0,99,59,74,2418,1000,4.74154,271,3.44808,0,0,4694,96281105035
41.2146,24.2633,4.93381,0,99,59,74,2418,1000,4.74154,271,3.44808,0,0,4694,96385175089
41.9383,23.8445,4.93381,0,99,59,74,2418,1000,4.74154,271,3.44808,0,0,4694,96489242357
42.1493,23.7252,4.93381,0,99,59,74,2418,1000,4.74154,271,3.44808,0,0,4694,96593310107
42.0598,23.7756,3.75469,0,99,59,74,2418,1000,4.74154,271,3.44808,0,0,4754,96697379599
42.5612,23.4956,3.75469,0,99,59,74,2418,1000,4.74154,271,3.44808,0,0,4754,96801450765
41.7562,23.9485,3.75469,0,99,59,74,2418,1000,4.74154,271,3.44808,0,0,4754,96905522532
42.1635,23.7172,3.75469,0,99,59,74,2418,1000,4.74154,271,3.44808,0,0,4754,97009589500
42.6078,23.4699,3.75469,0,99,59,74,2418,1000,4.74154,271,3.44808,0,0,4754,97113660425
41.4329,24.1354,5.36993,0,99,59,74,2400,1000,4.73348,271,3.44957,0,0,4690,97217730428
42.2074,23.6926,5.36993,0,99,59,74,2400,1000,4.73348,271,3.44957,0,0,4690,97321799751
41.8498,23.895,5.36993,0,99,59,74,2400,1000,4.73348,271,3.44957,0,0,4690,97425869855
42.1903,23.7021,5.36993,0,99,59,74,2400,1000,4.73348,271,3.44957,0,0,4690,97529939016
41.2234,24.2581,5.36993,0,99,59,74,2400,1000,4.73348,271,3.44957,0,0,4690,97634008399
42.2685,23.6583,4.28571,0,99,59,74,2399,1000,4.73147,271,3.45009,0,0,4715,97738076008
42.7194,23.4086,4.28571,0,99,59,74,2399,1000,4.73147,271,3.45009,0,0,4715,97842144348
42.336,23.6206,4.28571,0,99,59,74,2399,1000,4.73147,271,3.45009,0,0,4715,97946220654
41.6644,24.0013,4.28571,0,99,59,74,2399,1000,4.73147,271,3.45009,0,0,4715,98050289305
41.7887,23.9299,4.28571,0,99,59,74,2399,1000,4.73147,271,3.45009,0,0,4715,98154356653
42.922,23.2981,4.6595,0,99,60,74,2417,1000,4.73348,271,3.45009,0,0,4690,98258423150
42.1537,23.7227,4.6595,0,99,60,74,2417,1000,4.73348,271,3.45009,0,0,4690,98362493254
41.4931,24.1004,4.6595,0,99,60,74,2417,1000,4.73348,271,3.45009,0,0,4690,98466574028
41.671,23.9975,4.6595,0,99,60,74,2417,1000,4.73348,271,3.45009,0,0,4690,98570642499
41.9396,23.8438,3.75,0,98,59,75,2385,1000,4.73348,271,3.45009,0,0,4754,98674709707
41.1734,24.2875,3.75,0,98,59,75,2385,1000,4.73348,271,3.45009,0,0,4754,98778782025
41.1984,24.2728,3.75,0,98,59,75,2385,1000,4.73348,271,3.45009,0,0,4754,98882850025
41.8358,23.903,3.75,0,98,59,75,2385,1000,4.73348,271,3.45009,0,0,4754,98986917403
42.2774,23.6533,3.75,0,98,59,75,2385,1000,4.73348,271,3.45009,0,0,4754,99090997786
42.2288,23.6805,4.34243,0,99,59,75,2408,1000,4.73348,271,3.45009,0,0,4691,99195080003
42.3439,23.6161,4.34243,0,99,59,75,2408,1000,4.73348,271,3.45009,0,0,4691,99299146319
43.1731,23.1626,4.34243,0,99,59,75,2408,1000,4.73348,271,3.45009,0,0,4691,99403213027
42.1156,23.7442,4.34243,0,99,59,75,2408,1000,4.73348,271,3.45009,0,0,4691,99507279544
41.9671,23.8282,4.34243,0,99,59,75,2408,1000,4.73348,271,3.45009,0,0,4691,99611359947
41.6632,24.002,3.84154,0,99,59,74,2414,1000,4.73348,271,3.45032,0,0,4741,99715391448
41.9455,23.8404,3.84154,0,99,59,74,2414,1000,4.73348,271,3.45032,0,0,4741,99819467623
42.6165,23.4651,3.84154,0,99,59,74,2414,1000,4.73348,271,3.45032,0,0,4741,99923535172
41.9826,23.8194,3.84154,0,99,59,74,2414,1000,4.73348,271,3.45032,0,0,4741,100027601349
41.4385,24.1321,3.84154,0,99,59,74,2414,1000,4.73348,271,3.45032,0,0,4741,100131682453
43.3731,23.0558,4.19664,0,99,59,75,2383,1000,4.73348,271,3.45032,0,0,4731,100235749992
41.7552,23.9491,4.19664,0,99,59,75,2383,1000,4.73348,271,3.45032,0,0,4731,100339830866
42.2482,23.6697,4.19664,0,99,59,75,2383,1000,4.73348,271,3.45032,0,0,4731,100443897864
42.0164,23.8002,4.19664,0,99,59,75,2383,1000,4.73348,271,3.45032,0,0,4731,100547967978
42.6423,23.4509,4.19664,0,99,59,75,2383,1000,4.73348,271,3.45032,0,0,4731,100652032310
41.4137,24.1466,4.08163,0,99,59,74,2420,1000,4.73348,271,3.455,0,0,4738,100756097765
41.8922,23.8708,4.08163,0,99,59,74,2420,1000,4.73348,271,3.455,0,0,4738,100860164092
41.3308,24.1951,4.08163,0,99,59,74,2420,1000,4.73348,271,3.455,0,0,4738,100964232463
42.5055,23.5264,4.08163,0,99,59,74,2420,1000,4.73348,271,3.455,0,0,4738,101068298238
41.2146,24.2632,4.08163,0,99,59,74,2420,1000,4.73348,271,3.455,0,0,4738,101172365276
42.2059,23.6934,4.48319,0,99,59,75,2384,1000,4.73348,271,3.455,0,0,4660,101276433466
42.0901,23.7586,4.48319,0,99,59,75,2384,1000,4.73348,271,3.455,0,0,4660,101380498972
42.1325,23.7347,4.48319,0,99,59,75,2384,1000,4.73348,271,3.455,0,0,4660,101484567773
41.772,23.9395,4.48319,0,99,59,75,2384,1000,4.73348,271,3.455,0,0,4660,101588634580
42.5643,23.4939,4.48319,0,99,59,75,2384,1000,4.73348,271,3.455,0,0,4660,101692697781
41.8967,23.8682,4.1816,0,99,59,74,2421,1000,4.73348,271,3.45481,0,0,4728,101796777252
42.73,23.4027,4.1816,0,99,59,74,2421,1000,4.73348,271,3.45481,0,0,4728,101900844892
43.6976,22.8845,4.1816,0,99,59,74,2421,1000,4.73348,271,3.45481,0,0,4728,102004925926
43.2269,23.1338,4.1816,0,99,59,74,2421,1000,4.73348,271,3.45481,0,0,4728,102109008243
42.8055,23.3615,4.1816,0,99,59,74,2421,1000,4.73348,271,3.45481,0,0,4728,102213077024
42.872,23.3252,4.11622,0,99,59,74,2401,1000,4.73348,271,3.45201,0,0,4758,102317146256
42.3849,23.5933,4.11622,0,99,59,74,2401,1000,4.73348,271,3.45201,0,0,4758,102421214085
42.9817,23.2657,4.11622,0,99,59,74,2401,1000,4.73348,271,3.45201,0,0,4758,102525306781
41.1077,24.3263,4.11622,0,99,59,74,2401,1000,4.73348,271,3.45201,0,0,4758,102629388557
42.2456,23.6711,4.11622,0,99,59,74,2401,1000,4.73348,271,3.45201,0,0,4758,102733457819
42.9182,23.3002,4.00485,0,99,59,75,2425,1000,4.73348,271,3.45201,0,0,4634,102837528173
43.1541,23.1728,4.00485,0,99,59,75,2425,1000,4.73348,271,3.45201,0,0,4634,102941608967
43.0123,23.2491,4.00485,0,99,59,75,2425,1000,4.73348,271,3.45201,0,0,4634,103045692586
42.0924,23.7572,4.00485,0,99,59,75,2425,1000,4.73348,271,3.45201,0,0,4634,103149775344
42.4753,23.5431,4.00485,0,99,59,75,2425,1000,4.73348,271,3.45201,0,0,4634,103253843734
42.9829,23.265,4.23216,0,99,59,75,2410,1000,4.73348,271,3.45224,0,0,4767,103357924428
43.7653,22.8491,4.23216,0,99,59,75,2410,1000,4.73348,271,3.45224,0,0,4767,103461990975
43.3469,23.0697,4.23216,0,99,59,75,2410,1000,4.73348,271,3.45224,0,0,4767,103566057602
42.6997,23.4194,4.23216,0,99,59,75,2410,1000,4.73348,271,3.45224,0,0,4767,103670127826
42.3613,23.6064,4.23216,0,99,59,75,2410,1000,4.73348,271,3.45224,0,0,4767,103774197790
43.1141,23.1943,4.37424,0,99,59,75,2400,1000,4.73348,271,3.45259,0,0,4676,103878279054
43.687,22.8901,4.37424,0,99,59,75,2400,1000,4.73348,271,3.45259,0,0,4676,103982347325
49.1079,20.3633,4.37424,0,99,59,75,2400,1000,4.73348,271,3.45259,0,0,4676,104086414503
49.0888,20.3712,4.37424,0,99,59,75,2400,1000,4.73348,271,3.45259,0,0,4676,104190479066
50.595,19.7648,4.37424,0,99,59,75,2400,1000,4.73348,271,3.45259,0,0,4676,104294545303
50.3202,19.8727,3.8835,0,99,59,74,2420,1000,4.77377,271,3.45268,0,0,4734,104398612902
52.2266,19.1473,3.8835,0,99,59,74,2420,1000,4.77377,271,3.45268,0,0,4734,104502679820
49.4922,20.2052,3.8835,0,99,59,74,2420,1000,4.77377,271,3.45268,0,0,4734,104606749282
52.1675,19.169,3.8835,0,99,59,74,2420,1000,4.77377,271,3.45268,0,0,4734,104710815789
50.423,19.8322,3.8835,0,99,59,74,2420,1000,4.77377,271,3.45268,0,0,4734,104814889580
50.4292,19.8298,3.83189,0,99,59,75,2408,1000,4.74545,271,3.45268,0,0,4716,104918957009
51.0256,19.598,3.83189,0,99,59,75,2408,1000,4.74545,271,3.45268,0,0,4716,105023023886
50.0712,19.9716,3.83189,0,99,59,75,2408,1000,4.74545,271,3.45268,0,0,4716,105127092267
49.7003,20.1206,3.83189,0,99,59,75,2408,1000,4.74545,271,3.45268,0,0,4716,105231170937
50.4094,19.8376,3.83189,0,99,59,75,2408,1000,4.74545,271,3.45268,0,0,4716,105335251650
51.1636,19.5451,4.52876,0,99,59,75,2412,1000,4.73739,271,3.4529,0,0,4727,105439333266
51.7862,19.3102,4.52876,0,99,59,75,2412,1000,4.73739,271,3.4529,0,0,4727,105543401646
51.2556,19.5101,4.52876,0,99,59,75,2412,1000,4.73739,271,3.4529,0,0,4727,105647470457
50.6352,19.7491,4.52876,0,99,59,75,2412,1000,4.73739,271,3.4529,0,0,4727,105751540000
51.4016,19.4546,4.52876,0,99,59,75,2412,1000,4.73739,271,3.4529,0,0,4727,105855606768
49.6118,20.1565,4.2735,0,99,59,75,2415,1000,4.74545,271,3.4529,0,0,4726,105959676501
51.6376,19.3657,4.2735,0,99,59,75,2415,1000,4.74545,271,3.4529,0,0,4726,106063744410
51.6352,19.3666,4.2735,0,99,59,75,2415,1000,4.74545,271,3.4529,0,0,4726,106167810597
52.1636,19.1705,4.2735,0,99,59,75,2415,1000,4.74545,271,3.4529,0,0,4726,106271877394
50.0421,19.9832,4.2735,0,99,59,75,2415,1000,4.74545,271,3.4529,0,0,4726,106375944512
50.6854,19.7295,4.3849,0,99,59,75,2410,1000,4.74343,271,3.4529,0,0,4729,106480011110
49.8383,20.0649,4.3849,0,99,59,75,2410,1000,4.74343,271,3.4529,0,0,4729,106584078398
49.5091,20.1983,4.3849,0,99,59,75,2410,1000,4.74343,271,3.4529,0,0,4729,106688147660
51.0504,19.5885,4.3849,0,99,59,75,2410,1000,4.74343,271,3.4529,0,0,4729,106792222763
51.218,19.5244,4.23729,0,99,59,75,2397,1000,4.74343,271,3.4529,0,0,4715,106896347299
49.5979,20.1621,4.23729,0,99,59,75,2397,1000,4.74343,271,3.4529,0,0,4715,107000414187
50.1503,19.9401,4.23729,0,99,59,75,2397,1000,4.74343,271,3.4529,0,0,4715,107104483890
48.7496,20.513,4.23729,0,99,59,75,2397,1000,4.74343,271,3.4529,0,0,4715,107208554184
49.8414,20.0636,4.23729,0,99,59,75,2397,1000,4.74343,271,3.4529,0,0,4715,107312621963
49.0734,20.3776,4.11125,0,99,59,75,2405,1000,4.74343,271,3.45373,0,0,4725,107416689843
50.7442,19.7067,4.11125,0,99,59,75,2405,1000,4.74343,271,3.45373,0,0,4725,107520756681
49.5706,20.1733,4.11125,0,99,59,75,2405,1000,4.74343,271,3.45373,0,0,4725,107624833657
49.1806,20.3332,4.11125,0,99,59,75,2405,1000,4.74343,271,3.45373,0,0,4725,107728904602
49.7599,20.0965,4.11125,0,99,59,75,2405,1000,4.74343,271,3.45373,0,0,4725,107832978824
49.6644,20.1351,4.12121,0,99,59,75,2413,1000,4.74343,271,3.45396,0,0,4715,107937059157
49.7462,20.102,4.12121,0,99,59,75,2413,1000,4.74343,271,3.45396,0,0,4715,108041139810
49.2331,20.3115,4.12121,0,99,59,75,2413,1000,4.74343,271,3.45396,0,0,4715,108145208411
48.448,20.6407,4.12121,0,99,59,75,2413,1000,4.74343,271,3.45396,0,0,4715,108249275469
49.7961,20.0819,4.12121,0,99,59,75,2413,1000,4.74343,271,3.45396,0,0,4715,108353341736
49.9665,20.0134,4.22705,0,99,59,75,2387,1000,4.74343,271,3.45396,0,0,4715,108457406309
50.4253,19.8313,4.22705,0,99,59,75,2387,1000,4.74343,271,3.45396,0,0,4715,108561487033
50.6296,19.7513,4.22705,0,99,59,75,2387,1000,4.74343,271,3.45396,0,0,4715,108665568398
49.1162,20.3599,4.22705,0,99,59,75,2387,1000,4.74343,271,3.45396,0,0,4715,108769638221
48.8432,20.4737,4.22705,0,99,59,75,2387,1000,4.74343,271,3.45396,0,0,4715,108873718774
49.7627,20.0954,4.80769,0,99,59,75,2404,1000,4.74343,271,3.45396,0,0,4715,108977785672
50.8808,19.6538,4.80769,0,99,59,75,2404,1000,4.74343,271,3.45396,0,0,4715,109081851748
49.5589,20.178,4.80769,0,99,59,75,2404,1000,4.74343,271,3.45396,0,0,4715,109185916772
50.6694,19.7358,4.80769,0,99,59,75,2404,1000,4.74343,271,3.45396,0,0,4715,109289981767
49.9261,20.0296,4.80769,0,99,59,75,2404,1000,4.74343,271,3.45396,0,0,4715,109394048765
49.1276,20.3551,3.99033,0,99,59,75,2404,1000,4.74343,271,3.45396,0,0,4701,109498131412
49.7024,20.1198,3.99033,0,99,59,75,2404,1000,4.74343,271,3.45396,0,0,4701,109602212506
49.2417,20.308,3.99033,0,99,59,75,2404,1000,4.74343,271,3.45396,0,0,4701,109706303619
49.0896,20.3709,3.99033,0,99,59,75,2404,1000,4.74343,271,3.45396,0,0,4701,109810372401
49.9414,20.0235,3.99033,0,99,59,75,2404,1000,4.74343,271,3.45396,0,0,4701,109914451411
48.7517,20.5121,3.75,0,99,59,75,2391,1000,4.73537,271,3.45396,0,0,4689,110018531504
49.8516,20.0595,3.75,0,99,59,75,2391,1000,4.73537,271,3.45396,0,0,4689,110122613089
49.5267,20.1911,3.75,0,99,59,75,2391,1000,4.73537,271,3.45396,0,0,4689,110226694273
50.3163,19.8743,3.75,0,99,59,75,2391,1000,4.73537,271,3.45396,0,0,4689,110330775788
49.4649,20.2164,3.75,0,99,59,75,2391,1000,4.73537,271,3.45396,0,0,4689,110434848066
50.372,19.8523,3.74532,0,99,59,75,2400,1000,4.73537,271,3.45396,0,0,4704,110538923891
49.7435,20.1031,3.74532,0,99,59,75,2400,1000,4.73537,271,3.45396,0,0,4704,110643003603
50.0209,19.9916,3.74532,0,99,59,75,2400,1000,4.73537,271,3.45396,0,0,4704,110747077864
49.8057,20.078,3.74532,0,99,59,75,2400,1000,4.73537,271,3.45396,0,0,4704,110851145463
48.4649,20.6335,3.74532,0,99,59,75,2400,1000,4.73537,271,3.45396,0,0,4704,110955215266
50.6465,19.7447,3.87985,0,99,59,75,2397,1000,4.73537,271,3.45394,0,0,4737,111059283146
50.5126,19.797,3.87985,0,99,59,75,2397,1000,4.73537,271,3.45394,0,0,4737,111163348821
50.1243,19.9504,3.87985,0,99,59,75,2397,1000,4.73537,271,3.45394,0,0,4737,111267415879
50.37,19.8531,3.87985,0,99,59,75,2397,1000,4.73537,271,3.45394,0,0,4737,111371484120
49.7173,20.1137,3.87985,0,99,59,75,2397,1000,4.73537,271,3.45394,0,0,4737,111475553342
49.3607,20.259,4.2394,0,99,59,75,2391,1000,4.73537,271,3.45393,0,0,4728,111579635939
49.9339,20.0265,4.2394,0,99,59,75,2391,1000,4.73537,271,3.45393,0,0,4728,111683711723
50.8719,19.6572,4.2394,0,99,59,75,2391,1000,4.73537,271,3.45393,0,0,4728,111787794260
50.1865,19.9257,4.2394,0,99,59,75,2391,1000,4.73537,271,3.45393,0,0,4728,111891863342
50.1374,19.9452,4.2394,0,99,59,75,2391,1000,4.73537,271,3.45393,0,0,4728,111995944917
50.0166,19.9934,3.87016,0,99,59,75,2391,1000,4.73537,271,3.45393,0,0,4696,112099982660
50.8285,19.674,3.87016,0,99,59,75,2391,1000,4.73537,271,3.45393,0,0,4696,112204057373
48.6901,20.538,3.87016,0,99,59,75,2391,1000,4.73537,271,3.45393,0,0,4696,112308126044
49.4004,20.2427,3.87016,0,99,59,75,2391,1000,4.73537,271,3.45393,0,0,4696,112412194525
49.6552,20.1389,4.4665,0,99,59,75,2401,1000,4.73537,271,3.45578,0,0,4715,112516260992
48.2279,20.7349,4.4665,0,99,59,75,2401,1000,4.73537,271,3.45578,0,0,4715,112620328721
49.2992,20.2843,4.4665,0,99,59,75,2401,1000,4.73537,271,3.45578,0,0,4715,112724407541
49.0235,20.3984,4.4665,0,99,59,75,2401,1000,4.73537,271,3.45578,0,0,4715,112828488936
48.0922,20.7934,4.4665,0,99,59,75,2401,1000,4.73537,271,3.45578,0,0,4715,112932560062
48.1745,20.7579,3.69458,0,99,59,75,2387,1000,4.73537,271,3.45578,0,0,4724,113036639192
48.3627,20.6771,3.69458,0,99,59,75,2387,1000,4.73537,271,3.45578,0,0,4724,113140717441
48.1988,20.7474,3.69458,0,99,59,75,2387,1000,4.73537,271,3.45578,0,0,4724,113244785060
48.5053,20.6163,3.69458,0,99,59,75,2387,1000,4.73537,271,3.45578,0,0,4724,113348851868
46.8387,21.3498,3.69458,0,99,59,75,2387,1000,4.73537,271,3.45578,0,0,4724,113452918736
49.1502,20.3458,3.75758,0,99,59,75,2386,1000,4.73537,271,3.45578,0,0,4725,113556995953
48.1623,20.7631,3.75758,0,99,59,75,2386,1000,4.73537,271,3.45578,0,0,4725,113661060716
48.7954,20.4938,3.75758,0,99,59,75,2386,1000,4.73537,271,3.45578,0,0,4725,113765126592
48.9424,20.4322,3.75758,0,99,59,75,2386,1000,4.73537,271,3.45578,0,0,4725,113869192638
48.4768,20.6284,3.75758,0,99,59,75,2386,1000,4.73537,271,3.45578,0,0,4725,113973260157
49.3517,20.2627,4.14634,0,99,59,75,2406,1000,4.73537,271,3.45578,0,0,4680,114077341232
48.8731,20.4612,4.14634,0,99,59,75,2406,1000,4.73537,271,3.45578,0,0,4680,114181408871
48.9766,20.4179,4.14634,0,99,59,75,2406,1000,4.73537,271,3.45578,0,0,4680,114285476179
48.849,20.4713,4.14634,0,99,59,75,2406,1000,4.73537,271,3.45578,0,0,4680,114389543367
49.6471,20.1422,4.14634,0,99,59,75,2406,1000,4.73537,271,3.45578,0,0,4680,114493608983
48.4704,20.6311,4,0,99,59,75,2405,1000,4.73537,271,3.45578,0,0,4726,114597689035
48.6782,20.5431,4,0,99,59,75,2405,1000,4.73537,271,3.45578,0,0,4726,114701767935
48.287,20.7095,4,0,99,59,75,2405,1000,4.73537,271,3.45578,0,0,4726,114805837298
47.8735,20.8884,4,0,99,59,75,2405,1000,4.73537,271,3.45578,0,0,4726,114909905879
46.7125,21.4076,4,0,99,59,75,2405,1000,4.73537,271,3.45578,0,0,4726,115013974149
47.6849,20.971,3.74065,0,99,59,75,2391,1000,4.73537,271,3.45577,0,0,4703,115118054221
46.9071,21.3188,3.74065,0,99,59,75,2391,1000,4.73537,271,3.45577,0,0,4703,115222122101
48.6522,20.554,3.74065,0,99,59,75,2391,1000,4.73537,271,3.45577,0,0,4703,115326201873
50.0402,19.9839,3.74065,0,99,59,75,2391,1000,4.73537,271,3.45577,0,0,4703,115430281865
49.2493,20.3048,3.74065,0,99,59,75,2391,1000,4.73537,271,3.45577,0,0,4703,115534349104
47.8507,20.8983,3.64964,0,99,59,75,2408,1000,4.73537,271,3.45577,0,0,4740,115638430168
47.379,21.1064,3.64964,0,99,59,75,2408,1000,4.73537,271,3.45577,0,0,4740,115742511853
47.6595,20.9822,3.64964,0,99,59,75,2408,1000,4.73537,271,3.45577,0,0,4740,115846580063
47.6842,20.9713,3.64964,0,99,59,75,2408,1000,4.73537,271,3.45577,0,0,4740,115950660687
47.2323,21.1719,3.64964,0,99,59,75,2408,1000,4.73537,271,3.45577,0,0,4740,116054729178
47.7446,20.9448,3.47395,0,99,59,75,2394,1000,4.73537,271,3.45577,0,0,4697,116158798219
49.8412,20.0637,3.47395,0,99,59,75,2394,1000,4.73537,271,3.45577,0,0,4697,116262865488
50.5303,19.7901,3.47395,0,99,59,75,2394,1000,4.73537,271,3.45577,0,0,4697,116366947294
47.0142,21.2702,3.47395,0,99,59,75,2394,1000,4.73537,271,3.45577,0,0,4697,116471024080
49.2678,20.2972,3.47395,0,99,59,75,2394,1000,4.73537,271,3.45577,0,0,4697,116575089214
49.892,20.0433,3.47826,0,99,59,75,2398,1000,4.73537,271,3.45577,0,0,4645,116679155661
48.6787,20.5429,3.47826,0,99,59,75,2398,1000,4.73537,271,3.45577,0,0,4645,116783220946
47.913,20.8712,3.47826,0,99,59,75,2398,1000,4.73537,271,3.45577,0,0,4645,116887285940
47.6957,20.9663,3.47826,0,99,59,75,2398,1000,4.73537,271,3.45577,0,0,4645,116991354140
48.5647,20.5911,3.47826,0,99,59,75,2398,1000,4.73537,271,3.45577,0,0,4645,117095421168
49.142,20.3492,4.82509,0,99,59,75,2389,1000,4.73537,271,3.45395,0,0,4740,117199490130
47.3901,21.1015,4.82509,0,99,59,75,2389,1000,4.73537,271,3.45395,0,0,4740,117303554403
47.6213,20.999,4.82509,0,99,59,75,2389,1000,4.73537,271,3.45395,0,0,4740,117407620328
47.2875,21.1472,4.82509,0,99,59,75,2389,1000,4.73537,271,3.45395,0,0,4740,117511686084
47.3601,21.1148,4.82509,0,99,59,75,2389,1000,4.73537,271,3.45395,0,0,4740,117615751760
48.4659,20.6331,3.69914,0,99,59,75,2389,1000,4.73537,271,3.45448,0,0,4693,117719825230
48.4478,20.6408,3.69914,0,99,59,75,2389,1000,4.73537,271,3.45448,0,0,4693,117823897427
49.1685,20.3382,3.69914,0,99,59,75,2389,1000,4.73537,271,3.45448,0,0,4693,117927979083
48.7464,20.5143,3.69914,0,99,59,75,2389,1000,4.73537,271,3.45448,0,0,4693,118032046702
49.7412,20.1041,3.69914,0,99,59,75,2389,1000,4.73537,271,3.45448,0,0,4693,118136126995
46.911,21.317,3.85542,0,99,59,75,2395,1000,4.73537,271,3.45448,0,0,4712,118240196267
48.5107,20.614,3.85542,0,99,59,75,2395,1000,4.73537,271,3.45448,0,0,4712,118344301386
48.0234,20.8232,3.85542,0,99,59,75,2395,1000,4.73537,271,3.45448,0,0,4712,118448368053
48.9023,20.4489,3.85542,0,99,59,75,2395,1000,4.73537,271,3.45448,0,0,4712,118552435342
48.2091,20.743,4,0,99,59,75,2396,1000,4.73537,271,3.45448,0,0,4616,118656515885
47.1199,21.2224,4,0,99,59,75,2396,1000,4.73537,271,3.45448,0,0,4616,118760595938
46.2578,21.618,4,0,99,59,75,2396,1000,4.73537,271,3.45448,0,0,4616,118864664238
44.4268,22.5089,4,0,99,59,75,2396,1000,4.73537,271,3.45448,0,0,4616,118968729944
46.0554,21.713,4,0,99,59,75,2396,1000,4.73537,271,3.45448,0,0,4616,119072812931
46.1553,21.666,3.74849,0,99,59,75,2408,1000,4.73537,271,3.45448,0,0,4620,119176880200
46.0469,21.717,3.74849,0,99,59,75,2408,1000,4.73537,271,3.45448,0,0,4620,119280945495
45.8168,21.8261,3.74849,0,99,59,75,2408,1000,4.73537,271,3.45448,0,0,4620,119385013885
46.2639,21.6151,3.74849,0,99,59,75,2408,1000,4.73537,271,3.45448,0,0,4620,119489102193
45.2475,22.1007,3.74849,0,99,59,75,2408,1000,4.73537,271,3.45448,0,0,4620,119593182316
44.1426,22.6539,3.72671,0,99,59,75,2393,1000,4.73537,271,3.45448,0,0,4719,119697271395
47.3295,21.1285,3.72671,0,99,59,75,2393,1000,4.73537,271,3.45448,0,0,4719,119801357679
40.3919,24.7574,3.72671,0,99,59,75,2393,1000,4.73537,271,3.45448,0,0,4719,119905443813
46.9307,21.308,3.72671,0,99,59,75,2393,1000,4.73537,271,3.45448,0,0,4719,120009514287
46.377,21.5624,3.72671,0,99,59,75,2393,1000,4.73537,271,3.45448,0,0,4719,120113581976
46.252,21.6207,3.80835,0,99,59,75,2380,1000,4.73537,271,3.45448,0,0,4785,120217649616
46.6571,21.4329,3.80835,0,99,59,75,2380,1000,4.73537,271,3.45448,0,0,4785,120321714229
45.6905,21.8864,3.80835,0,99,59,75,2380,1000,4.73537,271,3.45448,0,0,4785,120425778101
47.0122,21.2711,3.80835,0,99,59,75,2380,1000,4.73537,271,3.45448,0,0,4785,120529845971
46.0927,21.6954,3.80835,0,99,59,75,2380,1000,4.73537,271,3.45448,0,0,4785,120633912397
46.3259,21.5862,3.87409,0,99,59,75,2393,1000,4.70315,271,3.45448,0,0,4625,120737993111
46.8645,21.3381,3.87409,0,99,59,75,2393,1000,4.70315,271,3.45448,0,0,4625,120842072843
48.0135,20.8275,3.87409,0,99,59,75,2393,1000,4.70315,271,3.45448,0,0,4625,120946139430
47.7725,20.9326,3.87409,0,99,59,75,2393,1000,4.70315,271,3.45448,0,0,4625,121050208822
46.9627,21.2935,3.87409,0,99,59,75,2393,1000,4.70315,271,3.45448,0,0,4625,121154289486
47.0193,21.2679,3.40633,0,99,59,75,2391,1000,4.70315,271,3.45395,0,0,4742,121258369118
47.2036,21.1848,3.40633,0,99,59,75,2391,1000,4.70315,271,3.45395,0,0,4742,121362436416
45.9531,21.7613,3.40633,0,99,59,75,2391,1000,4.70315,271,3.45395,0,0,4742,121466502823
47.3655,21.1124,3.40633,0,99,59,75,2391,1000,4.70315,271,3.45395,0,0,4742,121570583787
46.5135,21.4991,3.40633,0,99,59,75,2391,1000,4.70315,271,3.45395,0,0,4742,121674664170
46.3136,21.5919,3.64964,0,99,59,75,2388,1000,4.70315,271,3.45391,0,0,4716,121778733272
47.4374,21.0804,3.64964,0,99,59,75,2388,1000,4.70315,271,3.45391,0,0,4716,121882801883
45.7599,21.8532,3.64964,0,99,59,75,2388,1000,4.70315,271,3.45391,0,0,4716,121986871466
46.7073,21.4099,3.64964,0,99,59,75,2388,1000,4.70315,271,3.45391,0,0,4716,122090939105
45.7288,21.8681,3.64964,0,99,59,75,2388,1000,4.70315,271,3.45391,0,0,4716,122195021892
46.3824,21.5599,3.86473,0,99,59,75,2370,1000,4.70315,271,3.45644,0,0,4616,122299087508
45.6867,21.8882,3.86473,0,99,59,75,2370,1000,4.70315,271,3.45644,0,0,4616,122403153704
45.6968,21.8834,3.86473,0,99,59,75,2370,1000,4.70315,271,3.45644,0,0,4616,122507220371
45.8482,21.8111,3.86473,0,99,59,75,2370,1000,4.70315,271,3.45644,0,0,4616,122611287640
45.6286,21.9161,3.86473,0,99,59,75,2370,1000,4.70315,271,3.45644,0,0,4616,122715353666
45.6933,21.8851,3.59712,0,99,59,75,2398,1000,4.70315,271,3.45611,0,0,4740,122819420093
47.6451,20.9885,3.59712,0,99,59,75,2398,1000,4.70315,271,3.45611,0,0,4740,122923488273
46.0698,21.7062,3.59712,0,99,59,75,2398,1000,4.70315,271,3.45611,0,0,4740,123027555501
45.6347,21.9132,3.59712,0,99,59,75,2398,1000,4.70315,271,3.45611,0,0,4740,123131600077
45.9227,21.7757,3.59712,0,99,59,75,2398,1000,4.70315,271,3.45611,0,0,4740,123235677895
46.3757,21.563,3.59712,0,99,59,75,2369,1000,4.70315,271,3.45657,0,0,4690,123339769710
44.9199,22.2618,3.59712,0,99,59,75,2369,1000,4.70315,271,3.45657,0,0,4690,123443850423
45.2923,22.0788,3.59712,0,99,59,75,2369,1000,4.70315,271,3.45657,0,0,4690,123547930195
45.2335,22.1075,3.59712,0,99,59,75,2369,1000,4.70315,271,3.45657,0,0,4690,123651999878
45.1474,22.1496,3.59712,0,99,59,75,2369,1000,4.70315,271,3.45657,0,0,4690,123756081403
44.8182,22.3124,3.09406,0,99,59,75,2382,1000,4.70315,271,3.45633,0,0,4786,123860161386
45.2812,22.0842,3.09406,0,99,59,75,2382,1000,4.70315,271,3.45633,0,0,4786,123964242791
46.4328,21.5365,3.09406,0,99,59,75,2382,1000,4.70315,271,3.45633,0,0,4786,124068311562
43.9308,22.7631,3.09406,0,99,59,75,2382,1000,4.70315,271,3.45633,0,0,4786,124172380824
44.7492,22.3467,3.09406,0,99,59,75,2382,1000,4.70315,271,3.45633,0,0,4786,124276461468
44.4462,22.4991,3.28068,0,99,59,75,2370,1000,4.70119,271,3.45632,0,0,4718,124380529097
45.0032,22.2206,3.28068,0,99,59,75,2370,1000,4.70119,271,3.45632,0,0,4718,124484567731
44.2752,22.586,3.28068,0,99,59,75,2370,1000,4.70119,271,3.45632,0,0,4718,124588646471
45.1545,22.1462,3.28068,0,99,59,75,2370,1000,4.70119,271,3.45632,0,0,4718,124692713599
44.0375,22.7079,3.28068,0,99,59,75,2370,1000,4.70119,271,3.45632,0,0,4718,124796781289
44.3442,22.5509,3.72149,0,99,59,75,2401,1000,4.69924,271,3.45632,0,0,4686,124900846503
43.9425,22.757,3.72149,0,99,59,75,2401,1000,4.69924,271,3.45632,0,0,4686,125004911958
44.3316,22.5573,3.72149,0,99,59,75,2401,1000,4.69924,271,3.45632,0,0,4686,125108978786
43.4304,23.0254,3.72149,0,99,59,75,2401,1000,4.69924,271,3.45632,0,0,4686,125213046475
44.4996,22.4721,3.72149,0,99,59,75,2401,1000,4.69924,271,3.45632,0,0,4686,125317112120
44.187,22.6311,3.1401,0,99,59,75,2371,1000,4.69924,271,3.45632,0,0,4740,125421185110
44.3268,22.5597,3.1401,0,99,59,75,2371,1000,4.69924,271,3.45632,0,0,4740,125525251747
43.574,22.9494,3.1401,0,99,59,75,2371,1000,4.69924,271,3.45632,0,0,4740,125629321901
43.7791,22.8419,3.1401,0,99,59,75,2371,1000,4.69924,271,3.45632,0,0,4740,125733390231
44.2651,22.5912,3.1401,0,99,59,75,2371,1000,4.69924,271,3.45632,0,0,4740,125837457890
44.6495,22.3967,3.49819,0,99,59,75,2403,1000,4.69924,271,3.45632,0,0,4758,125941538414
44.9415,22.2512,3.49819,0,99,59,75,2403,1000,4.69924,271,3.45632,0,0,4758,126045618035
44.7633,22.3397,3.49819,0,99,59,75,2403,1000,4.69924,271,3.45632,0,0,4758,126149697927
44.8725,22.2854,3.49819,0,99,59,75,2403,1000,4.69924,271,3.45632,0,0,4758,126253764945
44.6617,22.3906,3.49819,0,99,59,75,2403,1000,4.69924,271,3.45632,0,0,4758,126357833476
44.7596,22.3416,3.28867,0,99,59,75,2403,1000,4.69924,271,3.45632,0,0,4739,126461905022
44.4393,22.5026,3.28867,0,99,59,75,2403,1000,4.69924,271,3.45632,0,0,4739,126565975176
45.9461,21.7646,3.28867,0,99,59,75,2403,1000,4.69924,271,3.45632,0,0,4739,126670041814
45.5481,21.9548,3.28867,0,99,59,75,2403,1000,4.69924,271,3.45632,0,0,4739,126774107519
45.2378,22.1054,3.28867,0,99,59,75,2403,1000,4.69924,271,3.45632,0,0,4739,126878174938
45.7393,21.863,3.31288,0,99,59,75,2394,1000,4.69924,271,3.45632,0,0,4666,126982242397
45.552,21.9529,3.31288,0,99,59,75,2394,1000,4.69924,271,3.45632,0,0,4666,127086308984
45.5093,21.9735,3.31288,0,99,59,75,2394,1000,4.69924,271,3.45632,0,0,4666,127190376613
44.5008,22.4715,3.31288,0,99,59,75,2394,1000,4.69924,271,3.45632,0,0,4666,127294446256
44.7628,22.34,3.31288,0,99,59,75,2394,1000,4.69924,271,3.45632,0,0,4666,127398533061
44.0814,22.6853,3.65408,0,99,59,75,2391,1000,4.69924,271,3.45712,0,0,4783,127502612692
45.0041,22.2202,3.65408,0,99,59,75,2391,1000,4.69924,271,3.45712,0,0,4783,127606692364
44.4538,22.4953,3.65408,0,99,59,75,2391,1000,4.69924,271,3.45712,0,0,4783,127710772346
43.0073,23.2519,3.65408,0,99,59,75,2391,1000,4.69924,271,3.45712,0,0,4783,127814839935
50.7521,19.7036,3.65408,0,99,59,75,2391,1000,4.69924,271,3.45712,0,0,4783,127918907835
61.2152,16.3358,3.47722,0,99,59,75,2376,1000,4.69924,271,3.45712,0,0,4684,128022976977
43.3601,23.0627,3.47722,0,99,59,75,2376,1000,4.69924,271,3.45712,0,0,4684,128127046269
43.6271,22.9215,3.47722,0,99,59,75,2376,1000,4.69924,271,3.45712,0,0,4684,128231113427
43.8203,22.8205,3.47722,0,99,59,75,2376,1000,4.69924,271,3.45712,0,0,4684,128335180085
43.0259,23.2418,4.625,0,99,59,75,2445,1000,4.74343,271,3.45712,0,0,4731,128439245429
42.9569,23.2792,4.625,0,99,59,75,2445,1000,4.74343,271,3.45712,0,0,4731,128543310113
43.2657,23.113,4.625,0,99,59,75,2445,1000,4.74343,271,3.45712,0,0,4731,128647389294
42.4368,23.5644,4.625,0,99,59,75,2445,1000,4.74343,271,3.45712,0,0,4731,128751476279
42.7187,23.4089,4.625,0,99,59,75,2445,1000,4.74343,271,3.45712,0,0,4731,128855557965
41.6734,23.9961,3.78049,0,99,59,75,2417,1000,4.74343,271,3.45712,0,0,4664,128959629691
44.3804,22.5325,3.78049,0,99,59,75,2417,1000,4.74343,271,3.45712,0,0,4664,129063699134
47.6219,20.9987,3.78049,0,99,59,75,2417,1000,4.74343,271,3.45712,0,0,4664,129167769077
46.9261,21.3101,3.78049,0,99,59,75,2417,1000,4.74343,271,3.45712,0,0,4664,129271839852
45.74,21.8627,3.78049,0,99,59,75,2417,1000,4.74343,271,3.45712,0,0,4664,129375916278
46.0749,21.7038,3.84139,0,99,60,75,2437,1000,4.74343,271,3.45712,0,0,4763,129479988285
45.5312,21.963,3.84139,0,99,60,75,2437,1000,4.74343,271,3.45712,0,0,4763,129584055023
46.1119,21.6864,3.84139,0,99,60,75,2437,1000,4.74343,271,3.45712,0,0,4763,129688119336
45.0184,22.2131,3.84139,0,99,60,75,2437,1000,4.74343,271,3.45712,0,0,4763,129792186684
45.5287,21.9642,3.84139,0,99,60,75,2437,1000,4.74343,271,3.45712,0,0,4763,129896255045
45.1037,22.1711,4.56227,0,99,60,75,2407,1000,4.74343,271,3.45712,0,0,4616,130000323786
45.1447,22.151,4.56227,0,99,60,75,2407,1000,4.74343,271,3.45712,0,0,4616,130104370516
45.2542,22.0974,4.56227,0,99,60,75,2407,1000,4.74343,271,3.45712,0,0,4616,130208436432
45.6402,21.9105,4.56227,0,99,60,75,2407,1000,4.74343,271,3.45712,0,0,4616,130312504311
44.9966,22.2239,4.56227,0,99,60,75,2407,1000,4.74343,271,3.45712,0,0,4616,130416584855
44.1462,22.652,3.9555,0,99,60,75,2396,1000,4.74343,271,3.45712,0,0,4731,130520652293
44.5543,22.4445,3.9555,0,99,60,75,2396,1000,4.74343,271,3.45712,0,0,4731,130624718339
46.0562,21.7126,3.9555,0,99,60,75,2396,1000,4.74343,271,3.45712,0,0,4731,130728786199
45.262,22.0936,3.9555,0,99,60,75,2396,1000,4.74343,271,3.45712,0,0,4731,130832855010
45.9918,21.743,3.9555,0,99,60,75,2396,1000,4.74343,271,3.45712,0,0,4731,130936924553
44.8177,22.3126,3.7037,0,99,60,75,2396,1000,4.74343,271,3.45712,0,0,4762,131040994957
45.9416,21.7668,3.7037,0,99,60,75,2396,1000,4.74343,271,3.45712,0,0,4762,131145064570
44.8858,22.2788,3.7037,0,99,60,75,2396,1000,4.74343,271,3.45712,0,0,4762,131249149752
46.2161,21.6375,3.7037,0,99,60,75,2396,1000,4.74343,271,3.45712,0,0,4762,131353226258
45.1991,22.1243,3.7037,0,99,60,75,2396,1000,4.74343,271,3.45712,0,0,4762,131457318824
45.2082,22.1199,3.59801,0,99,60,75,2399,1000,4.74343,271,3.45899,0,0,4727,131561387475
45.2739,22.0878,3.59801,0,99,60,75,2399,1000,4.74343,271,3.45899,0,0,4727,131665460564
45.2481,22.1004,3.59801,0,99,60,75,2399,1000,4.74343,271,3.45899,0,0,4727,131769482588
45.4951,21.9804,3.59801,0,99,60,75,2399,1000,4.74343,271,3.45899,0,0,4727,131873551459
45.7264,21.8692,3.59801,0,99,60,75,2399,1000,4.74343,271,3.45899,0,0,4727,131977618427
45.5074,21.9745,3.69914,0,99,60,75,2413,1000,4.74343,271,3.45899,0,0,4715,132081684774
45.5884,21.9354,3.69914,0,99,60,75,2413,1000,4.74343,271,3.45899,0,0,4715,132185755078
45.6452,21.9081,3.69914,0,99,60,75,2413,1000,4.74343,271,3.45899,0,0,4715,132289823108
45.0676,22.1889,3.69914,0,99,60,75,2413,1000,4.74343,271,3.45899,0,0,4715,132393888823
45.1233,22.1615,3.71287,0,99,60,75,2418,1000,4.74343,271,3.45975,0,0,4710,132497956502
44.4491,22.4977,3.71287,0,99,60,75,2418,1000,4.74343,271,3.45975,0,0,4710,132602023781
45.4701,21.9925,3.71287,0,99,60,75,2418,1000,4.74343,271,3.45975,0,0,4710,132706104745
45.8596,21.8057,3.71287,0,99,60,75,2418,1000,4.74343,271,3.45975,0,0,4710,132810176552
45.7107,21.8767,3.71287,0,99,60,75,2418,1000,4.74343,271,3.45975,0,0,4710,132914244612
45.1343,22.1561,4.05904,0,99,59,75,2420,1000,4.74343,271,3.45975,0,0,4727,133018318322
45.5721,21.9433,4.05904,0,99,59,75,2420,1000,4.74343,271,3.45975,0,0,4727,133122387144
45.382,22.0352,4.05904,0,99,59,75,2420,1000,4.74343,271,3.45975,0,0,4727,133226454232
45.3036,22.0733,4.05904,0,99,59,75,2420,1000,4.74343,271,3.45975,0,0,4727,133330522983
46.3306,21.584,4.05904,0,99,59,75,2420,1000,4.74343,271,3.45975,0,0,4727,133434595742
45.7538,21.8561,3.58467,0,99,60,75,2424,1000,4.74343,271,3.45975,0,0,4680,133538679792
45.2573,22.0959,3.58467,0,99,60,75,2424,1000,4.74343,271,3.45975,0,0,4680,133642761768
45.4021,22.0254,3.58467,0,99,60,75,2424,1000,4.74343,271,3.45975,0,0,4680,133746829607
45.7105,21.8768,3.58467,0,99,60,75,2424,1000,4.74343,271,3.45975,0,0,4680,133850897817
45.1172,22.1645,3.58467,0,99,60,75,2424,1000,4.74343,271,3.45975,0,0,4680,133954969294
46.2175,21.6368,3.93604,0,99,59,75,2421,1000,4.74343,271,3.45975,0,0,4716,134059051059
44.6518,22.3955,3.93604,0,99,59,75,2421,1000,4.74343,271,3.45975,0,0,4716,134163120091
44.7237,22.3595,3.93604,0,99,59,75,2421,1000,4.74343,271,3.45975,0,0,4716,134267190014
45.2544,22.0973,3.93604,0,99,59,75,2421,1000,4.74343,271,3.45975,0,0,4716,134371272041
45.2849,22.0824,3.93604,0,99,59,75,2421,1000,4.74343,271,3.45975,0,0,4716,134475360619
45.1549,22.146,3.46535,0,99,60,75,2424,1000,4.74343,271,3.45975,0,0,4721,134579443687
44.8089,22.317,3.46535,0,99,60,75,2424,1000,4.74343,271,3.45975,0,0,4721,134683525453
45.124,22.1611,3.46535,0,99,60,75,2424,1000,4.74343,271,3.45975,0,0,4721,134787608230
45.8616,21.8047,3.46535,0,99,60,75,2424,1000,4.74343,271,3.45975,0,0,4721,134891681510
45.3931,22.0298,3.46535,0,99,60,75,2424,1000,4.74343,271,3.45975,0,0,4721,134995752014
45.6343,21.9134,3.58025,0,99,60,75,2419,1000,4.74343,271,3.45975,0,0,4690,135099781412
45.3513,22.0501,3.58025,0,99,60,75,2419,1000,4.74343,271,3.45975,0,0,4690,135203850213
45.0491,22.198,3.58025,0,99,60,75,2419,1000,4.74343,271,3.45975,0,0,4690,135307916910
44.9967,22.2239,3.58025,0,99,60,75,2419,1000,4.74343,271,3.45975,0,0,4690,135411983417
45.5499,21.954,3.58025,0,99,60,75,2419,1000,4.74343,271,3.45975,0,0,4690,135516049504
45.2106,22.1187,3.58025,0,99,59,75,2421,1000,4.74343,271,3.45975,0,0,4713,135620111432
42.6075,23.47,3.58025,0,99,59,75,2421,1000,4.74343,271,3.45975,0,0,4713,135724167890
41.6798,23.9924,3.58025,0,99,59,75,2421,1000,4.74343,271,3.45975,0,0,4713,135828231221
48.0553,20.8094,3.58025,0,99,59,75,2421,1000,4.74343,271,3.45975,0,0,4713,135932297307
45.8697,21.8009,3.58025,0,99,59,75,2421,1000,4.74343,271,3.45975,0,0,4713,136036361841
45.7305,21.8672,3.30882,0,99,59,75,2423,1000,4.77767,271,3.45975,0,0,4789,136140426614
45.9999,21.7392,3.30882,0,99,59,75,2423,1000,4.77767,271,3.45975,0,0,4789,136244501948
46.3147,21.5914,3.30882,0,99,59,75,2423,1000,4.77767,271,3.45975,0,0,4789,136348583052
46.5542,21.4803,3.30882,0,99,59,75,2423,1000,4.77767,271,3.45975,0,0,4789,136452664547
46.6455,21.4383,3.30882,0,99,59,75,2423,1000,4.77767,271,3.45975,0,0,4789,136556732768
45.9213,21.7764,3.24519,0,99,59,75,2411,1000,4.74545,271,3.45975,0,0,4739,136660799515
45.6445,21.9084,3.24519,0,99,59,75,2411,1000,4.74545,271,3.45975,0,0,4739,136764865421
45.9524,21.7617,3.24519,0,99,59,75,2411,1000,4.74545,271,3.45975,0,0,4739,136868940584
45.6913,21.886,3.24519,0,99,59,75,2411,1000,4.74545,271,3.45975,0,0,4739,136973022350
46.9257,21.3103,3.24519,0,99,59,75,2411,1000,4.74545,271,3.45975,0,0,4739,137077090911
46.6165,21.4516,3.85078,0,99,59,75,2414,1000,4.74343,271,3.45685,0,0,4714,137181160954
46.7142,21.4068,3.85078,0,99,59,75,2414,1000,4.74343,271,3.45685,0,0,4714,137285235166
46.1943,21.6477,3.85078,0,99,59,75,2414,1000,4.74343,271,3.45685,0,0,4714,137389318244
45.8291,21.8202,3.85078,0,99,59,75,2414,1000,4.74343,271,3.45685,0,0,4714,137493388308
45.6029,21.9285,3.85078,0,99,59,75,2414,1000,4.74343,271,3.45685,0,0,4714,137597455947
46.4284,21.5385,3.37349,0,99,59,75,2410,1000,4.74343,271,3.45716,0,0,4691,137701523155
45.4946,21.9806,3.37349,0,99,59,75,2410,1000,4.74343,271,3.45716,0,0,4691,137805590063
47.1751,21.1976,3.37349,0,99,59,75,2410,1000,4.74343,271,3.45716,0,0,4691,137909655969
46.8638,21.3385,3.37349,0,99,59,75,2410,1000,4.74343,271,3.45716,0,0,4691,138013722756
46.6269,21.4468,3.37349,0,99,59,75,2410,1000,4.74343,271,3.45716,0,0,4691,138117791327
46.4091,21.5475,3.26481,0,99,59,75,2417,1000,4.74343,271,3.45716,0,0,4722,138221859738
46.8124,21.3619,3.26481,0,99,59,75,2417,1000,4.74343,271,3.45716,0,0,4722,138325926635
45.4548,21.9999,3.26481,0,99,59,75,2417,1000,4.74343,271,3.45716,0,0,4722,138429992150
45.9317,21.7715,3.26481,0,99,59,75,2417,1000,4.74343,271,3.45716,0,0,4722,138534061803
45.8241,21.8226,3.26481,0,99,59,75,2417,1000,4.74343,271,3.45716,0,0,4722,138638145823
45.6083,21.9258,3.60144,0,99,59,75,2400,1000,4.74343,271,3.45716,0,0,4715,138742213102
45.9168,21.7785,3.60144,0,99,59,75,2400,1000,4.74343,271,3.45716,0,0,4715,138846281833
46.044,21.7183,3.60144,0,99,59,75,2400,1000,4.74343,271,3.45716,0,0,4715,138950349141
46.3837,21.5593,3.60144,0,99,59,75,2400,1000,4.74343,271,3.45716,0,0,4715,139054416871
46.1822,21.6533,3.60144,0,99,59,75,2400,1000,4.74343,271,3.45716,0,0,4715,139158484790
46.3463,21.5767,3.25694,0,99,59,75,2417,1000,4.74343,271,3.45716,0,0,4704,139262552459
46.1995,21.6453,3.25694,0,99,59,75,2417,1000,4.74343,271,3.45716,0,0,4704,139366628915
45.8108,21.8289,3.25694,0,99,59,75,2417,1000,4.74343,271,3.45716,0,0,4704,139470696374
46.5924,21.4627,3.25694,0,99,59,75,2417,1000,4.74343,271,3.45716,0,0,4704,139574762099
46.0807,21.701,3.25694,0,99,59,75,2417,1000,4.74343,271,3.45716,0,0,4704,139678842402
45.7662,21.8502,3.48558,0,99,59,75,2401,1000,4.74343,271,3.45716,0,0,4721,139782911123
46.4158,21.5444,3.48558,0,99,59,75,2401,1000,4.74343,271,3.45716,0,0,4721,139886979253
46.1968,21.6465,3.48558,0,99,59,75,2401,1000,4.74343,271,3.45716,0,0,4721,139991020894
46.7112,21.4081,3.48558,0,99,59,75,2401,1000,4.74343,271,3.45716,0,0,4721,140095087531
46.3617,21.5695,3.48558,0,99,59,75,2401,1000,4.74343,271,3.45716,0,0,4721,140199154279
46.2409,21.6259,3.36943,0,99,59,75,2420,1000,4.74343,271,3.4574,0,0,4748,140303219243
45.6658,21.8982,3.36943,0,99,59,75,2420,1000,4.74343,271,3.4574,0,0,4748,140407286140
46.286,21.6048,3.36943,0,99,59,75,2420,1000,4.74343,271,3.4574,0,0,4748,140511355583
46.5758,21.4704,3.36943,0,99,59,75,2420,1000,4.74343,271,3.4574,0,0,4748,140615427670
46.4456,21.5306,3.36943,0,99,59,75,2420,1000,4.74343,271,3.4574,0,0,4748,140719494768
45.567,21.9457,3.26087,0,99,59,75,2420,1000,4.74343,271,3.4574,0,0,4719,140823562097
46.5975,21.4604,3.26087,0,99,59,75,2420,1000,4.74343,271,3.4574,0,0,4719,140927627722
46.9231,21.3115,3.26087,0,99,59,75,2420,1000,4.74343,271,3.4574,0,0,4719,141031694901
46.4601,21.5239,3.26087,0,99,59,75,2420,1000,4.74343,271,3.4574,0,0,4719,141135762189
46.3649,21.568,3.26087,0,99,59,75,2420,1000,4.74343,271,3.4574,0,0,4719,141239834417
46.1903,21.6496,3.61011,0,99,59,75,2408,1000,4.74343,271,3.4574,0,0,4747,141343910542
46.2998,21.5984,3.61011,0,99,59,75,2408,1000,4.74343,271,3.4574,0,0,4747,141447971819
46.6737,21.4254,3.61011,0,99,59,75,2408,1000,4.74343,271,3.4574,0,0,4747,141552044017
45.4713,21.9919,3.61011,0,99,59,75,2408,1000,4.74343,271,3.4574,0,0,4747,141656108991
46.4891,21.5104,3.61011,0,99,59,75,2408,1000,4.74343,271,3.4574,0,0,4747,141760172933
46.8265,21.3554,3.38573,0,99,59,75,2412,1000,4.74343,271,3.45763,0,0,4717,141864237777
46.764,21.384,3.38573,0,99,59,75,2412,1000,4.74343,271,3.45763,0,0,4717,141968304454
46.6586,21.4323,3.38573,0,99,59,75,2412,1000,4.74343,271,3.45763,0,0,4717,142072372204
46.8741,21.3337,3.38573,0,99,59,75,2412,1000,4.74343,271,3.45763,0,0,4717,142176443630
46.4193,21.5428,3.75758,0,99,58,75,2416,1000,4.74343,271,3.45453,0,0,4731,142280512531
46.2416,21.6255,3.75758,0,99,58,75,2416,1000,4.74343,271,3.45453,0,0,4731,142384578928
46.5761,21.4702,3.75758,0,99,58,75,2416,1000,4.74343,271,3.45453,0,0,4731,142488646798
46.4447,21.531,3.75758,0,99,58,75,2416,1000,4.74343,271,3.45453,0,0,4731,142592717132
47.4595,21.0706,3.75758,0,99,58,75,2416,1000,4.74343,271,3.45453,0,0,4731,142696785753
46.1254,21.68,3.5109,0,99,58,75,2412,1000,4.74343,271,3.44864,0,0,4653,142800853051
46.1007,21.6917,3.5109,0,99,58,75,2412,1000,4.74343,271,3.44864,0,0,4653,142904917725
46.5439,21.4851,3.5109,0,99,58,75,2412,1000,4.74343,271,3.44864,0,0,4653,143008984442
46.2612,21.6164,3.5109,0,99,58,75,2412,1000,4.74343,271,3.44864,0,0,4653,143113053925
46.4194,21.5427,3.5109,0,99,58,75,2412,1000,4.74343,271,3.44864,0,0,4653,143217128627
45.6886,21.8873,3.85542,0,99,58,75,2404,1000,4.76528,271,3.44864,0,0,4715,143321196597
46.6991,21.4137,3.85542,0,99,58,75,2404,1000,4.76528,271,3.44864,0,0,4715,143425261571
46.6265,21.447,3.85542,0,99,58,75,2404,1000,4.76528,271,3.44864,0,0,4715,143529327637
46.2347,21.6288,3.85542,0,99,58,75,2404,1000,4.76528,271,3.44864,0,0,4715,143633397721
46.7349,21.3973,3.85542,0,99,58,75,2404,1000,4.76528,271,3.44864,0,0,4715,143737464899
56.5779,17.6748,3.89294,0,99,58,75,2417,1000,4.76528,271,3.44864,0,0,4740,143841532869
47.6545,20.9844,3.89294,0,99,58,75,2417,1000,4.76528,271,3.44864,0,0,4740,143945599556
48.851,20.4704,3.89294,0,99,58,75,2417,1000,4.76528,271,3.44864,0,0,4740,144049667045
49.4741,20.2126,3.89294,0,99,58,75,2417,1000,4.76528,271,3.44864,0,0,4740,144153734604
48.9581,20.4256,3.89294,0,99,58,75,2417,1000,4.76528,271,3.44864,0,0,4740,144257810348
49.1278,20.3551,3.44828,0,99,58,75,2394,1000,4.7673,271,3.44864,0,0,4706,144361867287
49.3085,20.2805,3.44828,0,99,58,75,2394,1000,4.7673,271,3.44864,0,0,4706,144465958912
49.5114,20.1974,3.44828,0,99,58,75,2394,1000,4.7673,271,3.44864,0,0,4706,144570025398
49.7174,20.1137,3.44828,0,99,58,75,2394,1000,4.7673,271,3.44864,0,0,4706,144674093118
48.5511,20.5969,3.44828,0,99,58,75,2394,1000,4.7673,271,3.44864,0,0,4706,144778159655
49.4616,20.2177,3.66748,0,99,58,75,2389,1000,4.76528,271,3.44864,0,0,4706,144882224509
49.3413,20.267,3.66748,0,99,58,75,2389,1000,4.76528,271,3.44864,0,0,4706,144986290825
47.9822,20.841,3.66748,0,99,58,75,2389,1000,4.76528,271,3.44864,0,0,4706,145090355970
49.7253,20.1105,3.66748,0,99,58,75,2389,1000,4.76528,271,3.44864,0,0,4706,145194423940
48.9762,20.4181,3.66748,0,99,58,75,2389,1000,4.76528,271,3.44864,0,0,4706,145298491889
48.4557,20.6374,3.7851,0,99,58,75,2382,1000,4.76528,271,3.44864,0,0,4761,145402559689
48.103,20.7887,3.7851,0,99,58,75,2382,1000,4.76528,271,3.44864,0,0,4761,145506625504
49.2487,20.3051,3.7851,0,99,58,75,2382,1000,4.76528,271,3.44864,0,0,4761,145610693895
48.5593,20.5934,3.7851,0,99,58,75,2382,1000,4.76528,271,3.44864,0,0,4761,145714760232
49.4077,20.2398,3.7851,0,99,58,75,2382,1000,4.76528,271,3.44864,0,0,4761,145818816369
49.0166,20.4013,3.53228,0,99,58,75,2385,1000,4.76528,271,3.44864,0,0,4633,145922883868
48.5506,20.5971,3.53228,0,99,58,75,2385,1000,4.76528,271,3.44864,0,0,4633,146026950595
47.8865,20.8827,3.53228,0,99,58,75,2385,1000,4.76528,271,3.44864,0,0,4633,146131018184
48.9775,20.4175,3.53228,0,99,58,75,2385,1000,4.76528,271,3.44864,0,0,4633,146235085643
48.2297,20.7341,3.53228,0,99,58,75,2385,1000,4.76528,271,3.44864,0,0,4633,146339164724
49.1759,20.3352,3.75303,0,99,59,75,2390,1000,4.76528,271,3.44864,0,0,4720,146443232814
49.093,20.3695,3.75303,0,99,59,75,2390,1000,4.76528,271,3.44864,0,0,4720,146547301455
48.4379,20.645,3.75303,0,99,59,75,2390,1000,4.76528,271,3.44864,0,0,4720,146651368262
49.1127,20.3613,3.75303,0,99,59,75,2390,1000,4.76528,271,3.44864,0,0,4720,146755392350
47.7046,20.9624,3.75303,0,99,59,75,2390,1000,4.76528,271,3.44864,0,0,4720,146859456653
48.4472,20.641,3.85078,0,99,59,75,2402,1000,4.76528,271,3.44864,0,0,4790,146963523019
49.5959,20.1629,3.85078,0,99,59,75,2402,1000,4.76528,271,3.44864,0,0,4790,147067591320
47.7108,20.9596,3.85078,0,99,59,75,2402,1000,4.76528,271,3.44864,0,0,4790,147171661794
48.1762,20.7571,3.85078,0,99,59,75,2402,1000,4.76528,271,3.44864,0,0,4790,147275730065
47.9474,20.8562,3.85078,0,99,59,75,2402,1000,4.76528,271,3.44864,0,0,4790,147379762808
48.6192,20.568,4.44178,0,99,59,75,2383,1000,4.76528,271,3.45039,0,0,4718,147483829676
48.3632,20.6769,4.44178,0,99,59,75,2383,1000,4.76528,271,3.45039,0,0,4718,147587895021
48.9808,20.4162,4.44178,0,99,59,75,2383,1000,4.76528,271,3.45039,0,0,4718,147691961367
48.2537,20.7238,4.44178,0,99,59,75,2383,1000,4.76528,271,3.45039,0,0,4718,147796027844
47.7581,20.9389,4.44178,0,99,59,75,2383,1000,4.76528,271,3.45039,0,0,4718,147900094502
48.2917,20.7075,3.1401,0,99,59,75,2388,1000,4.76528,271,3.45039,0,0,4690,148004162752
48.9022,20.449,3.1401,0,99,59,75,2388,1000,4.76528,271,3.45039,0,0,4690,148108231012
48.4355,20.646,3.1401,0,99,59,75,2388,1000,4.76528,271,3.45039,0,0,4690,148212299403
48.1219,20.7806,3.1401,0,99,59,75,2388,1000,4.76528,271,3.45039,0,0,4690,148316366641
48.1222,20.7804,3.1401,0,99,59,75,2388,1000,4.76528,271,3.45039,0,0,4690,148420433899
49.0534,20.386,3.1401,0,99,59,75,2401,1000,4.76528,271,3.45039,0,0,4670,148524502290
48.4686,20.6319,3.1401,0,99,59,75,2401,1000,4.76528,271,3.45039,0,0,4670,148628583725
47.3733,21.109,3.1401,0,99,59,75,2401,1000,4.76528,271,3.45039,0,0,4670,148732651344
47.3721,21.1095,3.1401,0,99,59,75,2401,1000,4.76528,271,3.45039,0,0,4670,148836719915
46.6856,21.4199,3.1401,0,99,59,75,2401,1000,4.76528,271,3.45039,0,0,4670,148940787594
47.431,21.0832,3.48558,0,99,59,75,2382,1000,4.76528,271,3.45039,0,0,4662,149044856456
47.1617,21.2036,3.48558,0,99,59,75,2382,1000,4.76528,271,3.45039,0,0,4662,149148928663
48.3647,20.6762,3.48558,0,99,59,75,2382,1000,4.76528,271,3.45039,0,0,4662,149253002083
47.9485,20.8557,3.48558,0,99,59,75,2382,1000,4.76528,271,3.45039,0,0,4662,149357068881
48.6909,20.5377,3.48558,0,99,59,75,2382,1000,4.76528,271,3.45039,0,0,4662,149461135508
47.9483,20.8558,3.37922,0,99,59,75,2403,1000,4.76528,271,3.45063,0,0,4755,149565203418
48.5632,20.5917,3.37922,0,99,59,75,2403,1000,4.76528,271,3.45063,0,0,4755,149669271017
48.6437,20.5577,3.37922,0,99,59,75,2403,1000,4.76528,271,3.45063,0,0,4755,149773337393
47.9473,20.8562,3.37922,0,99,59,75,2403,1000,4.76528,271,3.45063,0,0,4755,149877404031
48.4532,20.6385,3.37922,0,99,59,75,2403,1000,4.76528,271,3.45063,0,0,4755,149981471890
48.6223,20.5667,3.36538,0,99,59,75,2378,1000,4.76528,271,3.45063,0,0,4725,150085538467
