os,cpu,gpu,ram,kernel,driver,cpuscheduler
Arch Linux,AMD Ryzen 7 5800X 8-Core Processor,AMD Radeon RX 6900 XT ,32764444,7.0.9-arch1-1,,performance
fps,frametime,cpu_load,cpu_power,gpu_load,cpu_temp,gpu_temp,gpu_core_clock,gpu_mem_clock,gpu_vram_used,gpu_power,ram_used,swap_used,process_rss,cpu_mhz,elapsed
42.6179,23.4643,12.0958,0,99,72,62,2491,1000,5.08689,271,5.6701,0,0,4643,195387693
40.3819,24.7635,12.0958,0,99,72,62,2491,1000,5.08689,271,5.6701,0,0,4643,299617556
45.0643,22.1905,12.0958,0,99,72,62,2491,1000,5.08689,271,5.6701,0,0,4643,403695845
41.313,24.2055,12.0958,0,99,72,62,2491,1000,5.08689,271,5.6701,0,0,4643,507753586
43.1797,23.159,12.0958,0,99,72,62,2491,1000,5.08689,271,5.6701,0,0,4643,611842204
45.903,21.7851,13.012,0,99,72,62,2500,1000,5.08884,271,5.68636,0,0,4740,715929250
46.46,21.5239,13.012,0,99,72,62,2500,1000,5.08884,271,5.68636,0,0,4740,820018429
42.5981,23.4752,13.012,0,99,72,62,2500,1000,5.08884,271,5.68636,0,0,4740,924117628
46.4803,21.5145,13.012,0,99,72,62,2500,1000,5.08884,271,5.68636,0,0,4740,1028212408
43.1284,23.1866,13.012,0,99,72,62,2500,1000,5.08884,271,5.68636,0,0,4740,1132297239
42.8414,23.3419,12.1981,0,99,71,62,2487,1000,5.10169,271,5.6876,0,0,4677,1236394334
45.8389,21.8156,12.1981,0,99,71,62,2487,1000,5.10169,271,5.6876,0,0,4677,1340519030
45.4616,21.9966,12.1981,0,99,71,62,2487,1000,5.10169,271,5.6876,0,0,4677,1444604432
45.4036,22.0247,12.1981,0,99,71,62,2487,1000,5.10169,271,5.6876,0,0,4677,1548695665
42.3016,23.6398,12.1981,0,99,71,62,2487,1000,5.10169,271,5.6876,0,0,4677,1652775918
42.9864,23.2632,12.6812,0,99,70,63,2493,1000,5.10364,271,5.6829,0,0,4650,1756865108
44.4989,22.4724,12.6812,0,99,70,63,2493,1000,5.10364,271,5.6829,0,0,4650,1860971970
44.2733,22.587,12.6812,0,99,70,63,2493,1000,5.10364,271,5.6829,0,0,4650,1965054848
42.0807,23.7639,12.6812,0,99,70,63,2493,1000,5.10364,271,5.6829,0,0,4650,2069139519
44.2729,22.5872,12.4396,0,99,70,63,2486,1000,5.10169,271,5.67786,0,0,4740,2173245791
41.539,24.0738,12.4396,0,99,70,63,2486,1000,5.10169,271,5.67786,0,0,4740,2277325412
45.6172,21.9216,12.4396,0,99,70,63,2486,1000,5.10169,271,5.67786,0,0,4740,2381420172
40.4336,24.7319,12.4396,0,99,70,63,2486,1000,5.10169,271,5.67786,0,0,4740,2485493973
43.3308,23.0783,12.4396,0,99,70,63,2486,1000,5.10169,271,5.67786,0,0,4740,2589576089
43.6796,22.894,12.7711,0,99,69,63,2498,1000,5.08892,271,5.68332,0,0,4657,2693652505
43.7366,22.8641,12.7711,0,99,69,63,2498,1000,5.08892,271,5.68332,0,0,4657,2797735843
42.1923,23.701,12.7711,0,99,69,63,2498,1000,5.08892,271,5.68332,0,0,4657,2901831736
44.5621,22.4406,12.7711,0,99,69,63,2498,1000,5.08892,271,5.68332,0,0,4657,3005910405
43.0266,23.2414,12.7711,0,99,69,63,2498,1000,5.08892,271,5.68332,0,0,4657,3109996128
45.2338,22.1074,12.7711,0,99,69,63,2498,1000,5.08892,271,5.68332,0,0,4657,3214078004
45.1546,22.1461,12.9964,0,99,69,63,2483,1000,5.08697,271,5.67922,0,0,4663,3318165651
46.4728,21.518,12.9964,0,99,69,63,2483,1000,5.08697,271,5.67922,0,0,4663,3422260792
42.7684,23.3818,12.9964,0,99,69,63,2483,1000,5.08697,271,5.67922,0,0,4663,3526351855
45.6864,21.8884,12.9964,0,99,69,63,2483,1000,5.08697,271,5.67922,0,0,4663,3630466342
42.8597,23.3319,12.9964,0,99,69,63,2483,1000,5.08697,271,5.67922,0,0,4663,3734556373
46.7622,21.3848,12.304,0,99,69,63,2498,1000,5.08697,271,5.6784,0,0,4763,3838641535
46.0024,21.738,12.304,0,99,69,63,2498,1000,5.08697,271,5.6784,0,0,4763,3942740823
42.5407,23.5069,12.304,0,99,69,63,2498,1000,5.08697,271,5.6784,0,0,4763,4046819022
44.3266,22.5598,12.304,0,99,69,63,2498,1000,5.08697,271,5.6784,0,0,4763,4150901770
48.6542,20.5532,12.9071,0,99,68,63,2472,1000,5.08697,271,5.67427,0,0,4740,4254993263
43.4833,22.9973,12.9071,0,99,68,63,2472,1000,5.08697,271,5.67427,0,0,4740,4359076472
43.8229,22.8191,12.9071,0,99,68,63,2472,1000,5.08697,271,5.67427,0,0,4740,4463166864
42.6074,23.4701,12.9071,0,99,68,63,2472,1000,5.08697,271,5.67427,0,0,4740,4567248519
43.6758,22.896,12.9071,0,99,68,63,2472,1000,5.08697,271,5.67427,0,0,4740,4671337548
43.8714,22.7939,12.5452,0,99,68,64,2492,1000,5.08697,271,5.65538,0,0,4657,4775439522
41.5858,24.0467,12.5452,0,99,68,64,2492,1000,5.08697,271,5.65538,0,0,4657,4879533661
45.3595,22.0461,12.5452,0,99,68,64,2492,1000,5.08697,271,5.65538,0,0,4657,4983621267
42.2587,23.6637,12.5452,0,99,68,64,2492,1000,5.08697,271,5.65538,0,0,4657,5087701079
45.721,21.8718,12.5452,0,99,68,64,2492,1000,5.08697,271,5.65538,0,0,4657,5191790459
43.2613,23.1153,13.0852,0,99,67,64,2491,1000,5.08697,271,5.66034,0,0,4690,5295891591
42.894,23.3133,13.0852,0,99,67,64,2491,1000,5.08697,271,5.66034,0,0,4690,5399967906
41.1634,24.2934,13.0852,0,99,67,64,2491,1000,5.08697,271,5.66034,0,0,4690,5504056946
45.3605,22.0456,13.0852,0,99,67,64,2491,1000,5.08697,271,5.66034,0,0,4690,5608151064
42.2311,23.6792,13.0852,0,99,67,64,2491,1000,5.08697,271,5.66034,0,0,4690,5712229253
44.7649,22.3389,12.9697,0,99,67,64,2477,1000,5.08697,271,5.65596,0,0,4660,5816307051
41.416,24.1453,12.9697,0,99,67,64,2477,1000,5.08697,271,5.65596,0,0,4660,5920393586
49.8781,20.0489,12.9697,0,99,67,64,2477,1000,5.08697,271,5.65596,0,0,4660,6024518462
45.5464,21.9556,12.9697,0,99,67,64,2477,1000,5.08697,271,5.65596,0,0,4660,6128624494
47.1346,21.2159,12.9697,0,99,67,64,2477,1000,5.08697,271,5.65596,0,0,4660,6232706970
46.2329,21.6296,21.4717,0,99,67,64,2493,1000,5.08892,271,5.67566,0,0,4665,6336796260
44.9723,22.2359,21.4717,0,99,67,64,2493,1000,5.08892,271,5.67566,0,0,4665,6440894447
44.1859,22.6316,21.4717,0,99,67,64,2493,1000,5.08892,271,5.67566,0,0,4665,6544994046
46.6791,21.4229,21.4717,0,99,67,64,2493,1000,5.08892,271,5.67566,0,0,4665,6649100478
46.0774,21.7026,21.4717,0,99,67,64,2493,1000,5.08892,271,5.67566,0,0,4665,6753198724
42.9249,23.2965,13.1643,0,99,67,64,2493,1000,5.08697,271,5.66541,0,0,4723,6857307671
44.4537,22.4953,13.1643,0,99,67,64,2493,1000,5.08697,271,5.66541,0,0,4723,6961393043
43.6187,22.926,13.1643,0,99,67,64,2493,1000,5.08697,271,5.66541,0,0,4723,7065496790
46.4743,21.5173,13.1643,0,99,67,64,2493,1000,5.08697,271,5.66541,0,0,4723,7169577193
51.0744,19.5793,13.1643,0,99,67,64,2493,1000,5.08697,271,5.66541,0,0,4723,7273655011
41.7668,23.9424,13.1288,0,99,66,64,2488,1000,5.08697,271,5.66391,0,0,4665,7377736005
44.3108,22.5679,13.1288,0,99,66,64,2488,1000,5.08697,271,5.66391,0,0,4665,7481813423
39.9107,25.0559,13.1288,0,99,66,64,2488,1000,5.08697,271,5.66391,0,0,4665,7585898805
44.2578,22.5949,13.1288,0,99,66,64,2488,1000,5.08697,271,5.66391,0,0,4665,7690006339
44.1311,22.6597,13.1288,0,99,66,64,2488,1000,5.08697,271,5.66391,0,0,4665,7794085911
39.2053,25.5068,13.0923,0,99,66,64,2488,1000,5.1192,271,5.66836,0,0,4710,7898169840
44.2768,22.5852,13.0923,0,99,66,64,2488,1000,5.1192,271,5.66836,0,0,4710,8002262837
43.4681,23.0054,13.0923,0,99,66,64,2488,1000,5.1192,271,5.66836,0,0,4710,8106374539
39.8755,25.078,13.0923,0,99,66,64,2488,1000,5.1192,271,5.66836,0,0,4710,8210451946
42.533,23.5112,13.0923,0,99,66,64,2488,1000,5.1192,271,5.66836,0,0,4710,8314531718
42.5156,23.5208,13.912,0,99,66,64,2459,1000,5.1192,271,5.63878,0,0,4639,8418613063
45.8893,21.7916,13.912,0,99,66,64,2459,1000,5.1192,271,5.63878,0,0,4639,8522698024
40.7429,24.5441,13.912,0,99,66,64,2459,1000,5.1192,271,5.63878,0,0,4639,8626788607
44.5839,22.4296,13.912,0,99,66,64,2459,1000,5.1192,271,5.63878,0,0,4639,8730871144
48.0387,20.8165,13.912,0,99,66,64,2459,1000,5.1192,271,5.63878,0,0,4639,8834957227
40.0716,24.9553,12.7119,0,99,65,65,2489,1000,5.1192,271,5.64165,0,0,4699,8939050374
42.5756,23.4876,12.7119,0,99,65,65,2489,1000,5.1192,271,5.64165,0,0,4699,9043135486
41.8579,23.8904,12.7119,0,99,65,65,2489,1000,5.1192,271,5.64165,0,0,4699,9147239093
42.7753,23.378,12.7119,0,99,65,65,2489,1000,5.1192,271,5.64165,0,0,4699,9251320378
40.6332,24.6104,12.7119,0,99,65,65,2489,1000,5.1192,271,5.64165,0,0,4699,9355421980
41.6618,24.0028,13.4615,0,99,65,65,2481,1000,5.12115,271,5.64566,0,0,4638,9459519966
44.4648,22.4897,13.4615,0,99,65,65,2481,1000,5.12115,271,5.64566,0,0,4638,9563604367
42.8676,23.3276,13.4615,0,99,65,65,2481,1000,5.12115,271,5.64566,0,0,4638,9667686754
43.2881,23.1011,13.4615,0,99,65,65,2481,1000,5.12115,271,5.64566,0,0,4638,9771772697
44.5383,22.4526,13.4615,0,99,65,65,2481,1000,5.12115,271,5.64566,0,0,4638,9875879249
41.9085,23.8615,12.7427,0,99,65,65,2449,1000,5.1192,271,5.64137,0,0,4665,9979969361
41.0006,24.3899,12.7427,0,99,65,65,2449,1000,5.1192,271,5.64137,0,0,4665,10084067437
42.0545,23.7787,12.7427,0,99,65,65,2449,1000,5.1192,271,5.64137,0,0,4665,10188145576
44.9348,22.2544,12.7427,0,99,65,65,2449,1000,5.1192,271,5.64137,0,0,4665,10292226800
44.1037,22.6738,12.7427,0,99,65,65,2449,1000,5.1192,271,5.64137,0,0,4665,10396304248
42.6403,23.452,12.9697,0,99,65,65,2465,1000,5.1192,271,5.65083,0,0,4628,10500391273
41.9698,23.8267,12.9697,0,99,65,65,2465,1000,5.1192,271,5.65083,0,0,4628,10604488317
39.8548,25.0911,12.9697,0,99,65,65,2465,1000,5.1192,271,5.65083,0,0,4628,10708577938
42.33,23.6239,12.9697,0,99,65,65,2465,1000,5.1192,271,5.65083,0,0,4628,10812665304
44.1772,22.6361,12.9697,0,99,65,65,2465,1000,5.1192,271,5.65083,0,0,4628,10916750626
41.8973,23.8679,12.931,0,99,65,65,2471,1000,5.1192,271,5.64878,0,0,4690,11020850756
40.0165,24.9897,12.931,0,99,65,65,2471,1000,5.1192,271,5.64878,0,0,4690,11124936309
41.1329,24.3115,12.931,0,99,65,65,2471,1000,5.1192,271,5.64878,0,0,4690,11229045205
44.3564,22.5446,12.931,0,99,65,65,2471,1000,5.1192,271,5.64878,0,0,4690,11333123134
42.9594,23.2778,12.931,0,99,65,65,2471,1000,5.1192,271,5.64878,0,0,4690,11437199599
40.376,24.7672,13.6473,0,99,64,65,2499,1000,5.1192,271,5.64388,0,0,4740,11541281495
43.6289,22.9206,13.6473,0,99,64,65,2499,1000,5.1192,271,5.64388,0,0,4740,11645370364
46.2049,21.6427,13.6473,0,99,64,65,2499,1000,5.1192,271,5.64388,0,0,4740,11749452541
40.8505,24.4795,13.6473,0,99,64,65,2499,1000,5.1192,271,5.64388,0,0,4740,11853536951
41.8582,23.8902,13.6473,0,99,64,65,2499,1000,5.1192,271,5.64388,0,0,4740,11957625049
43.3872,23.0483,12.9151,0,99,64,66,2495,1000,5.12115,271,5.64648,0,0,4706,12061706684
48.0014,20.8327,12.9151,0,99,64,66,2495,1000,5.12115,271,5.64648,0,0,4706,12165785975
46.571,21.4726,12.9151,0,99,64,66,2495,1000,5.12115,271,5.64648,0,0,4706,12269868222
39.9499,25.0313,12.9151,0,99,64,66,2495,1000,5.12115,271,5.64648,0,0,4706,12373967430
44.3663,22.5396,12.9151,0,99,64,66,2495,1000,5.12115,271,5.64648,0,0,4706,12478058994
49.3572,20.2605,13.0864,0,99,64,65,2468,1000,5.1192,271,5.64714,0,0,4740,12582141651
40.8678,24.4691,13.0864,0,99,64,65,2468,1000,5.1192,271,5.64714,0,0,4740,12686231752
41.4448,24.1285,13.0864,0,99,64,65,2468,1000,5.1192,271,5.64714,0,0,4740,12790331612
43.1577,23.1709,13.0864,0,99,64,65,2468,1000,5.1192,271,5.64714,0,0,4740,12894427704
42.9964,23.2577,13.3333,0,99,64,66,2458,1000,5.1192,271,5.652,0,0,4701,12998515832
40.1348,24.916,13.3333,0,99,64,66,2458,1000,5.1192,271,5.652,0,0,4701,13102608718
40.4545,24.7192,13.3333,0,99,64,66,2458,1000,5.1192,271,5.652,0,0,4701,13206696726
44.2715,22.5879,13.3333,0,99,64,66,2458,1000,5.1192,271,5.652,0,0,4701,13310781828
42.4579,23.5527,13.3333,0,99,64,66,2458,1000,5.1192,271,5.652,0,0,4701,13414865827
45.8547,21.808,12.7475,0,99,64,66,2458,1000,5.10832,271,5.65343,0,0,4722,13518960107
43.3688,23.0581,12.7475,0,99,64,66,2458,1000,5.10832,271,5.65343,0,0,4722,13623043736
44.9972,22.2236,12.7475,0,99,64,66,2458,1000,5.10832,271,5.65343,0,0,4722,13727129318
44.4091,22.5179,12.7475,0,99,64,66,2458,1000,5.10832,271,5.65343,0,0,4722,13831210643
44.4614,22.4914,12.7475,0,99,64,66,2458,1000,5.10832,271,5.65343,0,0,4722,13935299392
43.8911,22.7837,12.6866,0,99,64,66,2486,1000,5.11027,271,5.65329,0,0,4692,14039385145
40.4638,24.7134,12.6866,0,99,64,66,2486,1000,5.11027,271,5.65329,0,0,4692,14143472722
41.6514,24.0088,12.6866,0,99,64,66,2486,1000,5.11027,271,5.65329,0,0,4692,14247602928
44.251,22.5984,12.6866,0,99,64,66,2486,1000,5.11027,271,5.65329,0,0,4692,14351686547
44.407,22.519,12.6866,0,99,64,66,2486,1000,5.11027,271,5.65329,0,0,4692,14455774334
48.2431,20.7284,14.0073,0,99,64,66,2486,1000,5.11027,271,5.65699,0,0,4688,14559866339
42.0971,23.7546,14.0073,0,99,64,66,2486,1000,5.11027,271,5.65699,0,0,4688,14663964986
45.073,22.1862,14.0073,0,99,64,66,2486,1000,5.11027,271,5.65699,0,0,4688,14768041532
42.3744,23.5991,14.0073,0,99,64,66,2486,1000,5.11027,271,5.65699,0,0,4688,14872126013
48.1903,20.7511,14.0073,0,99,64,66,2486,1000,5.11027,271,5.65699,0,0,4688,14976275265
42.0116,23.8029,13.3907,0,99,64,66,2479,1000,5.15338,271,5.64845,0,0,4762,15080351220
47.3563,21.1165,13.3907,0,99,64,66,2479,1000,5.15338,271,5.64845,0,0,4762,15184440980
50.3537,19.8595,13.3907,0,99,64,66,2479,1000,5.15338,271,5.64845,0,0,4762,15288550408
46.8473,21.346,13.3907,0,99,64,66,2479,1000,5.15338,271,5.64845,0,0,4762,15392633686
44.4578,22.4932,13.3907,0,99,64,66,2479,1000,5.15338,271,5.64845,0,0,4762,15496725611
45.1195,22.1633,13.835,0,99,64,66,2484,1000,5.12115,271,5.64159,0,0,4660,15600831812
48.0972,20.7912,13.835,0,99,64,66,2484,1000,5.12115,271,5.64159,0,0,4660,15704916804
45.6075,21.9262,13.835,0,99,64,66,2484,1000,5.12115,271,5.64159,0,0,4660,15809006334
46.6806,21.4222,13.835,0,99,64,66,2484,1000,5.12115,271,5.64159,0,0,4660,15913127624
44.46,22.4921,13.835,0,99,64,66,2484,1000,5.12115,271,5.64159,0,0,4660,16017169444
43.1677,23.1655,13.4236,0,99,64,66,2474,1000,5.12115,271,5.64118,0,0,4644,16121249697
48.7377,20.518,13.4236,0,99,64,66,2474,1000,5.12115,271,5.64118,0,0,4644,16225337735
44.7638,22.3395,13.4236,0,99,64,66,2474,1000,5.12115,271,5.64118,0,0,4644,16329420161
41.5302,24.0788,13.4236,0,99,64,66,2474,1000,5.12115,271,5.64118,0,0,4644,16433497569
47.3379,21.1247,13.4236,0,99,64,66,2474,1000,5.12115,271,5.64118,0,0,4644,16537585837
51.9993,19.231,14.3382,0,99,64,66,2485,1000,5.12115,271,5.6548,0,0,4715,16641699292
46.2421,21.6253,14.3382,0,99,64,66,2485,1000,5.12115,271,5.6548,0,0,4715,16745780166
48.4005,20.661,14.3382,0,99,64,66,2485,1000,5.12115,271,5.6548,0,0,4715,16849867732
43.9011,22.7785,14.3382,0,99,64,66,2485,1000,5.12115,271,5.6548,0,0,4715,16953955679
44.925,22.2593,14.3382,0,99,64,66,2485,1000,5.12115,271,5.6548,0,0,4715,17058040010
46.5553,21.4799,12.4231,0,99,64,66,2479,1000,5.1192,271,5.64779,0,0,4664,17162119271
47.7576,20.9391,12.4231,0,99,64,66,2479,1000,5.1192,271,5.64779,0,0,4664,17266206166
48.0949,20.7922,12.4231,0,99,64,66,2479,1000,5.1192,271,5.64779,0,0,4664,17370287190
43.24,23.1267,12.4231,0,99,64,66,2479,1000,5.1192,271,5.64779,0,0,4664,17474368775
44.8626,22.2903,13.1868,0,99,64,66,2478,1000,5.12115,271,5.65766,0,0,4633,17578464187
46.4061,21.5489,13.1868,0,99,64,66,2478,1000,5.12115,271,5.65766,0,0,4633,17682539951
51.2886,19.4975,13.1868,0,99,64,66,2478,1000,5.12115,271,5.65766,0,0,4633,17786624422
48.6484,20.5557,13.1868,0,99,64,66,2478,1000,5.12115,271,5.65766,0,0,4633,17890712058
45.8676,21.8019,13.1868,0,99,64,66,2478,1000,5.12115,271,5.65766,0,0,4633,17994788474
46.6388,21.4414,12.1622,0,99,64,66,2476,1000,5.12115,271,5.66046,0,0,4637,18098868847
42.3146,23.6325,12.1622,0,99,64,66,2476,1000,5.12115,271,5.66046,0,0,4637,18202953037
41.9273,23.8508,12.1622,0,99,64,66,2476,1000,5.12115,271,5.66046,0,0,4637,18307053157
42.1778,23.7092,12.1622,0,99,64,66,2476,1000,5.12115,271,5.66046,0,0,4637,18411111439
43.7201,22.8728,12.1622,0,99,64,66,2476,1000,5.12115,271,5.66046,0,0,4637,18515197322
48.3189,20.6959,13.8991,0,99,64,67,2476,1000,5.12115,271,5.66403,0,0,4742,18619299135
42.1604,23.719,13.8991,0,99,64,67,2476,1000,5.12115,271,5.66403,0,0,4742,18723385179
47.0688,21.2455,13.8991,0,99,64,67,2476,1000,5.12115,271,5.66403,0,0,4742,18827468548
45.4505,22.0019,13.8991,0,99,64,67,2476,1000,5.12115,271,5.66403,0,0,4742,18931566053
46.8377,21.3503,13.8991,0,99,64,67,2476,1000,5.12115,271,5.66403,0,0,4742,19035648500
45.1572,22.1449,12.5616,0,99,64,67,2477,1000,5.12115,271,5.6635,0,0,4617,19139735425
43.2032,23.1464,12.5616,0,99,64,67,2477,1000,5.12115,271,5.6635,0,0,4617,19243839853
43.4294,23.0259,12.5616,0,99,64,67,2477,1000,5.12115,271,5.6635,0,0,4617,19347921679
45.5595,21.9493,12.5616,0,99,64,67,2477,1000,5.12115,271,5.6635,0,0,4617,19452004446
43.6322,22.9188,12.5616,0,99,64,67,2477,1000,5.12115,271,5.6635,0,0,4617,19556084058
44.0907,22.6805,12.4847,0,99,64,67,2476,1000,5.12115,271,5.65956,0,0,4665,19660172726
40.565,24.6518,12.4847,0,99,64,67,2476,1000,5.12115,271,5.65956,0,0,4665,19764248160
48.6925,20.537,12.4847,0,99,64,67,2476,1000,5.12115,271,5.65956,0,0,4665,19868330427
45.5312,21.9629,12.4847,0,99,64,67,2476,1000,5.12115,271,5.65956,0,0,4665,19972425778
45.7722,21.8473,12.4847,0,99,64,67,2476,1000,5.12115,271,5.65956,0,0,4665,20076508665
47.0079,21.273,12.5307,0,99,64,67,2473,1000,5.12115,271,5.65392,0,0,4740,20180593677
42.9152,23.3018,12.5307,0,99,64,67,2473,1000,5.12115,271,5.65392,0,0,4740,20284685482
44.4649,22.4896,12.5307,0,99,64,67,2473,1000,5.12115,271,5.65392,0,0,4740,20388761887
37.0849,26.9652,12.5307,0,99,64,67,2473,1000,5.12115,271,5.65392,0,0,4740,20492846428
48.1838,20.7539,12.5307,0,99,64,67,2473,1000,5.12115,271,5.65392,0,0,4740,20596957779
50.2513,19.9,20.2934,0,99,64,67,2471,1000,5.12115,271,5.66868,0,0,4715,20701038302
45.9522,21.7617,20.2934,0,99,64,67,2471,1000,5.12115,271,5.66868,0,0,4715,20805140316
45.466,21.9944,20.2934,0,99,64,67,2471,1000,5.12115,271,5.66868,0,0,4715,20909261746
42.6564,23.4431,20.2934,0,99,64,67,2471,1000,5.12115,271,5.66868,0,0,4715,21013340105
45.792,21.8379,20.2934,0,99,64,67,2471,1000,5.12115,271,5.66868,0,0,4715,21117421881
42.6927,23.4232,12.3305,0,99,64,67,2464,1000,5.12115,271,5.66613,0,0,4661,21221516420
41.9412,23.8429,12.3305,0,99,64,67,2464,1000,5.12115,271,5.66613,0,0,4661,21325599388
46.4648,21.5217,12.3305,0,99,64,67,2464,1000,5.12115,271,5.66613,0,0,4661,21429682216
39.0048,25.6378,12.3305,0,99,64,67,2464,1000,5.12115,271,5.66613,0,0,4661,21533777978
44.913,22.2653,12.3305,0,99,64,67,2464,1000,5.12115,271,5.66613,0,0,4661,21637858681
42.7426,23.3958,12.1175,0,99,64,67,2448,1000,5.13392,271,5.66548,0,0,4764,21741942100
45.3855,22.0335,12.1175,0,99,64,67,2448,1000,5.13392,271,5.66548,0,0,4764,21846049594
42.3377,23.6196,12.1175,0,99,64,67,2448,1000,5.13392,271,5.66548,0,0,4764,21950134445
48.1353,20.7748,12.1175,0,99,64,67,2448,1000,5.13392,271,5.66548,0,0,4764,22054218585
46.4869,21.5114,12.1175,0,99,64,67,2448,1000,5.13392,271,5.66548,0,0,4764,22158308085
44.6332,22.4048,12.7737,0,99,64,68,2434,1000,5.13392,271,5.65776,0,0,4643,22262389340
47.9269,20.8651,12.7737,0,99,64,68,2434,1000,5.13392,271,5.65776,0,0,4643,22366468581
43.7427,22.8609,12.7737,0,99,64,68,2434,1000,5.13392,271,5.65776,0,0,4643,22470556178
44.8666,22.2883,12.7737,0,99,64,68,2434,1000,5.13392,271,5.65776,0,0,4643,22574644796
46.7096,21.4089,12.7737,0,99,64,68,2434,1000,5.13392,271,5.65776,0,0,4643,22678750446
41.3437,24.1875,12.9854,0,99,64,68,2460,1000,5.13392,271,5.65775,0,0,4637,22782831220
43.0163,23.247,12.9854,0,99,64,68,2460,1000,5.13392,271,5.65775,0,0,4637,22886920740
45.8788,21.7965,12.9854,0,99,64,68,2460,1000,5.13392,271,5.65775,0,0,4637,22991000272
49.7827,20.0873,12.9854,0,99,64,68,2460,1000,5.13392,271,5.65775,0,0,4637,23095083971
44.8855,22.2789,12.9854,0,99,64,68,2460,1000,5.13392,271,5.65775,0,0,4637,23199167630
39.4351,25.3581,12.6984,0,99,64,68,2476,1000,5.13392,271,5.65851,0,0,4639,23303254215
47.6482,20.9871,12.6984,0,99,64,68,2476,1000,5.13392,271,5.65851,0,0,4639,23407336832
45.4144,22.0194,12.6984,0,99,64,68,2476,1000,5.13392,271,5.65851,0,0,4639,23511421112
42.9701,23.272,12.6984,0,99,64,68,2476,1000,5.13392,271,5.65851,0,0,4639,23615505924
43.3167,23.0858,12.6984,0,99,64,68,2476,1000,5.13392,271,5.65851,0,0,4639,23719587349
43.4859,22.9959,12.4538,0,99,64,68,2477,1000,5.13587,271,5.64542,0,0,4690,23823688290
46.5028,21.5041,12.4538,0,99,64,68,2477,1000,5.13587,271,5.64542,0,0,4690,23927802777
46.5805,21.4682,12.4538,0,99,64,68,2477,1000,5.13587,271,5.64542,0,0,4690,24031882870
46.8383,21.3501,12.4538,0,99,64,68,2477,1000,5.13587,271,5.64542,0,0,4690,24135974895
51.4595,19.4328,12.285,0,99,64,68,2470,1000,5.13587,271,5.64694,0,0,4665,24240097126
47.8972,20.878,12.285,0,99,64,68,2470,1000,5.13587,271,5.64694,0,0,4665,24344179934
43.7131,22.8765,12.285,0,99,64,68,2470,1000,5.13587,271,5.64694,0,0,4665,24448268853
42.7717,23.3799,12.285,0,99,64,68,2470,1000,5.13587,271,5.64694,0,0,4665,24552372980
49.7815,20.0878,12.285,0,99,64,68,2470,1000,5.13587,271,5.64694,0,0,4665,24656456699
45.5647,21.9468,13.2765,0,99,63,68,2451,1000,5.13783,271,5.65413,0,0,4652,24760538645
44.5853,22.4289,13.2765,0,99,63,68,2451,1000,5.13783,271,5.65413,0,0,4652,24864627003
46.7862,21.3738,13.2765,0,99,63,68,2451,1000,5.13783,271,5.65413,0,0,4652,24968715862
42.8593,23.3321,13.2765,0,99,63,68,2451,1000,5.13783,271,5.65413,0,0,4652,25072804721
45.4892,21.9833,13.2765,0,99,63,68,2451,1000,5.13783,271,5.65413,0,0,4652,25176912055
46.1131,21.6858,12.7004,0,99,63,68,2445,1000,5.13392,271,5.65458,0,0,4664,25281004510
45.5041,21.9761,12.7004,0,99,63,68,2445,1000,5.13392,271,5.65458,0,0,4664,25385085996
43.7299,22.8676,12.7004,0,99,63,68,2445,1000,5.13392,271,5.65458,0,0,4664,25489168713
43.2612,23.1154,12.7004,0,99,63,68,2445,1000,5.13392,271,5.65458,0,0,4664,25593266669
42.6092,23.4691,12.7004,0,99,63,68,2445,1000,5.13392,271,5.65458,0,0,4664,25697345729
46.3064,21.5953,12.4538,0,99,64,68,2465,1000,5.13392,271,5.65416,0,0,4740,25801434799
42.3437,23.6163,12.4538,0,99,64,68,2465,1000,5.13392,271,5.65416,0,0,4740,25905556930
43.4495,23.0152,12.4538,0,99,64,68,2465,1000,5.13392,271,5.65416,0,0,4740,26009634077
46.8407,21.349,12.4538,0,99,64,68,2465,1000,5.13392,271,5.65416,0,0,4740,26113719970
51.6914,19.3456,12.4538,0,99,64,68,2465,1000,5.13392,271,5.65416,0,0,4740,26217820191
45.2269,22.1108,12.5616,0,99,64,68,2457,1000,5.12115,271,5.64807,0,0,4707,26321896686
48.0063,20.8306,12.5616,0,99,64,68,2457,1000,5.12115,271,5.64807,0,0,4707,26425989082
46.7481,21.3912,12.5616,0,99,64,68,2457,1000,5.12115,271,5.64807,0,0,4707,26530078522
47.8675,20.891,12.5616,0,99,64,68,2457,1000,5.12115,271,5.64807,0,0,4707,26634156701
46.5677,21.4741,12.5616,0,99,64,68,2457,1000,5.12115,271,5.64807,0,0,4707,26738239478
45.5616,21.9483,12.4694,0,99,64,68,2432,1000,5.1192,271,5.64519,0,0,4740,26842346381
42.4072,23.5809,12.4694,0,99,64,68,2432,1000,5.1192,271,5.64519,0,0,4740,26946427686
45.2237,22.1123,12.4694,0,99,64,68,2432,1000,5.1192,271,5.64519,0,0,4740,27050508961
45.7917,21.838,12.4694,0,99,64,68,2432,1000,5.1192,271,5.64519,0,0,4740,27154613108
46.9239,21.3111,12.4694,0,99,64,68,2432,1000,5.1192,271,5.64519,0,0,4740,27258692058
44.516,22.4638,12.9111,0,99,63,68,2432,1000,5.1192,271,5.64609,0,0,4692,27362773133
40.9458,24.4225,12.9111,0,99,63,68,2432,1000,5.1192,271,5.64609,0,0,4692,27466853115
45.2754,22.087,12.9111,0,99,63,68,2432,1000,5.1192,271,5.64609,0,0,4692,27570899494
45.8672,21.8021,12.9111,0,99,63,68,2432,1000,5.1192,271,5.64609,0,0,4692,27675025493
44.3718,22.5368,12.9111,0,99,63,68,2432,1000,5.1192,271,5.64609,0,0,4692,27779109342
43.0068,23.2521,13.8182,0,99,64,68,2444,1000,5.1192,271,5.65519,0,0,4696,27883194905
44.7473,22.3477,13.8182,0,99,64,68,2444,1000,5.1192,271,5.65519,0,0,4696,27987285107
45.6521,21.9048,13.8182,0,99,64,68,2444,1000,5.1192,271,5.65519,0,0,4696,28091375528
46.8162,21.3601,13.8182,0,99,64,68,2444,1000,5.1192,271,5.65519,0,0,4696,28195480978
42.2204,23.6852,13.8182,0,99,64,68,2444,1000,5.1192,271,5.65519,0,0,4696,28299563806
42.3926,23.589,13.285,0,99,64,69,2475,1000,5.12115,271,5.65917,0,0,4715,28403648297
47.9283,20.8645,13.285,0,99,64,69,2475,1000,5.12115,271,5.65917,0,0,4715,28507737917
43.1849,23.1562,13.285,0,99,64,69,2475,1000,5.12115,271,5.65917,0,0,4715,28611822658
43.0235,23.2431,13.285,0,99,64,69,2475,1000,5.12115,271,5.65917,0,0,4715,28715912790
47.2438,21.1668,13.285,0,99,64,69,2475,1000,5.12115,271,5.65917,0,0,4715,28819994225
45.7687,21.849,12.6061,0,99,64,69,2429,1000,5.1192,271,5.6561,0,0,4715,28924077022
43.0171,23.2466,12.6061,0,99,64,69,2429,1000,5.1192,271,5.6561,0,0,4715,29028160731
46.1951,21.6473,12.6061,0,99,64,69,2429,1000,5.1192,271,5.6561,0,0,4715,29132243930
40.514,24.6828,12.6061,0,99,64,69,2429,1000,5.1192,271,5.6561,0,0,4715,29236327338
43.7507,22.8568,12.6061,0,99,64,69,2429,1000,5.1192,271,5.6561,0,0,4715,29340404836
43.8705,22.7944,12.6061,0,99,64,69,2478,1000,5.1192,271,5.65781,0,0,4648,29444481923
53.0951,18.8341,12.6061,0,99,64,69,2478,1000,5.1192,271,5.65781,0,0,4648,29548562787
37.5738,26.6143,12.6061,0,99,64,69,2478,1000,5.1192,271,5.65781,0,0,4648,29652650403
43.6828,22.8923,12.6061,0,99,64,69,2478,1000,5.1192,271,5.65781,0,0,4648,29756737329
45.2324,22.108,12.6061,0,99,64,69,2478,1000,5.1192,271,5.65781,0,0,4648,29860832790
40.8181,24.499,12.9227,0,99,64,69,2430,1000,5.1192,271,5.65345,0,0,4596,29964927009
44.7797,22.3315,12.9227,0,99,64,69,2430,1000,5.1192,271,5.65345,0,0,4596,30069009205
44.5274,22.4581,12.9227,0,99,64,69,2430,1000,5.1192,271,5.65345,0,0,4596,30173101120
45.8712,21.8002,12.9227,0,99,64,69,2430,1000,5.1192,271,5.65345,0,0,4596,30277183697
35.965,27.8048,12.9227,0,99,64,69,2430,1000,5.1192,271,5.65345,0,0,4596,30381272957
39.7919,25.1307,20.8537,0,99,64,69,2485,1000,5.12115,271,5.66037,0,0,4540,30485380100
41.6074,24.0342,20.8537,0,99,64,69,2485,1000,5.12115,271,5.66037,0,0,4540,30589459491
46.0334,21.7234,20.8537,0,99,64,69,2485,1000,5.12115,271,5.66037,0,0,4540,30693536598
42.7496,23.392,20.8537,0,99,64,69,2485,1000,5.12115,271,5.66037,0,0,4540,30797624806
41.6844,23.9898,20.8537,0,99,64,69,2485,1000,5.12115,271,5.66037,0,0,4540,30901719876
41.0227,24.3767,12.8713,0,99,64,69,2488,1000,5.12115,271,5.66422,0,0,4765,31005802584
44.0085,22.7229,12.8713,0,99,64,69,2488,1000,5.12115,271,5.66422,0,0,4765,31109883418
36.3772,27.4898,12.8713,0,99,64,69,2488,1000,5.12115,271,5.66422,0,0,4765,31213968109
41.6905,23.9863,12.8713,0,99,64,69,2488,1000,5.12115,271,5.66422,0,0,4765,31318066125
41.3159,24.2038,12.8713,0,99,64,69,2488,1000,5.12115,271,5.66422,0,0,4765,31422147680
40.5646,24.652,13.1677,0,99,64,69,2450,1000,5.1192,271,5.66554,0,0,4664,31526227933
39.0092,25.635,13.1677,0,99,64,69,2450,1000,5.1192,271,5.66554,0,0,4664,31630316551
45.4749,21.9901,13.1677,0,99,64,69,2450,1000,5.1192,271,5.66554,0,0,4664,31734401503
43.2942,23.0978,13.1677,0,99,64,69,2450,1000,5.1192,271,5.66554,0,0,4664,31838508476
40.941,24.4254,13.1677,0,99,64,69,2450,1000,5.1192,271,5.66554,0,0,4664,31942588007
40.6467,24.6022,12.5,0,99,64,69,2476,1000,5.12115,271,5.66172,0,0,4693,32046672728
41.3969,24.1564,12.5,0,99,64,69,2476,1000,5.12115,271,5.66172,0,0,4693,32150757610
42.1448,23.7277,12.5,0,99,64,69,2476,1000,5.12115,271,5.66172,0,0,4693,32254847621
43.9007,22.7787,12.5,0,99,64,69,2476,1000,5.12115,271,5.66172,0,0,4693,32358943112
49.4378,20.2274,12.5,0,99,64,69,2476,1000,5.12115,271,5.66172,0,0,4693,32463036580
46.9258,21.3102,12.5926,0,99,64,69,2439,1000,5.1192,271,5.65268,0,0,4772,32567122914
44.0686,22.6919,12.5926,0,99,64,69,2439,1000,5.1192,271,5.65268,0,0,4772,32671236780
42.0111,23.8032,12.5926,0,99,64,69,2439,1000,5.1192,271,5.65268,0,0,4772,32775315139
48.3976,20.6622,12.5926,0,99,64,69,2439,1000,5.1192,271,5.65268,0,0,4772,32879391935
39.4121,25.3729,12.75,0,99,64,69,2468,1000,5.12115,271,5.65348,0,0,4646,32983476636
49.5478,20.1825,12.75,0,99,64,69,2468,1000,5.12115,271,5.65348,0,0,4646,33087561488
44.3657,22.5399,12.75,0,99,64,69,2468,1000,5.12115,271,5.65348,0,0,4646,33191644205
47.035,21.2608,12.75,0,99,64,69,2468,1000,5.12115,271,5.65348,0,0,4646,33295732283
43.4199,23.0309,12.75,0,99,64,69,2468,1000,5.12115,271,5.65348,0,0,4646,33399833845
41.2564,24.2387,12.9838,0,99,64,69,2465,1000,5.12115,271,5.65229,0,0,4755,33503925489
42.9743,23.2697,12.9838,0,99,64,69,2465,1000,5.12115,271,5.65229,0,0,4755,33608047841
43.1154,23.1936,12.9838,0,99,64,69,2465,1000,5.12115,271,5.65229,0,0,4755,33712139055
43.5446,22.9649,12.9838,0,99,64,69,2465,1000,5.12115,271,5.65229,0,0,4755,33816241068
45.6683,21.897,12.9838,0,99,64,69,2465,1000,5.12115,271,5.65229,0,0,4755,33920324307
42.8677,23.3276,13,0,99,64,69,2445,1000,5.1192,271,5.65495,0,0,4664,34024425278
42.191,23.7017,13,0,99,64,69,2445,1000,5.1192,271,5.65495,0,0,4664,34128502936
43.3658,23.0596,13,0,99,64,69,2445,1000,5.1192,271,5.65495,0,0,4664,34232582047
43.4872,22.9953,13,0,99,64,69,2445,1000,5.1192,271,5.65495,0,0,4664,34336668691
43.3094,23.0897,13,0,99,64,69,2445,1000,5.1192,271,5.65495,0,0,4664,34440775524
40.2691,24.833,12.5622,0,99,64,69,2437,1000,5.1192,271,5.65446,0,0,4729,34544860676
40.021,24.9869,12.5622,0,99,64,69,2437,1000,5.1192,271,5.65446,0,0,4729,34648950246
42.3596,23.6074,12.5622,0,99,64,69,2437,1000,5.1192,271,5.65446,0,0,4729,34753029768
49.2099,20.3211,12.5622,0,99,64,69,2437,1000,5.1192,271,5.65446,0,0,4729,34857121572
46.3565,21.572,12.5622,0,99,64,69,2437,1000,5.1192,271,5.65446,0,0,4729,34961203238
43.9673,22.7442,12.7318,0,99,64,69,2458,1000,5.10832,271,5.65464,0,0,4668,35065281396
45.5036,21.9763,12.7318,0,99,64,69,2458,1000,5.10832,271,5.65464,0,0,4668,35169367971
43.6967,22.885,12.7318,0,99,64,69,2458,1000,5.10832,271,5.65464,0,0,4668,35273455337
43.1942,23.1512,12.7318,0,99,64,69,2458,1000,5.10832,271,5.65464,0,0,4668,35377538425
46.5385,21.4876,12.7318,0,99,64,69,2458,1000,5.10832,271,5.65464,0,0,4668,35481619289
40.2907,24.8196,12.0647,0,99,64,70,2474,1000,5.11028,271,5.65987,0,0,4647,35585707206
42.2734,23.6555,12.0647,0,99,64,70,2474,1000,5.11028,271,5.65987,0,0,4647,35689806655
47.2467,21.1655,12.0647,0,99,64,70,2474,1000,5.11028,271,5.65987,0,0,4647,35793887689
45.2729,22.0883,12.0647,0,99,64,70,2474,1000,5.11028,271,5.65987,0,0,4647,35897971128
43.308,23.0904,12.0647,0,99,64,70,2474,1000,5.11028,271,5.65987,0,0,4647,36002053765
44.3441,22.5509,14.0587,0,99,64,70,2476,1000,5.12115,271,5.66035,0,0,4727,36106134399
43.233,23.1305,14.0587,0,99,64,70,2476,1000,5.12115,271,5.66035,0,0,4727,36210213499
42.4191,23.5743,14.0587,0,99,64,70,2476,1000,5.12115,271,5.66035,0,0,4727,36314295836
41.878,23.8789,14.0587,0,99,64,70,2476,1000,5.12115,271,5.66035,0,0,4727,36418378764
40.7932,24.5139,12.5,0,99,64,70,2470,1000,5.12115,271,5.66031,0,0,4734,36522472963
42.918,23.3003,12.5,0,99,64,70,2470,1000,5.12115,271,5.66031,0,0,4734,36626555159
46.5981,21.4601,12.5,0,99,64,70,2470,1000,5.12115,271,5.66031,0,0,4734,36730640351
41.4568,24.1215,12.5,0,99,64,70,2470,1000,5.12115,271,5.66031,0,0,4734,36834722828
42.1783,23.7089,12.5,0,99,64,70,2470,1000,5.12115,271,5.66031,0,0,4734,36938802119
44.0807,22.6856,13.4236,0,99,64,70,2466,1000,5.1192,271,5.65289,0,0,4618,37042886780
48.9419,20.4324,13.4236,0,99,64,70,2466,1000,5.1192,271,5.65289,0,0,4618,37146971081
43.2777,23.1066,13.4236,0,99,64,70,2466,1000,5.1192,271,5.65289,0,0,4618,37251060400
39.3028,25.4435,13.4236,0,99,64,70,2466,1000,5.1192,271,5.65289,0,0,4618,37355153187
43.5487,22.9628,13.4236,0,99,64,70,2466,1000,5.1192,271,5.65289,0,0,4618,37459268295
44.9295,22.2571,13.1611,0,99,64,70,2448,1000,5.1192,271,5.65179,0,0,4740,37563355551
43.303,23.0931,13.1611,0,99,64,70,2448,1000,5.1192,271,5.65179,0,0,4740,37667444830
45.0866,22.1795,13.1611,0,99,64,70,2448,1000,5.1192,271,5.65179,0,0,4740,37771526456
46.6499,21.4363,13.1611,0,99,64,70,2448,1000,5.1192,271,5.65179,0,0,4740,37875631716
44.8345,22.3043,13.1611,0,99,64,70,2448,1000,5.1192,271,5.65179,0,0,4740,37979712409
34.6856,28.8304,12.0192,0,99,64,70,2448,1000,5.1192,271,5.64603,0,0,4722,38083796810
43.9815,22.7368,12.0192,0,99,64,70,2448,1000,5.1192,271,5.64603,0,0,4722,38187880830
43.7494,22.8574,12.0192,0,99,64,70,2448,1000,5.1192,271,5.64603,0,0,4722,38291967905
43.3508,23.0676,12.0192,0,99,64,70,2448,1000,5.1192,271,5.64603,0,0,4722,38396053849
44.9701,22.237,12.0192,0,99,64,70,2448,1000,5.1192,271,5.64603,0,0,4722,38500133230
44.4215,22.5116,14.3207,0,99,64,70,2467,1000,5.1192,271,5.64597,0,0,4720,38604213843
40.9465,24.4221,14.3207,0,99,64,70,2467,1000,5.1192,271,5.64597,0,0,4720,38708296020
46.3983,21.5525,14.3207,0,99,64,70,2467,1000,5.1192,271,5.64597,0,0,4720,38812376603
43.7874,22.8376,14.3207,0,99,64,70,2467,1000,5.1192,271,5.64597,0,0,4720,38916463077
43.7536,22.8552,14.3207,0,99,64,70,2467,1000,5.1192,271,5.64597,0,0,4720,39020544412
44.6496,22.3966,13.3829,0,99,64,70,2480,1000,5.12115,271,5.64001,0,0,4658,39124628372
44.0583,22.6972,13.3829,0,99,64,70,2480,1000,5.12115,271,5.64001,0,0,4658,39228709827
41.126,24.3155,13.3829,0,99,64,70,2480,1000,5.12115,271,5.64001,0,0,4658,39332789809
45.8303,21.8196,13.3829,0,99,64,70,2480,1000,5.12115,271,5.64001,0,0,4658,39436876905
42.5853,23.4823,13.3829,0,99,64,70,2480,1000,5.12115,271,5.64001,0,0,4658,39540966565
38.2793,26.1238,13.3657,0,99,64,70,2458,1000,5.1192,271,5.64123,0,0,4740,39645048301
44.2585,22.5945,13.3657,0,99,64,70,2458,1000,5.1192,271,5.64123,0,0,4740,39749139875
40.7792,24.5223,13.3657,0,99,64,70,2458,1000,5.1192,271,5.64123,0,0,4740,39853222582
43.0776,23.2139,13.3657,0,99,64,70,2458,1000,5.1192,271,5.64123,0,0,4740,39957308095
42.9044,23.3077,13.3657,0,99,64,70,2458,1000,5.1192,271,5.64123,0,0,4740,40061392345
43.5281,22.9737,13.3574,0,99,64,70,2458,1000,5.1192,271,5.6408,0,0,4676,40165476425
43.7971,22.8325,13.3574,0,99,64,70,2458,1000,5.1192,271,5.6408,0,0,4676,40269578108
40.9078,24.4452,13.3574,0,99,64,70,2458,1000,5.1192,271,5.6408,0,0,4676,40373669452
40.9599,24.4141,13.3574,0,99,64,70,2458,1000,5.1192,271,5.6408,0,0,4676,40477752409
41.8329,23.9046,13.3574,0,99,64,70,2458,1000,5.1192,271,5.6408,0,0,4676,40581850456
42.1774,23.7094,12.9496,0,99,64,70,2452,1000,5.1192,271,5.6386,0,0,4740,40685934746
43.9166,22.7704,12.9496,0,99,64,70,2452,1000,5.1192,271,5.6386,0,0,4740,40790027853
44.3463,22.5498,12.9496,0,99,64,70,2452,1000,5.1192,271,5.6386,0,0,4740,40894108927
42.1362,23.7326,12.9496,0,99,64,70,2452,1000,5.1192,271,5.6386,0,0,4740,40998190342
42.4177,23.5751,12.9496,0,99,64,70,2452,1000,5.1192,271,5.6386,0,0,4740,41102298477
38.703,25.8378,13.5103,0,99,64,70,2450,1000,5.10832,271,5.63959,0,0,4714,41206384030
43.3372,23.0749,13.5103,0,99,64,70,2450,1000,5.10832,271,5.63959,0,0,4714,41310476445
42.2351,23.677,13.5103,0,99,64,70,2450,1000,5.10832,271,5.63959,0,0,4714,41414547150
47.5201,21.0437,13.5103,0,99,64,70,2450,1000,5.10832,271,5.63959,0,0,4714,41518631581
46.2781,21.6085,13.5103,0,99,64,70,2450,1000,5.10832,271,5.63959,0,0,4714,41622724037
44.5385,22.4525,13.7681,0,99,64,70,2452,1000,5.10832,271,5.64188,0,0,4677,41726807646
43.6153,22.9277,13.7681,0,99,64,70,2452,1000,5.10832,271,5.64188,0,0,4677,41830898478
39.2048,25.5071,13.7681,0,99,64,70,2452,1000,5.10832,271,5.64188,0,0,4677,41934980504
43.9364,22.7602,13.7681,0,99,64,70,2452,1000,5.10832,271,5.64188,0,0,4677,42039057832
44.9479,22.248,13.7681,0,99,64,70,2452,1000,5.10832,271,5.64188,0,0,4677,42143137684
40.6816,24.5811,13.4474,0,99,64,70,2473,1000,5.11028,271,5.64304,0,0,4590,42247219680
39.5093,25.3105,13.4474,0,99,64,70,2473,1000,5.11028,271,5.64304,0,0,4590,42351298099
46.2277,21.6321,13.4474,0,99,64,70,2473,1000,5.11028,271,5.64304,0,0,4590,42455384544
46.802,21.3666,13.4474,0,99,64,70,2473,1000,5.11028,271,5.64304,0,0,4590,42559468363
41.8008,23.923,13.4474,0,99,64,70,2473,1000,5.11028,271,5.64304,0,0,4590,42663526614
44.0011,22.7267,13.8272,0,99,64,71,2445,1000,5.10832,271,5.64249,0,0,4648,42767609412
45.7567,21.8547,13.8272,0,99,64,71,2445,1000,5.10832,271,5.64249,0,0,4648,42871690877
40.5757,24.6453,13.8272,0,99,64,71,2445,1000,5.10832,271,5.64249,0,0,4648,42975786569
44.4717,22.4862,13.8272,0,99,64,71,2445,1000,5.10832,271,5.64249,0,0,4648,43079902468
45.151,22.1479,13.8272,0,99,64,71,2445,1000,5.10832,271,5.64249,0,0,4648,43183982030
44.2144,22.6171,14.25,0,99,64,71,2461,1000,5.10635,271,5.64549,0,0,4643,43288060870
47.3032,21.1402,14.25,0,99,64,71,2461,1000,5.10635,271,5.64549,0,0,4643,43392150811
45.9655,21.7554,14.25,0,99,64,71,2461,1000,5.10635,271,5.64549,0,0,4643,43496234651
40.4898,24.6976,14.25,0,99,64,71,2461,1000,5.10635,271,5.64549,0,0,4643,43600313210
45.5321,21.9625,14.25,0,99,64,71,2461,1000,5.10635,271,5.64549,0,0,4643,43704395577
44.0611,22.6957,13.9194,0,99,64,71,2440,1000,5.1044,271,5.64284,0,0,4615,43808486660
41.3588,24.1786,13.9194,0,99,64,71,2440,1000,5.1044,271,5.64284,0,0,4615,43912586930
46.7134,21.4071,13.9194,0,99,64,71,2440,1000,5.1044,271,5.64284,0,0,4615,44016661272
46.0255,21.7271,13.9194,0,99,64,71,2440,1000,5.1044,271,5.64284,0,0,4615,44120741234
49.6876,20.1258,14.2157,0,99,64,71,2450,1000,5.1044,271,5.63537,0,0,4714,44224833780
43.0642,23.2211,14.2157,0,99,64,71,2450,1000,5.1044,271,5.63537,0,0,4714,44328916818
45.8447,21.8128,14.2157,0,99,64,71,2450,1000,5.1044,271,5.63537,0,0,4714,44433000998
43.2524,23.1201,14.2157,0,99,64,71,2450,1000,5.1044,271,5.63537,0,0,4714,44537087984
44.4915,22.4762,14.2157,0,99,64,71,2450,1000,5.1044,271,5.63537,0,0,4714,44641212580
46.3676,21.5668,13.75,0,99,64,71,2442,1000,5.1044,271,5.63606,0,0,4690,44745363425
44.6567,22.3931,13.75,0,99,64,71,2442,1000,5.1044,271,5.63606,0,0,4690,44849449488
47.5036,21.051,13.75,0,99,64,71,2442,1000,5.1044,271,5.63606,0,0,4690,44953538387
50.1188,19.9526,13.75,0,99,64,71,2442,1000,5.1044,271,5.63606,0,0,4690,45057634450
41.9265,23.8512,13.75,0,99,64,71,2442,1000,5.1044,271,5.63606,0,0,4690,45161745641
48.0014,20.8327,14.3036,0,99,64,71,2466,1000,5.10635,271,5.63377,0,0,4667,45265849568
49.0985,20.3672,14.3036,0,99,64,71,2466,1000,5.10635,271,5.63377,0,0,4667,45369930983
42.7644,23.3839,14.3036,0,99,64,71,2466,1000,5.10635,271,5.63377,0,0,4667,45474017918
45.5245,21.9662,14.3036,0,99,64,71,2466,1000,5.10635,271,5.63377,0,0,4667,45578100265
45.6558,21.903,14.3036,0,99,64,71,2466,1000,5.10635,271,5.63377,0,0,4667,45682192620
44.6254,22.4088,14.3546,0,99,64,71,2431,1000,5.1044,271,5.63267,0,0,4649,45786315433
46.0864,21.6984,14.3546,0,99,64,71,2431,1000,5.1044,271,5.63267,0,0,4649,45890401787
43.721,22.8723,14.3546,0,99,64,71,2431,1000,5.1044,271,5.63267,0,0,4649,45994501857
47.7823,20.9283,14.3546,0,99,64,71,2431,1000,5.1044,271,5.63267,0,0,4649,46098578954
48.0881,20.7951,14.3546,0,99,64,71,2431,1000,5.1044,271,5.63267,0,0,4649,46202658064
43.5801,22.9462,13.7255,0,99,64,71,2465,1000,5.1044,271,5.63137,0,0,4715,46306745190
54.259,18.4301,13.7255,0,99,64,71,2465,1000,5.1044,271,5.63137,0,0,4715,46410848787
44.2933,22.5768,13.7255,0,99,64,71,2465,1000,5.1044,271,5.63137,0,0,4715,46514946362
44.8249,22.309,13.7255,0,99,64,71,2465,1000,5.1044,271,5.63137,0,0,4715,46619066479
45.4023,22.0253,13.7255,0,99,64,71,2465,1000,5.1044,271,5.63137,0,0,4715,46723188010
49.642,20.1442,12.9073,0,99,64,71,2445,1000,5.13663,271,5.63182,0,0,4715,46827290284
45.7285,21.8682,12.9073,0,99,64,71,2445,1000,5.13663,271,5.63182,0,0,4715,46931372220
49.5941,20.1637,12.9073,0,99,64,71,2445,1000,5.13663,271,5.63182,0,0,4715,47035464715
50.7591,19.7009,12.9073,0,99,64,71,2445,1000,5.13663,271,5.63182,0,0,4715,47139586085
48.3702,20.6739,12.9073,0,99,64,71,2445,1000,5.13663,271,5.63182,0,0,4715,47243674954
47.2351,21.1707,13.5103,0,99,64,71,2446,1000,5.10635,271,5.63285,0,0,4616,47347757952
45.576,21.9414,13.5103,0,99,64,71,2446,1000,5.10635,271,5.63285,0,0,4616,47451847382
51.5155,19.4117,13.5103,0,99,64,71,2446,1000,5.10635,271,5.63285,0,0,4616,47555949225
47.9556,20.8526,13.5103,0,99,64,71,2446,1000,5.10635,271,5.63285,0,0,4616,47660041411
50.2508,19.9002,13.5103,0,99,64,71,2446,1000,5.10635,271,5.63285,0,0,4616,47764153293
48.3494,20.6828,22.6829,0,98,64,71,2425,1000,5.13772,271,5.66669,0,0,4624,47868261127
45.7779,21.8446,22.6829,0,98,64,71,2425,1000,5.13772,271,5.66669,0,0,4624,47972371587
47.7532,20.941,22.6829,0,98,64,71,2425,1000,5.13772,271,5.66669,0,0,4624,48076472017
50.4047,19.8394,22.6829,0,98,64,71,2425,1000,5.13772,271,5.66669,0,0,4624,48180572087
52.5659,19.0237,22.6829,0,98,64,71,2425,1000,5.13772,271,5.66669,0,0,4624,48284657490
52.1635,19.1705,12.8641,0,99,64,71,2438,1000,5.13772,271,5.66434,0,0,4739,48388737422
47.5923,21.0118,12.8641,0,99,64,71,2438,1000,5.13772,271,5.66434,0,0,4739,48492859042
49.7604,20.0963,12.8641,0,99,64,71,2438,1000,5.13772,271,5.66434,0,0,4739,48596953582
48.2237,20.7367,12.8641,0,99,64,71,2438,1000,5.13772,271,5.66434,0,0,4739,48700997917
48.9164,20.443,12.8641,0,99,64,71,2438,1000,5.13772,271,5.66434,0,0,4739,48805090192
44.3521,22.5468,12.5153,0,99,64,71,2460,1000,5.13772,271,5.66723,0,0,4621,48909172379
53.9733,18.5277,12.5153,0,99,64,71,2460,1000,5.13772,271,5.66723,0,0,4621,49013254144
50.4431,19.8243,12.5153,0,99,64,71,2460,1000,5.13772,271,5.66723,0,0,4621,49117352090
56.4318,17.7205,12.5153,0,99,64,71,2460,1000,5.13772,271,5.66723,0,0,4621,49221452371
49.626,20.1507,12.5153,0,99,64,71,2460,1000,5.13772,271,5.66723,0,0,4621,49325549846
48.5058,20.6161,12.5778,0,99,64,71,2428,1000,5.13772,271,5.66891,0,0,4690,49429632333
44.6503,22.3963,12.5778,0,99,64,71,2428,1000,5.13772,271,5.66891,0,0,4690,49533710141
48.2869,20.7095,12.5778,0,99,64,71,2428,1000,5.13772,271,5.66891,0,0,4690,49637798399
50.3393,19.8652,12.5778,0,99,64,71,2428,1000,5.13772,271,5.66891,0,0,4690,49741878782
57.9279,17.2629,13.0381,0,99,64,71,2437,1000,5.11909,271,5.66993,0,0,4633,49845962611
52.1453,19.1772,13.0381,0,99,64,71,2437,1000,5.11909,271,5.66993,0,0,4633,49950042764
55.9208,17.8824,13.0381,0,99,64,71,2437,1000,5.11909,271,5.66993,0,0,4633,50054149055
51.1198,19.5619,13.0381,0,99,64,71,2437,1000,5.11909,271,5.66993,0,0,4633,50158235620
48.2561,20.7228,13.0381,0,99,64,71,2437,1000,5.11909,271,5.66993,0,0,4633,50262326092
52.9379,18.8901,13.145,0,99,64,71,2428,1000,5.11909,271,5.66805,0,0,4633,50366407828
60.9087,16.418,13.145,0,99,64,71,2428,1000,5.11909,271,5.66805,0,0,4633,50470492328
47.4754,21.0636,13.145,0,99,64,71,2428,1000,5.11909,271,5.66805,0,0,4633,50574594342
47.6066,21.0055,13.145,0,99,64,71,2428,1000,5.11909,271,5.66805,0,0,4633,50678677480
49.0648,20.3812,13.145,0,99,64,71,2428,1000,5.11909,271,5.66805,0,0,4633,50782762321
47.584,21.0154,12.8141,0,99,64,71,2442,1000,5.11909,271,5.66706,0,0,4683,50886860859
49.5508,20.1813,12.8141,0,99,64,71,2442,1000,5.11909,271,5.66706,0,0,4683,50990950599
48.2957,20.7058,12.8141,0,99,64,71,2442,1000,5.11909,271,5.66706,0,0,4683,51095052352
56.779,17.6121,12.8141,0,99,64,71,2442,1000,5.11909,271,5.66706,0,0,4683,51199134268
51.8098,19.3014,12.8141,0,99,64,71,2442,1000,5.11909,271,5.66706,0,0,4683,51303220743
47.815,20.9139,14.0915,0,99,64,71,2439,1000,5.13585,271,5.67911,0,0,4714,51407299813
48.8068,20.489,14.0915,0,99,64,71,2439,1000,5.13585,271,5.67911,0,0,4714,51511383613
53.1387,18.8187,14.0915,0,99,64,71,2439,1000,5.13585,271,5.67911,0,0,4714,51615466881
52.6066,19.009,14.0915,0,99,64,71,2439,1000,5.13585,271,5.67911,0,0,4714,51719567071
48.4667,20.6327,14.0915,0,99,64,71,2439,1000,5.13585,271,5.67911,0,0,4714,51823651852
49.0004,20.408,12.8993,0,99,64,71,2452,1000,5.13585,271,5.67443,0,0,4715,51927731985
48.0128,20.8278,12.8993,0,99,64,71,2452,1000,5.13585,271,5.67443,0,0,4715,52031817808
48.6527,20.5538,12.8993,0,99,64,71,2452,1000,5.13585,271,5.67443,0,0,4715,52135919100
49.8256,20.07,12.8993,0,99,64,71,2452,1000,5.13585,271,5.67443,0,0,4715,52240057973
48.6694,20.5468,12.8993,0,99,64,71,2452,1000,5.13585,271,5.67443,0,0,4715,52344143065
50.8457,19.6674,12.7557,0,99,64,72,2421,1000,5.13389,271,5.66736,0,0,4703,52448224290
47.6695,20.9778,12.7557,0,99,64,72,2421,1000,5.13389,271,5.66736,0,0,4703,52552273524
47.6695,20.9778,12.7557,0,99,64,72,2421,1000,5.13389,271,5.66736,0,0,4703,52656404582
45.5115,21.9725,12.7557,0,99,64,72,2421,1000,5.13389,271,5.66736,0,0,4703,52760506185
47.2303,21.1729,12.7557,0,99,64,72,2421,1000,5.13389,271,5.66736,0,0,4703,52864602167
50.866,19.6595,13.0864,0,99,64,72,2421,1000,5.13389,271,5.67065,0,0,4665,52968685987
44.6011,22.421,13.0864,0,99,64,72,2421,1000,5.13389,271,5.67065,0,0,4665,53072771259
46.8327,21.3526,13.0864,0,99,64,72,2421,1000,5.13389,271,5.67065,0,0,4665,53176852794
43.8809,22.789,13.0864,0,99,64,72,2421,1000,5.13389,271,5.67065,0,0,4665,53280932656
47.0207,21.2672,13.0864,0,99,64,72,2421,1000,5.13389,271,5.67065,0,0,4665,53385012659
51.3251,19.4836,13.1325,0,99,64,71,2441,1000,5.13389,271,5.66707,0,0,4688,53489136824
46.2813,21.607,13.1325,0,99,64,71,2441,1000,5.13389,271,5.66707,0,0,4688,53593222607
47.3092,21.1376,13.1325,0,99,64,71,2441,1000,5.13389,271,5.66707,0,0,4688,53697311546
44.207,22.6208,13.1325,0,99,64,71,2441,1000,5.13389,271,5.66707,0,0,4688,53801441031
45.0117,22.2164,13.1325,0,99,64,71,2441,1000,5.13389,271,5.66707,0,0,4688,53905595513
50.9813,19.6151,13.4071,0,99,64,72,2437,1000,5.13389,271,5.66909,0,0,4733,54009692026
42.0132,23.8021,13.4071,0,99,64,72,2437,1000,5.13389,271,5.66909,0,0,4733,54113776617
48.4176,20.6536,13.4071,0,99,64,72,2437,1000,5.13389,271,5.66909,0,0,4733,54217858222
45.6531,21.9043,13.4071,0,99,64,72,2437,1000,5.13389,271,5.66909,0,0,4733,54321941230
46.3328,21.583,13.4071,0,99,64,72,2437,1000,5.13389,271,5.66909,0,0,4733,54426026052
42.8091,23.3595,12.6643,0,99,64,72,2428,1000,5.13389,271,5.67028,0,0,4699,54530128777
46.7827,21.3754,12.6643,0,99,64,72,2428,1000,5.13389,271,5.67028,0,0,4699,54634218808
47.1944,21.189,12.6643,0,99,64,72,2428,1000,5.13389,271,5.67028,0,0,4699,54738306374
46.029,21.7254,12.6643,0,99,64,72,2428,1000,5.13389,271,5.67028,0,0,4699,54842387579
44.6138,22.4146,12.6643,0,99,64,72,2428,1000,5.13389,271,5.67028,0,0,4699,54946464776
44.9923,22.226,13.2029,0,99,64,72,2464,1000,5.12497,271,5.66994,0,0,4728,55050553895
46.6802,21.4223,13.2029,0,99,64,72,2464,1000,5.12497,271,5.66994,0,0,4728,55154645860
47.2139,21.1802,13.2029,0,99,64,72,2464,1000,5.12497,271,5.66994,0,0,4728,55258725532
46.5048,21.5031,13.2029,0,99,64,72,2464,1000,5.12497,271,5.66994,0,0,4728,55362814471
43.7124,22.8768,12.6551,0,99,64,72,2458,1000,5.11025,271,5.67162,0,0,4666,55466907748
47.6835,20.9716,12.6551,0,99,64,72,2458,1000,5.11025,271,5.67162,0,0,4666,55570988882
47.687,20.9701,12.6551,0,99,64,72,2458,1000,5.11025,271,5.67162,0,0,4666,55675068484
41.3093,24.2076,12.6551,0,99,64,72,2458,1000,5.11025,271,5.67162,0,0,4666,55779150881
46.4947,21.5078,12.6551,0,99,64,72,2458,1000,5.11025,271,5.67162,0,0,4666,55883194866
44.9511,22.2464,13.8015,0,99,64,72,2451,1000,5.11917,271,5.67846,0,0,4714,55987303792
48.1813,20.7549,13.8015,0,99,64,72,2451,1000,5.11917,271,5.67846,0,0,4714,56091415464
49.0737,20.3775,13.8015,0,99,64,72,2451,1000,5.11917,271,5.67846,0,0,4714,56195497610
47.4994,21.0529,13.8015,0,99,64,72,2451,1000,5.11917,271,5.67846,0,0,4714,56299578274
52.6882,18.9796,13.8015,0,99,64,72,2451,1000,5.11917,271,5.67846,0,0,4714,56403659899
45.8104,21.8291,13.8518,0,99,65,72,2451,1000,5.12113,271,5.67745,0,0,4778,56507740422
49.1387,20.3506,13.8518,0,99,65,72,2451,1000,5.12113,271,5.67745,0,0,4778,56611828850
48.1678,20.7608,13.8518,0,99,65,72,2451,1000,5.12113,271,5.67745,0,0,4778,56715933058
46.0904,21.6965,13.8518,0,99,65,72,2451,1000,5.12113,271,5.67745,0,0,4778,56820052234
46.1287,21.6785,13.8518,0,99,65,72,2451,1000,5.12113,271,5.67745,0,0,4778,56924140021
44.1501,22.65,13.5036,0,99,65,72,2439,1000,5.11917,271,5.68142,0,0,4665,57028224281
50.74,19.7083,13.5036,0,99,65,72,2439,1000,5.11917,271,5.68142,0,0,4665,57132305816
47.9528,20.8539,13.5036,0,99,65,72,2439,1000,5.11917,271,5.68142,0,0,4665,57236394345
45.693,21.8852,13.5036,0,99,65,72,2439,1000,5.11917,271,5.68142,0,0,4665,57340478665
47.7438,20.9451,13.5036,0,99,65,72,2439,1000,5.11917,271,5.68142,0,0,4665,57444576030
46.8577,21.3412,14.5278,0,99,65,72,2417,1000,5.11917,271,5.67376,0,0,4701,57548678334
47.0091,21.2725,14.5278,0,99,65,72,2417,1000,5.11917,271,5.67376,0,0,4701,57652761222
48.0234,20.8232,14.5278,0,99,65,72,2417,1000,5.11917,271,5.67376,0,0,4701,57756843558
41.6871,23.9882,14.5278,0,99,65,72,2417,1000,5.11917,271,5.67376,0,0,4701,57860927248
44.1948,22.6271,14.5278,0,99,65,72,2417,1000,5.11917,271,5.67376,0,0,4701,57965007100
42.1344,23.7336,13.0381,0,99,65,72,2419,1000,5.11917,271,5.66898,0,0,4765,58069090158
42.8258,23.3504,13.0381,0,99,65,72,2419,1000,5.11917,271,5.66898,0,0,4765,58173129313
47.3339,21.1265,13.0381,0,99,65,72,2419,1000,5.11917,271,5.66898,0,0,4765,58277214796
46.5614,21.477,13.0381,0,99,65,72,2419,1000,5.11917,271,5.66898,0,0,4765,58381325846
46.9136,21.3158,13.0381,0,99,65,72,2419,1000,5.11917,271,5.66898,0,0,4765,58485460682
47.1104,21.2267,14.8962,0,99,65,72,2421,1000,5.11917,271,5.67946,0,0,4697,58589543479
47.5735,21.0201,14.8962,0,99,65,72,2421,1000,5.11917,271,5.67946,0,0,4697,58693625125
45.6091,21.9254,14.8962,0,99,65,72,2421,1000,5.11917,271,5.67946,0,0,4697,58797704526
49.2929,20.2869,14.8962,0,99,65,72,2421,1000,5.11917,271,5.67946,0,0,4697,58901808713
47.7548,20.9403,14.8962,0,99,65,72,2421,1000,5.11917,271,5.67946,0,0,4697,59005891341
45.8116,21.8286,13.1773,0,99,65,72,2416,1000,5.11917,271,5.67324,0,0,4718,59109972014
48.3181,20.6962,13.1773,0,99,65,72,2416,1000,5.11917,271,5.67324,0,0,4718,59214055243
48.3028,20.7027,13.1773,0,99,65,72,2416,1000,5.11917,271,5.67324,0,0,4718,59318102183
47.9119,20.8716,13.1773,0,99,65,72,2416,1000,5.11917,271,5.67324,0,0,4718,59422208745
47.9154,20.8701,13.1773,0,99,65,72,2416,1000,5.11917,271,5.67324,0,0,4718,59526294047
47.6934,20.9673,13.3169,0,99,65,72,2425,1000,5.11917,271,5.67218,0,0,4735,59630375622
46.1372,21.6745,13.3169,0,99,65,72,2425,1000,5.11917,271,5.67218,0,0,4735,59734455124
49.5211,20.1934,13.3169,0,99,65,72,2425,1000,5.11917,271,5.67218,0,0,4735,59838538663
48.4887,20.6234,13.3169,0,99,65,72,2425,1000,5.11917,271,5.67218,0,0,4735,59942620248
49.6806,20.1286,13.3169,0,99,65,72,2425,1000,5.11917,271,5.67218,0,0,4735,60046712744
46.6788,21.423,13.1611,0,99,64,72,2445,1000,5.12113,271,5.67161,0,0,4715,60150797866
47.3267,21.1297,13.1611,0,99,64,72,2445,1000,5.12113,271,5.67161,0,0,4715,60254879721
48.7976,20.4928,13.1611,0,99,64,72,2445,1000,5.12113,271,5.67161,0,0,4715,60358960275
46.1923,21.6486,13.1611,0,99,64,72,2445,1000,5.12113,271,5.67161,0,0,4715,60463050847
50.097,19.9613,13.1611,0,99,64,72,2445,1000,5.12113,271,5.67161,0,0,4715,60567191894
42.8776,23.3222,13.4474,0,99,64,72,2459,1000,5.12113,271,5.66888,0,0,4651,60671309767
48.3359,20.6885,13.4474,0,99,64,72,2459,1000,5.12113,271,5.66888,0,0,4651,60775387525
54.3874,18.3866,13.4474,0,99,64,72,2459,1000,5.12113,271,5.66888,0,0,4651,60879466375
41.1579,24.2967,13.4474,0,99,64,72,2459,1000,5.12113,271,5.66888,0,0,4651,60983556537
46.4014,21.5511,13.4474,0,99,64,72,2459,1000,5.12113,271,5.66888,0,0,4651,61087637721
43.4768,23.0008,13.9733,0,99,64,72,2450,1000,5.12113,271,5.67305,0,0,4703,61191724406
47.6278,20.9961,13.9733,0,99,64,72,2450,1000,5.12113,271,5.67305,0,0,4703,61295823584
45.9309,21.7718,13.9733,0,99,64,72,2450,1000,5.12113,271,5.67305,0,0,4703,61399941999
46.5174,21.4973,13.9733,0,99,64,72,2450,1000,5.12113,271,5.67305,0,0,4703,61504026910
51.6737,19.3522,12.8834,0,99,64,72,2444,1000,5.11025,271,5.66929,0,0,4621,61608109417
48.647,20.5563,12.8834,0,99,64,72,2444,1000,5.11025,271,5.66929,0,0,4621,61712188678
37.9042,26.3823,12.8834,0,99,64,72,2444,1000,5.11025,271,5.66929,0,0,4621,61816272237
42.1046,23.7504,12.8834,0,99,64,72,2444,1000,5.11025,271,5.66929,0,0,4621,61920357810
41.9651,23.8293,12.8834,0,99,64,72,2444,1000,5.11025,271,5.66929,0,0,4621,62024441429
46.0781,21.7023,12.0773,0,99,64,72,2447,1000,5.15524,271,5.67321,0,0,4617,62128524226
43.6505,22.9092,12.0773,0,99,64,72,2447,1000,5.15524,271,5.67321,0,0,4617,62232605932
45.6708,21.8958,12.0773,0,99,64,72,2447,1000,5.15524,271,5.67321,0,0,4617,62336704249
44.8701,22.2865,12.0773,0,99,64,72,2447,1000,5.15524,271,5.67321,0,0,4617,62440787106
41.8733,23.8816,12.0773,0,99,64,72,2447,1000,5.15524,271,5.67321,0,0,4617,62544871757
46.8355,21.3513,19.7531,0,99,65,72,2446,1000,5.12301,271,5.6496,0,0,4590,62648960536
43.8399,22.8103,19.7531,0,99,65,72,2446,1000,5.12301,271,5.6496,0,0,4590,62753014039
46.8132,21.3615,19.7531,0,99,65,72,2446,1000,5.12301,271,5.6496,0,0,4590,62857125380
42.5896,23.4799,19.7531,0,99,65,72,2446,1000,5.12301,271,5.6496,0,0,4590,62961208137
47.1141,21.2251,19.7531,0,99,65,72,2446,1000,5.12301,271,5.6496,0,0,4590,63065293860
44.658,22.3924,12.8641,0,99,64,72,2464,1000,5.12497,271,5.6412,0,0,4715,63169376367
46.121,21.6821,12.8641,0,99,64,72,2464,1000,5.12497,271,5.6412,0,0,4715,63273458874
47.2703,21.1549,12.8641,0,99,64,72,2464,1000,5.12497,271,5.6412,0,0,4715,63377550158
46.8876,21.3276,12.8641,0,99,64,72,2464,1000,5.12497,271,5.6412,0,0,4715,63481658744
51.3784,19.4634,12.8641,0,99,64,72,2464,1000,5.12497,271,5.6412,0,0,4715,63585739247
46.8026,21.3663,12.8834,0,99,64,72,2462,1000,5.10633,271,5.64064,0,0,4723,63689822806
43.8825,22.7881,12.8834,0,99,64,72,2462,1000,5.10633,271,5.64064,0,0,4723,63793908288
45.0322,22.2064,12.8834,0,99,64,72,2462,1000,5.10633,271,5.64064,0,0,4723,63897984293
51.394,19.4575,12.8834,0,99,64,72,2462,1000,5.10633,271,5.64064,0,0,4723,64002065728
46.2224,21.6346,12.8834,0,99,64,72,2462,1000,5.10633,271,5.64064,0,0,4723,64106154918
45.8221,21.8235,12.2981,0,99,64,72,2435,1000,5.08966,271,5.64505,0,0,4650,64210251501
49.0698,20.3791,12.2981,0,99,64,72,2435,1000,5.08966,271,5.64505,0,0,4650,64314375456
40.894,24.4535,12.2981,0,99,64,72,2435,1000,5.08966,271,5.64505,0,0,4650,64418455358
42.2773,23.6534,12.2981,0,99,64,72,2435,1000,5.08966,271,5.64505,0,0,4650,64522555538
45.7005,21.8816,12.2981,0,99,64,72,2435,1000,5.08966,271,5.64505,0,0,4650,64626674744
45.4262,22.0137,13.3495,0,99,64,72,2436,1000,5.08966,271,5.64503,0,0,4666,64730750939
48.0155,20.8266,13.3495,0,99,64,72,2436,1000,5.08966,271,5.64503,0,0,4666,64834845449
41.0957,24.3334,13.3495,0,99,64,72,2436,1000,5.08966,271,5.64503,0,0,4666,64938939908
43.4156,23.0332,13.3495,0,99,64,72,2436,1000,5.08966,271,5.64503,0,0,4666,65043034728
45.1213,22.1625,13.3495,0,99,64,72,2436,1000,5.08966,271,5.64503,0,0,4666,65147124028
39.9877,25.0077,12.8019,0,99,64,72,2458,1000,5.11917,271,5.651,0,0,4615,65251203770
43.6331,22.9184,12.8019,0,99,64,72,2458,1000,5.11917,271,5.651,0,0,4615,65355287860
46.5708,21.4727,12.8019,0,99,64,72,2458,1000,5.11917,271,5.651,0,0,4615,65459383431
44.3698,22.5379,12.8019,0,99,64,72,2458,1000,5.11917,271,5.651,0,0,4615,65563461911
41.4554,24.1223,12.8019,0,99,64,72,2458,1000,5.11917,271,5.651,0,0,4615,65667551571
39.418,25.3691,13.145,0,99,64,72,2458,1000,5.11917,271,5.64955,0,0,4667,65771635210
47.4506,21.0745,13.145,0,99,64,72,2458,1000,5.11917,271,5.64955,0,0,4667,65875733687
51.125,19.5599,13.145,0,99,64,72,2458,1000,5.11917,271,5.64955,0,0,4667,65979815523
46.4511,21.528,13.145,0,99,64,72,2458,1000,5.11917,271,5.64955,0,0,4667,66083939037
43.288,23.1011,13.145,0,99,64,72,2458,1000,5.11917,271,5.64955,0,0,4667,66188038446
48.4173,20.6538,13.4969,0,99,64,73,2440,1000,5.12119,271,5.65101,0,0,4665,66292167029
46.844,21.3475,13.4969,0,99,64,73,2440,1000,5.12119,271,5.65101,0,0,4665,66396246871
45.5389,21.9593,13.4969,0,99,64,73,2440,1000,5.12119,271,5.65101,0,0,4665,66500341952
41.987,23.8169,13.4969,0,99,64,73,2440,1000,5.12119,271,5.65101,0,0,4665,66604435900
43.7388,22.863,13.6531,0,99,64,73,2439,1000,5.11314,271,5.65501,0,0,4615,66708548473
40.9885,24.3971,13.6531,0,99,64,73,2439,1000,5.11314,271,5.65501,0,0,4615,66812626502
43.1729,23.1627,13.6531,0,99,64,73,2439,1000,5.11314,271,5.65501,0,0,4615,66916713127
41.3011,24.2124,13.6531,0,99,64,73,2439,1000,5.11314,271,5.65501,0,0,4615,67020801024
42.6487,23.4474,13.6531,0,99,64,73,2439,1000,5.11314,271,5.65501,0,0,4615,67124900843
45.7857,21.8409,13.0597,0,99,64,73,2436,1000,5.11314,271,5.63955,0,0,4701,67228989462
47.2292,21.1734,13.0597,0,99,64,73,2436,1000,5.11314,271,5.63955,0,0,4701,67333093199
44.5329,22.4553,13.0597,0,99,64,73,2436,1000,5.11314,271,5.63955,0,0,4701,67437211853
45.2433,22.1027,13.0597,0,99,64,73,2436,1000,5.11314,271,5.63955,0,0,4701,67541311953
41.2356,24.2509,13.0597,0,99,64,73,2436,1000,5.11314,271,5.63955,0,0,4701,67645374503
40.9273,24.4335,13.9903,0,99,64,73,2433,1000,5.11314,271,5.63667,0,0,4615,67749475605
44.6822,22.3803,13.9903,0,99,64,73,2433,1000,5.11314,271,5.63667,0,0,4615,67853564534
44.6956,22.3735,13.9903,0,99,64,73,2433,1000,5.11314,271,5.63667,0,0,4615,67957681125
42.4983,23.5304,13.9903,0,99,64,73,2433,1000,5.11314,271,5.63667,0,0,4615,68061765495
42.6033,23.4724,13.9903,0,99,64,73,2433,1000,5.11314,271,5.63667,0,0,4615,68165851840
41.09,24.3368,15.0183,0,99,65,73,2426,1000,5.11314,271,5.64687,0,0,4615,68269947702
41.9576,23.8336,15.0183,0,99,65,73,2426,1000,5.11314,271,5.64687,0,0,4615,68374057520
41.0297,24.3726,15.0183,0,99,65,73,2426,1000,5.11314,271,5.64687,0,0,4615,68478142852
39.9513,25.0305,15.0183,0,99,65,73,2426,1000,5.11314,271,5.64687,0,0,4615,68582223466
39.0792,25.5891,15.0183,0,99,65,73,2426,1000,5.11314,271,5.64687,0,0,4615,68686305822
45.2964,22.0768,13.697,0,99,65,73,2437,1000,5.11314,271,5.64591,0,0,4716,68790393289
44.409,22.5179,13.697,0,99,65,73,2437,1000,5.11314,271,5.64591,0,0,4716,68894497556
44.1283,22.6612,13.697,0,99,65,73,2437,1000,5.11314,271,5.64591,0,0,4716,68998577959
45.375,22.0386,13.697,0,99,65,73,2437,1000,5.11314,271,5.64591,0,0,4716,69102664604
42.3322,23.6227,13.697,0,99,65,73,2437,1000,5.11314,271,5.64591,0,0,4716,69206761188
42.2553,23.6657,14.3213,0,99,65,73,2467,1000,5.11509,271,5.64977,0,0,4640,69310845228
39.3562,25.409,14.3213,0,99,65,73,2467,1000,5.11509,271,5.64977,0,0,4640,69414924589
43.8519,22.804,14.3213,0,99,65,73,2467,1000,5.11509,271,5.64977,0,0,4640,69519007757
41.7403,23.9577,14.3213,0,99,65,73,2467,1000,5.11509,271,5.64977,0,0,4640,69623109690
43.4867,22.9956,14.3213,0,99,65,73,2467,1000,5.11509,271,5.64977,0,0,4640,69727198960
40.3293,24.7959,13.2242,0,99,65,73,2449,1000,5.11314,271,5.64721,0,0,4701,69831280866
44.4915,22.4762,13.2242,0,99,65,73,2449,1000,5.11314,271,5.64721,0,0,4701,69935364094
40.9251,24.4349,13.2242,0,99,65,73,2449,1000,5.11314,271,5.64721,0,0,4701,70039478010
50.3264,19.8703,13.2242,0,99,65,73,2449,1000,5.11314,271,5.64721,0,0,4701,70143560808
42.1223,23.7404,13.2242,0,99,65,73,2449,1000,5.11314,271,5.64721,0,0,4701,70247637724
45.225,22.1117,13.4872,0,99,65,73,2434,1000,5.11314,271,5.63804,0,0,4623,70351729168
45.3598,22.0459,13.4872,0,99,65,73,2434,1000,5.11314,271,5.63804,0,0,4623,70455826162
44.9597,22.2421,13.4872,0,99,65,73,2434,1000,5.11314,271,5.63804,0,0,4623,70559922395
45.9199,21.7771,13.4872,0,99,65,73,2434,1000,5.11314,271,5.63804,0,0,4623,70664013668
44.3628,22.5414,13.4872,0,99,65,73,2434,1000,5.11314,271,5.63804,0,0,4623,70768132554
45.3895,22.0315,14.4769,0,99,65,73,2470,1000,5.15538,271,5.63802,0,0,4615,70872212957
48.3884,20.6661,14.4769,0,99,65,73,2470,1000,5.15538,271,5.63802,0,0,4615,70976298920
43.8348,22.8129,14.4769,0,99,65,73,2470,1000,5.15538,271,5.63802,0,0,4615,71080397287
46.3202,21.5888,14.4769,0,99,65,73,2470,1000,5.15538,271,5.63802,0,0,4615,71184483671
41.2148,24.2631,14.4769,0,99,65,73,2470,1000,5.15538,271,5.63802,0,0,4615,71288580084
47.6021,21.0075,13.7423,0,99,65,73,2450,1000,5.11314,271,5.63836,0,0,4715,71392661990
44.6844,22.3792,13.7423,0,99,65,73,2450,1000,5.11314,271,5.63836,0,0,4715,71496745208
42.991,23.2607,13.7423,0,99,65,73,2450,1000,5.11314,271,5.63836,0,0,4715,71600792209
52.8662,18.9157,13.7423,0,99,65,73,2450,1000,5.11314,271,5.63836,0,0,4715,71704876359
45.5863,21.9364,13.7423,0,99,65,73,2450,1000,5.11314,271,5.63836,0,0,4715,71808955520
45.7315,21.8668,14.6879,0,99,65,73,2434,1000,5.11314,271,5.63675,0,0,4665,71913042285
50.625,19.7531,14.6879,0,99,65,73,2434,1000,5.11314,271,5.63675,0,0,4665,72017132346
46.4515,21.5279,14.6879,0,99,65,73,2434,1000,5.11314,271,5.63675,0,0,4665,72121210655
47.4333,21.0822,14.6879,0,99,65,73,2434,1000,5.11314,271,5.63675,0,0,4665,72225300225
45.4513,22.0016,14.9144,0,99,65,73,2449,1000,5.11314,271,5.63627,0,0,4665,72329405044
44.305,22.5708,14.9144,0,99,65,73,2449,1000,5.11314,271,5.63627,0,0,4665,72433484295
46.4014,21.5511,14.9144,0,99,65,73,2449,1000,5.11314,271,5.63627,0,0,4665,72537568976
48.7032,20.5325,14.9144,0,99,65,73,2449,1000,5.11314,271,5.63627,0,0,4665,72641654699
42.3829,23.5944,14.9144,0,99,65,73,2449,1000,5.11314,271,5.63627,0,0,4665,72745735934
43.7279,22.8687,15.6098,0,99,65,73,2444,1000,5.10421,271,5.63688,0,0,4615,72849822378
43.0926,23.2058,15.6098,0,99,65,73,2444,1000,5.10421,271,5.63688,0,0,4615,72953903442
47.7762,20.9309,15.6098,0,99,65,73,2444,1000,5.10421,271,5.63688,0,0,4615,73057978786
40.7833,24.5198,15.6098,0,99,65,73,2444,1000,5.10421,271,5.63688,0,0,4615,73162059850
42.4664,23.548,15.6098,0,99,65,73,2444,1000,5.10421,271,5.63688,0,0,4615,73266146655
44.5119,22.4659,14.5859,0,99,65,73,2457,1000,5.10421,271,5.6338,0,0,4690,73370245814
49.2968,20.2853,14.5859,0,99,65,73,2457,1000,5.10421,271,5.6338,0,0,4690,73474335494
43.5586,22.9576,14.5859,0,99,65,73,2457,1000,5.10421,271,5.6338,0,0,4690,73578425024
44.8394,22.3018,14.5859,0,99,65,73,2457,1000,5.10421,271,5.6338,0,0,4690,73682521547
48.0418,20.8152,14.5859,0,99,65,73,2457,1000,5.10421,271,5.6338,0,0,4690,73786620465
45.5946,21.9324,14.7965,0,99,65,73,2470,1000,5.10029,271,5.63199,0,0,4647,73890713993
44.7295,22.3566,14.7965,0,99,65,73,2470,1000,5.10029,271,5.63199,0,0,4647,73994825174
42.4503,23.5569,14.7965,0,99,65,73,2470,1000,5.10029,271,5.63199,0,0,4647,74098901960
46.9073,21.3187,14.7965,0,99,65,73,2470,1000,5.10029,271,5.63199,0,0,4647,74202985579
50.9243,19.637,14.7965,0,99,65,73,2470,1000,5.10029,271,5.63199,0,0,4647,74307062606
47.3523,21.1183,15.0617,0,99,65,73,2465,1000,5.10029,271,5.63271,0,0,4646,74411164690
42.9645,23.275,15.0617,0,99,65,73,2465,1000,5.10029,271,5.63271,0,0,4646,74515247427
45.1139,22.1661,15.0617,0,99,65,73,2465,1000,5.10029,271,5.63271,0,0,4646,74619332669
50.0208,19.9917,15.0617,0,99,65,73,2465,1000,5.10029,271,5.63271,0,0,4646,74723436737
45.6275,21.9166,15.0617,0,99,65,73,2465,1000,5.10029,271,5.63271,0,0,4646,74827539171
39.6167,25.2419,14.604,0,99,65,73,2444,1000,5.09834,271,5.63177,0,0,4613,74931620055
44.1606,22.6446,14.604,0,99,65,73,2444,1000,5.09834,271,5.63177,0,0,4613,75035700989
44.6736,22.3846,14.604,0,99,65,73,2444,1000,5.09834,271,5.63177,0,0,4613,75139804235
48.3467,20.6839,14.604,0,99,65,73,2444,1000,5.09834,271,5.63177,0,0,4613,75243883055
45.9273,21.7736,14.604,0,99,65,73,2444,1000,5.09834,271,5.63177,0,0,4613,75347964099
47.1571,21.2057,15.2605,0,99,66,73,2436,1000,5.11314,271,5.64732,0,0,4709,75452046486
52.3975,19.0849,15.2605,0,99,66,73,2436,1000,5.11314,271,5.64732,0,0,4709,75556138230
49.4401,20.2265,15.2605,0,99,66,73,2436,1000,5.11314,271,5.64732,0,0,4709,75660219816
44.4467,22.4989,15.2605,0,99,66,73,2436,1000,5.11314,271,5.64732,0,0,4709,75764301561
40.9363,24.4282,15.2605,0,99,66,73,2436,1000,5.11314,271,5.64732,0,0,4709,75868404517
48.0677,20.804,14.5885,0,99,66,73,2425,1000,5.11314,271,5.64823,0,0,4669,75972494427
44.8355,22.3038,14.5885,0,99,66,73,2425,1000,5.11314,271,5.64823,0,0,4669,76076577566
53.4192,18.7199,14.5885,0,99,66,73,2425,1000,5.11314,271,5.64823,0,0,4669,76180670131
46.6524,21.4351,14.5885,0,99,66,73,2425,1000,5.11314,271,5.64823,0,0,4669,76284760503
48.0861,20.796,14.5885,0,99,66,73,2425,1000,5.11314,271,5.64823,0,0,4669,76388855944
43.7899,22.8363,14.1968,0,99,66,73,2467,1000,5.11509,271,5.64133,0,0,4616,76492935065
42.7209,23.4077,14.1968,0,99,66,73,2467,1000,5.11509,271,5.64133,0,0,4616,76597022111
39.5464,25.2867,14.1968,0,99,66,73,2467,1000,5.11509,271,5.64133,0,0,4616,76701140405
44.6762,22.3833,14.1968,0,99,66,73,2467,1000,5.11509,271,5.64133,0,0,4616,76805222731
51.7344,19.3295,14.5,0,99,66,73,2467,1000,5.11509,271,5.64044,0,0,4632,76909302914
44.4814,22.4813,14.5,0,99,66,73,2467,1000,5.11509,271,5.64044,0,0,4632,77013389028
47.3077,21.1382,14.5,0,99,66,73,2467,1000,5.11509,271,5.64044,0,0,4632,77117481824
42.7349,23.4001,14.5,0,99,66,73,2467,1000,5.11509,271,5.64044,0,0,4632,77221559692
44.2106,22.619,14.5,0,99,66,73,2467,1000,5.11509,271,5.64044,0,0,4632,77325639695
46.4717,21.5185,14.2145,0,99,66,73,2439,1000,5.11314,271,5.63972,0,0,4631,77429723103
46.4706,21.519,14.2145,0,99,66,73,2439,1000,5.11314,271,5.63972,0,0,4631,77533819036
45.0592,22.193,14.2145,0,99,66,73,2439,1000,5.11314,271,5.63972,0,0,4631,77637951667
42.258,23.6642,14.2145,0,99,66,73,2439,1000,5.11314,271,5.63972,0,0,4631,77742030006
45.9305,21.772,14.2145,0,99,66,73,2439,1000,5.11314,271,5.63972,0,0,4631,77846088818
50.2976,19.8817,14.625,0,99,66,73,2451,1000,5.11314,271,5.63841,0,0,4675,77950182707
44.9234,22.2601,14.625,0,99,66,73,2451,1000,5.11314,271,5.63841,0,0,4675,78054275794
52.745,18.9591,14.625,0,99,66,73,2451,1000,5.11314,271,5.63841,0,0,4675,78158361517
46.5964,21.4609,14.625,0,99,66,73,2451,1000,5.11314,271,5.63841,0,0,4675,78262447701
51.1684,19.5433,14.625,0,99,66,73,2451,1000,5.11314,271,5.63841,0,0,4675,78366528945
42.9477,23.2842,14.931,0,99,66,73,2446,1000,5.11509,271,5.63916,0,0,4620,78470622032
48.0883,20.7951,14.931,0,99,66,73,2446,1000,5.11509,271,5.63916,0,0,4620,78574724857
45.192,22.1278,14.931,0,99,66,73,2446,1000,5.11509,271,5.63916,0,0,4620,78678802305
39.1573,25.538,14.931,0,99,66,73,2446,1000,5.11509,271,5.63916,0,0,4620,78782886795
48.5413,20.601,14.931,0,99,66,73,2446,1000,5.11509,271,5.63916,0,0,4620,78886974903
43.665,22.9016,14.4945,0,99,66,73,2452,1000,5.10421,271,5.64212,0,0,4680,78991066737
45.8413,21.8144,14.4945,0,99,66,73,2452,1000,5.10421,271,5.64212,0,0,4680,79095184931
44.2722,22.5876,14.4945,0,99,66,73,2452,1000,5.10421,271,5.64212,0,0,4680,79199266847
46.7685,21.3819,14.4945,0,99,66,73,2452,1000,5.10421,271,5.64212,0,0,4680,79303357079
47.2563,21.1612,14.4945,0,99,66,73,2452,1000,5.10421,271,5.64212,0,0,4680,79407438233
50.4156,19.8351,13.8855,0,99,66,73,2416,1000,5.10226,271,5.64581,0,0,4616,79511517534
45.8577,21.8066,13.8855,0,99,66,73,2416,1000,5.10226,271,5.64581,0,0,4616,79615616191
42.4946,23.5324,13.8855,0,99,66,73,2416,1000,5.10226,271,5.64581,0,0,4616,79719761286
46.7426,21.3938,13.8855,0,99,66,73,2416,1000,5.10226,271,5.64581,0,0,4616,79823844684
50.3055,19.8785,13.8855,0,99,66,73,2416,1000,5.10226,271,5.64581,0,0,4616,79927927262
48.8005,20.4916,15.6174,0,99,66,73,2439,1000,5.10421,271,5.64409,0,0,4690,80032016161
45.7467,21.8595,15.6174,0,99,66,73,2439,1000,5.10421,271,5.64409,0,0,4690,80136099850
45.3436,22.0538,15.6174,0,99,66,73,2439,1000,5.10421,271,5.64409,0,0,4690,80240195792
53.6764,18.6302,15.6174,0,99,66,73,2439,1000,5.10421,271,5.64409,0,0,4690,80344306241
44.8252,22.3089,15.6174,0,99,66,73,2439,1000,5.10421,271,5.64409,0,0,4690,80448389129
47.2985,21.1423,14.1278,0,99,66,73,2456,1000,5.10421,271,5.64436,0,0,4708,80552471045
46.3913,21.5558,14.1278,0,99,66,73,2456,1000,5.10421,271,5.64436,0,0,4708,80656562779
42.6585,23.442,14.1278,0,99,66,73,2456,1000,5.10421,271,5.64436,0,0,4708,80760649795
46.6463,21.4379,14.1278,0,99,66,73,2456,1000,5.10421,271,5.64436,0,0,4708,80864727884
36.6029,27.3203,14.1278,0,99,66,73,2456,1000,5.10421,271,5.64436,0,0,4708,80968822203
59.4074,16.8329,20.2153,0,99,66,73,2462,1000,5.11509,271,5.65306,0,0,4483,81072937712
47.8388,20.9035,20.2153,0,99,66,73,2462,1000,5.11509,271,5.65306,0,0,4483,81177020539
43.9258,22.7656,20.2153,0,99,66,73,2462,1000,5.11509,271,5.65306,0,0,4483,81281100882
49.4247,20.2328,20.2153,0,99,66,73,2462,1000,5.11509,271,5.65306,0,0,4483,81385190012
47.545,21.0327,20.2153,0,99,66,73,2462,1000,5.11509,271,5.65306,0,0,4483,81489275925
43.0976,23.2031,17.6617,0,98,66,73,2449,1000,5.11314,271,5.65298,0,0,4601,81593352972
51.8101,19.3012,17.6617,0,98,66,73,2449,1000,5.11314,271,5.65298,0,0,4601,81697440578
47.4148,21.0905,17.6617,0,98,66,73,2449,1000,5.11314,271,5.65298,0,0,4601,81801530549
42.0836,23.7622,17.6617,0,98,66,73,2449,1000,5.11314,271,5.65298,0,0,4601,81905654364
48.1518,20.7677,14.7095,0,99,67,73,2445,1000,5.11314,271,5.65333,0,0,4629,82009765795
48.0179,20.8256,14.7095,0,99,67,73,2445,1000,5.11314,271,5.65333,0,0,4629,82113845827
52.791,18.9426,14.7095,0,99,67,73,2445,1000,5.11314,271,5.65333,0,0,4629,82217926220
49.5617,20.1769,14.7095,0,99,67,73,2445,1000,5.11314,271,5.65333,0,0,4629,82322011593
46.9138,21.3157,14.7095,0,99,67,73,2445,1000,5.11314,271,5.65333,0,0,4629,82426093268
47.5239,21.0421,14.268,0,99,67,73,2442,1000,5.11314,271,5.65219,0,0,4690,82530172950
46.177,21.6558,14.268,0,99,67,73,2442,1000,5.11314,271,5.65219,0,0,4690,82634255547
50.2247,19.9105,14.268,0,99,67,73,2442,1000,5.11314,271,5.65219,0,0,4690,82738359094
46.2803,21.6075,14.268,0,99,67,73,2442,1000,5.11314,271,5.65219,0,0,4690,82842477037
53.2504,18.7792,14.268,0,99,67,73,2442,1000,5.11314,271,5.65219,0,0,4690,82946591354
45.3696,22.0412,15.6597,0,99,67,73,2443,1000,5.11314,271,5.64639,0,0,4625,83050685773
50.9791,19.6159,15.6597,0,99,67,73,2443,1000,5.11314,271,5.64639,0,0,4625,83154763060
49.5877,20.1663,15.6597,0,99,67,73,2443,1000,5.11314,271,5.64639,0,0,4625,83258824999
47.9519,20.8542,15.6597,0,99,67,73,2443,1000,5.11314,271,5.64639,0,0,4625,83362903769
50.2066,19.9177,15.6597,0,99,67,73,2443,1000,5.11314,271,5.64639,0,0,4625,83466982959
50.2217,19.9117,15.8672,0,99,67,74,2435,1000,5.11314,271,5.64387,0,0,4733,83571068222
46.5373,21.4881,15.8672,0,99,67,74,2435,1000,5.11314,271,5.64387,0,0,4733,83675151951
55.6359,17.974,15.8672,0,99,67,74,2435,1000,5.11314,271,5.64387,0,0,4733,83779206586
47.8162,20.9134,15.8672,0,99,67,74,2435,1000,5.11314,271,5.64387,0,0,4733,83883316264
41.6269,24.0229,15.8672,0,99,67,74,2435,1000,5.11314,271,5.64387,0,0,4733,83987410923
49.2764,20.2937,16.1728,0,99,67,73,2424,1000,5.11314,271,5.64321,0,0,4669,84091542152
46.5763,21.4701,16.1728,0,99,67,73,2424,1000,5.11314,271,5.64321,0,0,4669,84195630840
42.6609,23.4407,16.1728,0,99,67,73,2424,1000,5.11314,271,5.64321,0,0,4669,84299713598
47.4104,21.0924,16.1728,0,99,67,73,2424,1000,5.11314,271,5.64321,0,0,4669,84403796055
54.2163,18.4447,16.1728,0,99,67,73,2424,1000,5.11314,271,5.64321,0,0,4669,84507874965
42.4733,23.5442,15.3465,0,99,67,74,2457,1000,5.11314,271,5.65672,0,0,4690,84611955769
51.1441,19.5526,15.3465,0,99,67,74,2457,1000,5.11314,271,5.65672,0,0,4690,84716039168
48.4304,20.6482,15.3465,0,99,67,74,2457,1000,5.11314,271,5.65672,0,0,4690,84820127455
49.1099,20.3625,15.3465,0,99,67,74,2457,1000,5.11314,271,5.65672,0,0,4690,84924231302
49.0725,20.378,15.3465,0,99,67,74,2457,1000,5.11314,271,5.65672,0,0,4690,85028317266
48.8288,20.4797,14.7316,0,99,67,73,2463,1000,5.11509,271,5.65657,0,0,4662,85132402839
51.6309,19.3682,14.7316,0,99,67,73,2463,1000,5.11509,271,5.65657,0,0,4662,85236511605
48.0228,20.8235,14.7316,0,99,67,73,2463,1000,5.11509,271,5.65657,0,0,4662,85340658913
42.0571,23.7772,14.7316,0,99,67,73,2463,1000,5.11509,271,5.65657,0,0,4662,85444769784
44.0096,22.7223,14.7316,0,99,67,73,2463,1000,5.11509,271,5.65657,0,0,4662,85548852962
56.3108,17.7586,14.8831,0,99,67,74,2460,1000,5.11509,271,5.6552,0,0,4615,85652937803
46.7903,21.3719,14.8831,0,99,67,74,2460,1000,5.11509,271,5.6552,0,0,4615,85757023096
41.6632,24.002,14.8831,0,99,67,74,2460,1000,5.11509,271,5.6552,0,0,4615,85861103829
43.2254,23.1345,14.8831,0,99,67,74,2460,1000,5.11509,271,5.6552,0,0,4615,85965183531
48.3895,20.6656,14.8831,0,99,67,74,2460,1000,5.11509,271,5.6552,0,0,4615,86069262441
44.0783,22.6869,15.9902,0,99,67,74,2455,1000,5.11314,271,5.65546,0,0,4615,86173344668
54.221,18.443,15.9902,0,99,67,74,2455,1000,5.11314,271,5.65546,0,0,4615,86277415833
48.571,20.5884,15.9902,0,99,67,74,2455,1000,5.11314,271,5.65546,0,0,4615,86381516845
47.885,20.8834,15.9902,0,99,67,74,2455,1000,5.11314,271,5.65546,0,0,4615,86485646551
48.3382,20.6876,15.9902,0,99,67,74,2455,1000,5.11314,271,5.65546,0,0,4615,86589727915
43.9284,22.7643,15.0852,0,99,67,74,2473,1000,5.11509,271,5.65432,0,0,4690,86693814821
45.9695,21.7535,15.0852,0,99,67,74,2473,1000,5.11509,271,5.65432,0,0,4690,86797912877
45.4481,22.0031,15.0852,0,99,67,74,2473,1000,5.11509,271,5.65432,0,0,4690,86901994903
46.3885,21.5571,15.0852,0,99,67,74,2473,1000,5.11509,271,5.65432,0,0,4690,87006075727
44.0898,22.681,14.4266,0,99,67,73,2413,1000,5.08287,271,5.65464,0,0,4690,87110162853
45.4778,21.9888,14.4266,0,99,67,73,2413,1000,5.08287,271,5.65464,0,0,4690,87214260348
46.7157,21.4061,14.4266,0,99,67,73,2413,1000,5.08287,271,5.65464,0,0,4690,87318336823
46.2946,21.6008,14.4266,0,99,67,73,2413,1000,5.08287,271,5.65464,0,0,4690,87422387952
48.451,20.6394,14.4266,0,99,67,73,2413,1000,5.08287,271,5.65464,0,0,4690,87526478343
48.9427,20.4321,13.3583,0,99,67,74,2412,1000,5.08287,271,5.6522,0,0,4706,87630559057
44.8548,22.2942,13.3583,0,99,67,74,2412,1000,5.08287,271,5.6522,0,0,4706,87734638729
43.6556,22.9066,13.3583,0,99,67,74,2412,1000,5.08287,271,5.6522,0,0,4706,87838722478
45.3795,22.0364,13.3583,0,99,67,74,2412,1000,5.08287,271,5.6522,0,0,4706,87942803883
43.9289,22.7641,13.3583,0,99,67,74,2412,1000,5.08287,271,5.6522,0,0,4706,88046885909
44.3095,22.5685,13.7037,0,99,67,74,2400,1000,5.08287,271,5.64873,0,0,4690,88150981631
48.1582,20.7649,13.7037,0,99,67,74,2400,1000,5.08287,271,5.64873,0,0,4690,88255102029
42.3208,23.6291,13.7037,0,99,67,74,2400,1000,5.08287,271,5.64873,0,0,4690,88359181180
44.7789,22.3319,13.7037,0,99,67,74,2400,1000,5.08287,271,5.64873,0,0,4690,88463261923
48.9624,20.4239,13.7037,0,99,67,74,2400,1000,5.08287,271,5.64873,0,0,4690,88567350942
43.9227,22.7673,13.5849,0,99,67,74,2400,1000,5.08287,271,5.64606,0,0,4615,88671444530
46.6918,21.417,13.5849,0,99,67,74,2400,1000,5.08287,271,5.64606,0,0,4615,88775524963
40.8133,24.5018,13.5849,0,99,67,74,2400,1000,5.08287,271,5.64606,0,0,4615,88879607060
44.0356,22.7089,13.5849,0,99,67,74,2400,1000,5.08287,271,5.64606,0,0,4615,88983692172
44.9064,22.2686,13.5849,0,99,67,74,2400,1000,5.08287,271,5.64606,0,0,4615,89087788945
45.1699,22.1386,14.2151,0,99,67,74,2405,1000,5.08091,271,5.63902,0,0,4690,89191870601
46.3958,21.5537,14.2151,0,99,67,74,2405,1000,5.08091,271,5.63902,0,0,4690,89295953729
40.5842,24.6401,14.2151,0,99,67,74,2405,1000,5.08091,271,5.63902,0,0,4690,89400050402
45.0093,22.2176,14.2151,0,99,67,74,2405,1000,5.08091,271,5.63902,0,0,4690,89504133701
44.8124,22.3153,14.2151,0,99,67,74,2405,1000,5.08091,271,5.63902,0,0,4690,89608217580
50.9224,19.6377,13.7931,0,99,67,74,2419,1000,5.08287,271,5.63929,0,0,4693,89712301360
47.1,21.2314,13.7931,0,99,67,74,2419,1000,5.08287,271,5.63929,0,0,4693,89816396501
44.5175,22.4631,13.7931,0,99,67,74,2419,1000,5.08287,271,5.63929,0,0,4693,89920485339
49.6991,20.1211,13.7931,0,99,67,74,2419,1000,5.08287,271,5.63929,0,0,4693,90024571533
42.5165,23.5203,13.7931,0,99,67,74,2419,1000,5.08287,271,5.63929,0,0,4693,90128664350
45.7381,21.8636,13.0061,0,99,67,74,2418,1000,5.07003,271,5.64098,0,0,4690,90232746646
42.141,23.7298,13.0061,0,99,67,74,2418,1000,5.07003,271,5.64098,0,0,4690,90336830546
46.0049,21.7368,13.0061,0,99,67,74,2418,1000,5.07003,271,5.64098,0,0,4690,90440960642
46.017,21.7311,13.0061,0,99,67,74,2418,1000,5.07003,271,5.64098,0,0,4690,90545038180
42.7904,23.3697,13.0061,0,99,67,74,2418,1000,5.07003,271,5.64098,0,0,4690,90649118994
46.8655,21.3376,14.4254,0,99,67,74,2414,1000,5.07003,271,5.64271,0,0,4615,90753204206
44.0644,22.694,14.4254,0,99,67,74,2414,1000,5.07003,271,5.64271,0,0,4615,90857280932
50.4146,19.8355,14.4254,0,99,67,74,2414,1000,5.07003,271,5.64271,0,0,4615,90961367687
43.3766,23.0539,14.4254,0,99,67,74,2414,1000,5.07003,271,5.64271,0,0,4615,91065463208
43.5608,22.9564,14.4254,0,99,67,74,2414,1000,5.07003,271,5.64271,0,0,4615,91169545866
44.2992,22.5738,14.5655,0,99,67,74,2403,1000,5.07003,271,5.64973,0,0,4566,91273636698
42.2002,23.6966,14.5655,0,99,67,74,2403,1000,5.07003,271,5.64973,0,0,4566,91377724936
47.2514,21.1634,14.5655,0,99,67,74,2403,1000,5.07003,271,5.64973,0,0,4566,91481805790
44.4677,22.4882,14.5655,0,99,67,74,2403,1000,5.07003,271,5.64973,0,0,4566,91585891573
47.4384,21.08,14.5655,0,99,67,74,2403,1000,5.07003,271,5.64973,0,0,4566,91689973659
41.9833,23.819,13.5697,0,99,67,74,2398,1000,5.08091,271,5.65009,0,0,4660,91794058761
42.5576,23.4976,13.5697,0,99,67,74,2398,1000,5.08091,271,5.65009,0,0,4660,91898142631
43.6869,22.8902,13.5697,0,99,67,74,2398,1000,5.08091,271,5.65009,0,0,4660,92002225288
45.7383,21.8635,13.5697,0,99,67,74,2398,1000,5.08091,271,5.65009,0,0,4660,92106317824
43.2718,23.1097,13.7423,0,99,67,74,2401,1000,5.08091,271,5.65605,0,0,4615,92210407735
41.3924,24.159,13.7423,0,99,67,74,2401,1000,5.08091,271,5.65605,0,0,4615,92314489019
53.3581,18.7413,13.7423,0,99,67,74,2401,1000,5.08091,271,5.65605,0,0,4615,92418577197
46.022,21.7287,13.7423,0,99,67,74,2401,1000,5.08091,271,5.65605,0,0,4615,92522676926
44.7417,22.3505,13.7423,0,99,67,74,2401,1000,5.08091,271,5.65605,0,0,4615,92626757189
46.0227,21.7284,12.963,0,99,67,74,2415,1000,5.08287,271,5.65462,0,0,4631,92730837883
42.3225,23.6281,12.963,0,99,67,74,2415,1000,5.08287,271,5.65462,0,0,4631,92834923125
52.2442,19.1409,12.963,0,99,67,74,2415,1000,5.08287,271,5.65462,0,0,4631,92939010822
43.4989,22.9891,12.963,0,99,67,74,2415,1000,5.08287,271,5.65462,0,0,4631,93043095753
45.5778,21.9405,12.963,0,99,67,74,2415,1000,5.08287,271,5.65462,0,0,4631,93147180444
49.7942,20.0827,22.5061,0,99,67,74,2415,1000,5.08287,271,5.65242,0,0,4691,93251229529
48.9385,20.4338,22.5061,0,99,67,74,2415,1000,5.08287,271,5.65242,0,0,4691,93355315121
42.3467,23.6146,22.5061,0,99,67,74,2415,1000,5.08287,271,5.65242,0,0,4691,93459395845
50.7194,19.7163,22.5061,0,99,67,74,2415,1000,5.08287,271,5.65242,0,0,4691,93563485245
46.8793,21.3314,22.5061,0,99,67,74,2415,1000,5.08287,271,5.65242,0,0,4691,93667565217
44.9136,22.265,13.4236,0,99,67,74,2413,1000,5.08897,271,5.64948,0,0,4690,93771653024
46.352,21.574,13.4236,0,99,67,74,2413,1000,5.08897,271,5.64948,0,0,4690,93875750078
43.3629,23.0612,13.4236,0,99,67,74,2413,1000,5.08897,271,5.64948,0,0,4690,93979836593
44.6249,22.409,13.4236,0,99,67,74,2413,1000,5.08897,271,5.64948,0,0,4690,94083923027
50.1263,19.9496,13.4236,0,99,67,74,2413,1000,5.08897,271,5.64948,0,0,4690,94188002509
43.1988,23.1488,13.9706,0,99,67,74,2436,1000,5.08891,271,5.64522,0,0,4616,94292081950
56.1388,17.813,13.9706,0,99,67,74,2436,1000,5.08891,271,5.64522,0,0,4616,94396168474
40.3222,24.8002,13.9706,0,99,67,74,2436,1000,5.08891,271,5.64522,0,0,4616,94500251563
37.9515,26.3494,13.9706,0,99,67,74,2436,1000,5.08891,271,5.64522,0,0,4616,94604336564
37.9506,26.3501,13.9706,0,99,67,74,2436,1000,5.08891,271,5.64522,0,0,4616,94708424592
36.1689,27.6481,12.9383,0,99,67,74,2448,1000,5.11031,271,5.64315,0,0,4565,94812509233
40.0021,24.9987,12.9383,0,99,67,74,2448,1000,5.11031,271,5.64315,0,0,4565,94916611767
39.9389,25.0383,12.9383,0,99,67,74,2448,1000,5.11031,271,5.64315,0,0,4565,95020721094
37.2799,26.8241,12.9383,0,99,67,74,2448,1000,5.11031,271,5.64315,0,0,4565,95124863584
39.8709,25.0809,12.9383,0,99,67,74,2448,1000,5.11031,271,5.64315,0,0,4565,95228962221
41.3865,24.1625,12.8519,0,99,67,74,2463,1000,5.10421,271,5.64513,0,0,4713,95333043456
38.4235,26.0258,12.8519,0,99,67,74,2463,1000,5.10421,271,5.64513,0,0,4713,95437126303
37.9714,26.3356,12.8519,0,99,67,74,2463,1000,5.10421,271,5.64513,0,0,4713,95541169727
40.8311,24.4911,12.8519,0,99,67,74,2463,1000,5.10421,271,5.64513,0,0,4713,95645252354
37.0958,26.9572,12.8519,0,99,67,74,2463,1000,5.10421,271,5.64513,0,0,4713,95749334781
38.2953,26.1128,13.4804,0,99,67,74,2446,1000,5.10029,271,5.64475,0,0,4617,95853414723
41.2296,24.2544,13.4804,0,99,67,74,2446,1000,5.10029,271,5.64475,0,0,4617,95957496078
36.675,27.2665,13.4804,0,99,67,74,2446,1000,5.10029,271,5.64475,0,0,4617,96061572464
42.9293,23.2941,13.4804,0,99,67,74,2446,1000,5.10029,271,5.64475,0,0,4617,96165653799
40.3208,24.8011,13.4804,0,99,67,74,2446,1000,5.10029,271,5.64475,0,0,4617,96269751033
37.3395,26.7813,13.7423,0,99,67,74,2422,1000,5.09834,271,5.643,0,0,4665,96373858497
36.6055,27.3183,13.7423,0,99,67,74,2422,1000,5.09834,271,5.643,0,0,4665,96477980027
36.2143,27.6134,13.7423,0,99,67,74,2422,1000,5.09834,271,5.643,0,0,4665,96582071070
36.8799,27.1151,13.7423,0,99,67,74,2422,1000,5.09834,271,5.643,0,0,4665,96686152525
36.6588,27.2786,13.7423,0,99,67,74,2422,1000,5.09834,271,5.643,0,0,4665,96790251563
36.5608,27.3517,13.6087,0,99,67,74,2395,1000,5.09834,271,5.64475,0,0,4690,96894334912
37.5955,26.5989,13.6087,0,99,67,74,2395,1000,5.09834,271,5.64475,0,0,4690,96998421537
35.986,27.7886,13.6087,0,99,67,74,2395,1000,5.09834,271,5.64475,0,0,4690,97102502771
40.0365,24.9772,13.6087,0,99,67,74,2395,1000,5.09834,271,5.64475,0,0,4690,97206583475
39.4025,25.3791,13.6087,0,99,67,74,2395,1000,5.09834,271,5.64475,0,0,4690,97310662445
40.0515,24.9678,14.3894,0,99,67,74,2448,1000,5.11509,270,5.64922,0,0,4740,97414736516
39.8873,25.0707,14.3894,0,99,67,74,2448,1000,5.11509,270,5.64922,0,0,4740,97518820677
38.7941,25.7771,14.3894,0,99,67,74,2448,1000,5.11509,270,5.64922,0,0,4740,97622902653
40.2192,24.8637,14.3894,0,99,67,74,2448,1000,5.11509,270,5.64922,0,0,4740,97726985701
37.1723,26.9018,14.3894,0,99,67,74,2448,1000,5.11509,270,5.64922,0,0,4740,97831069620
40.7235,24.5558,13.145,0,99,67,74,2456,1000,5.11509,271,5.64838,0,0,4605,97935107914
36.7998,27.174,13.145,0,99,67,74,2456,1000,5.11509,271,5.64838,0,0,4605,98039186594
41.8206,23.9117,13.145,0,99,67,74,2456,1000,5.11509,271,5.64838,0,0,4605,98143268550
41.8301,23.9062,13.145,0,99,67,74,2456,1000,5.11509,271,5.64838,0,0,4605,98247347781
42.4139,23.5772,13.145,0,99,67,74,2456,1000,5.11509,271,5.64838,0,0,4605,98351425289
41.914,23.8584,14.5833,0,99,67,74,2415,1000,5.11314,272,5.65085,0,0,4541,98455526060
40.8223,24.4964,14.5833,0,99,67,74,2415,1000,5.11314,272,5.65085,0,0,4541,98559650265
37.9278,26.3659,14.5833,0,99,67,74,2415,1000,5.11314,272,5.65085,0,0,4541,98663732431
36.707,27.2428,14.5833,0,99,67,74,2415,1000,5.11314,272,5.65085,0,0,4541,98767814277
38.1533,26.2101,14.5833,0,99,67,74,2415,1000,5.11314,272,5.65085,0,0,4541,98871893949
38.2212,26.1635,13.4639,0,99,67,74,2409,1000,5.11314,271,5.64474,0,0,4613,98975975865
44.333,22.5566,13.4639,0,99,67,74,2409,1000,5.11314,271,5.64474,0,0,4613,99080056118
39.0125,25.6328,13.4639,0,99,67,74,2409,1000,5.11314,271,5.64474,0,0,4613,99184146830
40.7112,24.5633,13.4639,0,99,67,74,2409,1000,5.11314,271,5.64474,0,0,4613,99288241520
41.4799,24.1081,13.4474,0,99,67,74,2408,1000,5.11314,271,5.64026,0,0,4674,99392319098
37.1792,26.8968,13.4474,0,99,67,74,2408,1000,5.11314,271,5.64026,0,0,4674,99496395183
36.0397,27.7472,13.4474,0,99,67,74,2408,1000,5.11314,271,5.64026,0,0,4674,99600478050
38.5421,25.9457,13.4474,0,99,67,74,2408,1000,5.11314,271,5.64026,0,0,4674,99704553314
37.411,26.7301,13.4474,0,99,67,74,2408,1000,5.11314,271,5.64026,0,0,4674,99808633466
39.5907,25.2585,14.1818,0,99,67,74,2448,1000,5.11314,270,5.63845,0,0,4690,99912723818
39.4263,25.3638,14.1818,0,99,67,74,2448,1000,5.11314,270,5.63845,0,0,4690,100016802147
36.7205,27.2327,14.1818,0,99,67,74,2448,1000,5.11314,270,5.63845,0,0,4690,100120876238
37.6082,26.5899,14.1818,0,99,67,74,2448,1000,5.11314,270,5.63845,0,0,4690,100224956631
39.0164,25.6302,14.1818,0,99,67,74,2448,1000,5.11314,270,5.63845,0,0,4690,100329049708
40.7579,24.5351,13.9706,0,99,67,74,2467,1000,5.10421,271,5.63985,0,0,4674,100433139920
38.5595,25.9339,13.9706,0,99,67,74,2467,1000,5.10421,271,5.63985,0,0,4674,100537242795
38.9188,25.6945,13.9706,0,99,67,74,2467,1000,5.10421,271,5.63985,0,0,4674,100641329570
40.6339,24.61,13.9706,0,99,67,74,2467,1000,5.10421,271,5.63985,0,0,4674,100745410975
37.2431,26.8506,13.9706,0,99,67,74,2467,1000,5.10421,271,5.63985,0,0,4674,100849492941
39.7061,25.1851,13.7206,0,99,67,74,2463,1000,5.10226,271,5.63704,0,0,4665,100953575558
36.5853,27.3334,13.7206,0,99,67,74,2463,1000,5.10226,271,5.63704,0,0,4665,101057653877
39.6275,25.235,13.7206,0,99,67,74,2463,1000,5.10226,271,5.63704,0,0,4665,101161747896
43.0053,23.2529,13.7206,0,99,67,74,2463,1000,5.10226,271,5.63704,0,0,4665,101265860379
38.4899,25.9808,13.7206,0,99,67,74,2463,1000,5.10226,271,5.63704,0,0,4665,101369922378
37.4278,26.7181,13.2919,0,99,67,74,2459,1000,5.10421,271,5.63764,0,0,4690,101474020083
42.7734,23.379,13.2919,0,99,67,74,2459,1000,5.10421,271,5.63764,0,0,4690,101578105295
37.0056,27.0229,13.2919,0,99,67,74,2459,1000,5.10421,271,5.63764,0,0,4690,101682183504
40.2102,24.8693,13.2919,0,99,67,74,2459,1000,5.10421,271,5.63764,0,0,4690,101786259018
41.429,24.1377,13.2919,0,99,67,74,2459,1000,5.10421,271,5.63764,0,0,4690,101890340533
42.4775,23.5419,14.1104,0,99,67,74,2459,1000,5.10421,271,5.63778,0,0,4616,101994422599
39.5785,25.2662,14.1104,0,99,67,74,2459,1000,5.10421,271,5.63778,0,0,4616,102098510637
41.8472,23.8965,14.1104,0,99,67,74,2459,1000,5.10421,271,5.63778,0,0,4616,102202618842
44.2454,22.6012,14.1104,0,99,67,74,2459,1000,5.10421,271,5.63778,0,0,4616,102306715726
41.7863,23.9313,14.1104,0,99,67,74,2459,1000,5.10421,271,5.63778,0,0,4616,102410835483
46.2357,21.6283,13.9591,0,99,67,74,2455,1000,5.10421,271,5.64073,0,0,4711,102514921636
46.7579,21.3867,13.9591,0,99,67,74,2455,1000,5.10421,271,5.64073,0,0,4711,102618991660
50.7937,19.6875,13.9591,0,99,67,74,2455,1000,5.10421,271,5.64073,0,0,4711,102723103723
45.3357,22.0577,13.9591,0,99,67,74,2455,1000,5.10421,271,5.64073,0,0,4711,102827193643
45.3852,22.0336,13.9591,0,99,67,74,2455,1000,5.10421,271,5.64073,0,0,4711,102931278385
45.401,22.026,15.6288,0,99,67,74,2446,1000,5.14448,271,5.64665,0,0,4665,103035372824
45.6498,21.9059,15.6288,0,99,67,74,2446,1000,5.14448,271,5.64665,0,0,4665,103139452937
48.1925,20.7501,15.6288,0,99,67,74,2446,1000,5.14448,271,5.64665,0,0,4665,103243533320
48.3762,20.6713,15.6288,0,99,67,74,2446,1000,5.14448,271,5.64665,0,0,4665,103347611919
44.1699,22.6399,15.6288,0,99,67,74,2446,1000,5.14448,271,5.64665,0,0,4665,103451700808
44.9052,22.2691,15.0735,0,99,67,74,2445,1000,5.119,271,5.6473,0,0,4674,103555821226
49.0193,20.4001,15.0735,0,99,67,74,2445,1000,5.119,271,5.6473,0,0,4674,103659935272
50.7222,19.7152,15.0735,0,99,67,74,2445,1000,5.119,271,5.6473,0,0,4674,103764030193
50.9387,19.6314,15.0735,0,99,67,74,2445,1000,5.119,271,5.6473,0,0,4674,103868119442
47.2975,21.1428,15.0735,0,99,67,74,2445,1000,5.119,271,5.6473,0,0,4674,103972199936
47.3788,21.1065,14.8058,0,99,67,74,2450,1000,5.119,271,5.6426,0,0,4715,104076282022
50.4902,19.8058,14.8058,0,99,67,74,2450,1000,5.119,271,5.6426,0,0,4715,104180367334
48.0073,20.8302,14.8058,0,99,67,74,2450,1000,5.119,271,5.6426,0,0,4715,104284459499
46.8651,21.3378,14.8058,0,99,67,74,2450,1000,5.119,271,5.6426,0,0,4715,104388544641
45.9144,21.7797,14.8058,0,99,67,74,2450,1000,5.119,271,5.6426,0,0,4715,104492634572
43.049,23.2294,15.2253,0,99,67,74,2454,1000,5.12705,271,5.64816,0,0,4665,104596715376
42.6496,23.4469,15.2253,0,99,67,74,2454,1000,5.12705,271,5.64816,0,0,4665,104700792272
44.162,22.6439,15.2253,0,99,67,74,2454,1000,5.12705,271,5.64816,0,0,4665,104804870612
44.5573,22.443,15.2253,0,99,67,74,2454,1000,5.12705,271,5.64816,0,0,4665,104908965392
46.7524,21.3893,15.2253,0,99,67,74,2454,1000,5.12705,271,5.64816,0,0,4665,105013065421
41.1094,24.3253,14.8238,0,99,67,74,2425,1000,5.12309,271,5.64919,0,0,4690,105117154581
50.2593,19.8968,14.8238,0,99,67,74,2425,1000,5.12309,271,5.64919,0,0,4690,105221240364
44.489,22.4774,14.8238,0,99,67,74,2425,1000,5.12309,271,5.64919,0,0,4690,105325319264
42.8761,23.323,14.8238,0,99,67,74,2425,1000,5.12309,271,5.64919,0,0,4690,105429406831
46.8206,21.3581,14.6433,0,99,67,74,2418,1000,5.12309,271,5.65187,0,0,4690,105533510928
44.2775,22.5848,14.6433,0,99,67,74,2418,1000,5.12309,271,5.65187,0,0,4690,105637612351
49.8378,20.0651,14.6433,0,99,67,74,2418,1000,5.12309,271,5.65187,0,0,4690,105741694156
49.217,20.3182,14.6433,0,99,67,74,2418,1000,5.12309,271,5.65187,0,0,4690,105845777204
45.2633,22.0929,14.6433,0,99,67,74,2418,1000,5.12309,271,5.65187,0,0,4690,105949858008
44.3801,22.5326,14.6988,0,99,67,74,2462,1000,5.12504,271,5.64339,0,0,4665,106053901622
48.0941,20.7926,14.6988,0,99,67,74,2462,1000,5.12504,271,5.64339,0,0,4665,106157992896
50.6385,19.7478,14.6988,0,99,67,74,2462,1000,5.12504,271,5.64339,0,0,4665,106262076234
45.1627,22.1422,14.6988,0,99,67,74,2462,1000,5.12504,271,5.64339,0,0,4665,106366179590
49.1692,20.3379,14.6988,0,99,67,74,2462,1000,5.12504,271,5.64339,0,0,4665,106470260585
44.5863,22.4284,14.7659,0,99,67,74,2417,1000,5.12309,271,5.63877,0,0,4616,106574352349
45.5335,21.9618,14.7659,0,99,67,74,2417,1000,5.12309,271,5.63877,0,0,4616,106678443833
46.2957,21.6003,14.7659,0,99,67,74,2417,1000,5.12309,271,5.63877,0,0,4616,106782565614
41.8598,23.8893,14.7659,0,99,67,74,2417,1000,5.12309,271,5.63877,0,0,4616,106886645536
44.2297,22.6092,14.7659,0,99,67,74,2417,1000,5.12309,271,5.63877,0,0,4616,106990735517
46.6742,21.4251,15.8354,0,99,67,74,2444,1000,5.12309,271,5.64088,0,0,4615,107094823905
45.9967,21.7407,15.8354,0,99,67,74,2444,1000,5.12309,271,5.64088,0,0,4615,107198924245
44.2917,22.5776,15.8354,0,99,67,74,2444,1000,5.12309,271,5.64088,0,0,4615,107303002374
43.7226,22.8715,15.8354,0,99,67,74,2444,1000,5.12309,271,5.64088,0,0,4615,107407083118
44.7861,22.3284,15.8354,0,99,67,74,2444,1000,5.12309,271,5.64088,0,0,4615,107511172628
46.3305,21.584,14.988,0,99,67,74,2401,1000,5.12309,271,5.63681,0,0,4598,107615261968
50.1656,19.934,14.988,0,99,67,74,2401,1000,5.12309,271,5.63681,0,0,4598,107719344254
44.9729,22.2356,14.988,0,99,67,74,2401,1000,5.12309,271,5.63681,0,0,4598,107823428284
43.832,22.8144,14.988,0,99,67,74,2401,1000,5.12309,271,5.63681,0,0,4598,107927514378
49.5137,20.1964,14.988,0,99,67,74,2401,1000,5.12309,271,5.63681,0,0,4598,108031608306
43.6332,22.9183,14.4638,0,99,67,74,2433,1000,5.12309,271,5.63949,0,0,4616,108135700031
44.4098,22.5176,14.4638,0,99,67,74,2433,1000,5.12309,271,5.63949,0,0,4616,108239778089
44.3201,22.5631,14.4638,0,99,67,74,2433,1000,5.12309,271,5.63949,0,0,4616,108343842081
45.247,22.1009,14.4638,0,99,67,74,2433,1000,5.12309,271,5.63949,0,0,4616,108447925781
44.7717,22.3355,14.4638,0,99,67,74,2433,1000,5.12309,271,5.63949,0,0,4616,108552016012
47.8659,20.8917,15.1852,0,99,67,74,2400,1000,5.11503,271,5.64574,0,0,4609,108656092889
44.36,22.5428,15.1852,0,99,67,74,2400,1000,5.11503,271,5.64574,0,0,4609,108760170997
46.4096,21.5473,15.1852,0,99,67,74,2400,1000,5.11503,271,5.64574,0,0,4609,108864255107
47.3344,21.1263,15.1852,0,99,67,74,2400,1000,5.11503,271,5.64574,0,0,4609,108968373542
46.3439,21.5778,15.1852,0,99,67,74,2400,1000,5.11503,271,5.64574,0,0,4609,109072450298
45.6081,21.9259,14.6402,0,99,67,74,2449,1000,5.1061,271,5.6437,0,0,4616,109176529759
47.7316,20.9505,14.6402,0,99,67,74,2449,1000,5.1061,271,5.6437,0,0,4616,109280618949
44.6764,22.3832,14.6402,0,99,67,74,2449,1000,5.1061,271,5.6437,0,0,4616,109384726853
48.2423,20.7287,14.6402,0,99,67,74,2449,1000,5.1061,271,5.6437,0,0,4616,109488807477
47.3133,21.1357,14.6402,0,99,67,74,2449,1000,5.1061,271,5.6437,0,0,4616,109592888832
44.7058,22.3685,13.9477,0,99,67,74,2405,1000,5.10415,271,5.64576,0,0,4595,109696971800
44.4453,22.4996,13.9477,0,99,67,74,2405,1000,5.10415,271,5.64576,0,0,4595,109801063233
47.0185,21.2682,13.9477,0,99,67,74,2405,1000,5.10415,271,5.64576,0,0,4595,109905180846
45.5216,21.9676,13.9477,0,99,67,74,2405,1000,5.10415,271,5.64576,0,0,4595,110009259807
45.7839,21.8418,19.3112,0,99,67,75,2452,1000,5.1061,271,5.65653,0,0,4443,110113341212
40.1724,24.8927,19.3112,0,99,67,75,2452,1000,5.1061,271,5.65653,0,0,4443,110217430271
44.8346,22.3042,19.3112,0,99,67,75,2452,1000,5.1061,271,5.65653,0,0,4443,110321523518
45.898,21.7874,19.3112,0,99,67,75,2452,1000,5.1061,271,5.65653,0,0,4443,110425600204
44.1502,22.65,19.3112,0,99,67,75,2452,1000,5.1061,271,5.65653,0,0,4443,110529679896
46.432,21.5369,18.4634,0,99,67,74,2416,1000,5.11503,271,5.65555,0,0,4668,110633781799
46.6714,21.4264,18.4634,0,99,67,74,2416,1000,5.11503,271,5.65555,0,0,4668,110737867693
44.4095,22.5177,18.4634,0,99,67,74,2416,1000,5.11503,271,5.65555,0,0,4668,110841948747
49.0088,20.4045,18.4634,0,99,67,74,2416,1000,5.11503,271,5.65555,0,0,4668,110946032356
42.0085,23.8047,18.4634,0,99,67,74,2416,1000,5.11503,271,5.65555,0,0,4668,111050127446
43.4854,22.9962,14.1975,0,99,67,75,2402,1000,5.11503,271,5.65435,0,0,4669,111154166722
42.212,23.6899,14.1975,0,99,67,75,2402,1000,5.11503,271,5.65435,0,0,4669,111258251504
46.7136,21.4071,14.1975,0,99,67,75,2402,1000,5.11503,271,5.65435,0,0,4669,111362334612
44.6756,22.3836,14.1975,0,99,67,75,2402,1000,5.11503,271,5.65435,0,0,4669,111466417530
45.08,22.1828,14.1975,0,99,67,75,2402,1000,5.11503,271,5.65435,0,0,4669,111570501990
48.0998,20.7901,14.5278,0,99,68,74,2398,1000,5.11503,271,5.66088,0,0,4582,111674584367
43.4772,23.0006,14.5278,0,99,68,74,2398,1000,5.11503,271,5.66088,0,0,4582,111778659340
44.2802,22.5835,14.5278,0,99,68,74,2398,1000,5.11503,271,5.66088,0,0,4582,111882749972
48.1004,20.7899,14.5278,0,99,68,74,2398,1000,5.11503,271,5.66088,0,0,4582,111986869579
41.0826,24.3412,14.5278,0,99,68,74,2398,1000,5.11503,271,5.66088,0,0,4582,112090951935
48.8194,20.4836,14.0587,0,99,68,74,2409,1000,5.11503,271,5.65628,0,0,4647,112195037258
40.1975,24.8772,14.0587,0,99,68,74,2409,1000,5.11503,271,5.65628,0,0,4647,112299138881
47.1799,21.1955,14.0587,0,99,68,74,2409,1000,5.11503,271,5.65628,0,0,4647,112403221027
45.0592,22.193,14.0587,0,99,68,74,2409,1000,5.11503,271,5.65628,0,0,4647,112507267035
46.2541,21.6197,14.0587,0,99,68,74,2409,1000,5.11503,271,5.65628,0,0,4647,112611363298
43.8414,22.8095,13.1611,0,99,68,75,2416,1000,5.11503,271,5.65577,0,0,4690,112715442219
42.6065,23.4706,13.1611,0,99,68,75,2416,1000,5.11503,271,5.65577,0,0,4690,112819530005
49.1061,20.3641,13.1611,0,99,68,75,2416,1000,5.11503,271,5.65577,0,0,4690,112923626348
42.0705,23.7696,13.1611,0,99,68,75,2416,1000,5.11503,271,5.65577,0,0,4690,113027721619
44.3605,22.5426,13.1611,0,99,68,75,2416,1000,5.11503,271,5.65577,0,0,4690,113131813093
45.0598,22.1927,14.0606,0,99,67,74,2445,1000,5.11698,271,5.64465,0,0,4632,113235918854
44.9334,22.2552,14.0606,0,99,67,74,2445,1000,5.11698,271,5.64465,0,0,4632,113339998556
46.6073,21.4559,14.0606,0,99,67,74,2445,1000,5.11698,271,5.64465,0,0,4632,113444081824
43.3174,23.0854,14.0606,0,99,67,74,2445,1000,5.11698,271,5.64465,0,0,4632,113548161075
46.5787,21.469,14.0606,0,99,67,74,2445,1000,5.11698,271,5.64465,0,0,4632,113652245265
45.7883,21.8397,14.199,0,99,67,74,2445,1000,5.11698,271,5.65175,0,0,4615,113756353360
43.0105,23.2501,14.199,0,99,67,74,2445,1000,5.11698,271,5.65175,0,0,4615,113860435015
49.4408,20.2262,14.199,0,99,67,74,2445,1000,5.11698,271,5.65175,0,0,4615,113964531238
40.7492,24.5404,14.199,0,99,67,74,2445,1000,5.11698,271,5.65175,0,0,4615,114068644793
43.9342,22.7613,14.199,0,99,67,74,2445,1000,5.11698,271,5.65175,0,0,4615,114172687616
42.4004,23.5847,12.7582,0,99,67,74,2416,1000,5.11503,271,5.64844,0,0,4647,114276823894
42.0673,23.7714,12.7582,0,99,67,74,2416,1000,5.11503,271,5.64844,0,0,4647,114380899277
46.1606,21.6635,12.7582,0,99,67,74,2416,1000,5.11503,271,5.64844,0,0,4647,114484981193
46.2469,21.6231,12.7582,0,99,67,74,2416,1000,5.11503,271,5.64844,0,0,4647,114589062598
43.7304,22.8674,12.7582,0,99,67,74,2416,1000,5.11503,271,5.64844,0,0,4647,114693164482
47.0956,21.2334,14.0587,0,99,67,75,2443,1000,5.11698,271,5.64724,0,0,4615,114797255965
41.5587,24.0624,14.0587,0,99,67,75,2443,1000,5.11698,271,5.64724,0,0,4615,114901357508
44.3648,22.5404,14.0587,0,99,67,75,2443,1000,5.11698,271,5.64724,0,0,4615,115005457017
42.8065,23.3609,14.0587,0,99,67,75,2443,1000,5.11698,271,5.64724,0,0,4615,115109539264
42.9742,23.2698,14.0587,0,99,67,75,2443,1000,5.11698,271,5.64724,0,0,4615,115213621470
44.9781,22.2331,13.6476,0,99,67,74,2430,1000,5.11503,271,5.64717,0,0,4649,115317739323
39.9912,25.0055,13.6476,0,99,67,74,2430,1000,5.11503,271,5.64717,0,0,4649,115421826279
45.8068,21.8308,13.6476,0,99,67,74,2430,1000,5.11503,271,5.64717,0,0,4649,115525909898
42.6348,23.455,13.6476,0,99,67,74,2430,1000,5.11503,271,5.64717,0,0,4649,115629991473
42.6537,23.4446,12.9887,0,99,67,74,2425,1000,5.11503,271,5.66028,0,0,4690,115734070413
44.2326,22.6077,12.9887,0,99,67,74,2425,1000,5.11503,271,5.66028,0,0,4690,115838151838
43.9056,22.7762,12.9887,0,99,67,74,2425,1000,5.11503,271,5.66028,0,0,4690,115942234977
41.4851,24.105,12.9887,0,99,67,74,2425,1000,5.11503,271,5.66028,0,0,4690,116046334576
46.0399,21.7203,12.9887,0,99,67,74,2425,1000,5.11503,271,5.66028,0,0,4690,116150414408
44.5866,22.4283,12.6965,0,99,67,74,2395,1000,5.11503,271,5.65743,0,0,4706,116254497926
42.4561,23.5537,12.6965,0,99,67,74,2395,1000,5.11503,271,5.65743,0,0,4706,116358591675
40.269,24.833,12.6965,0,99,67,74,2395,1000,5.11503,271,5.65743,0,0,4706,116462623657
41.3288,24.1962,12.6965,0,99,67,74,2395,1000,5.11503,271,5.65743,0,0,4706,116567341465
44.9845,22.2299,12.6965,0,99,67,74,2395,1000,5.11503,271,5.65743,0,0,4706,116671397122
40.8238,24.4955,12.7139,0,99,67,75,2419,1000,5.11503,271,5.64988,0,0,4699,116775476513
48.6341,20.5617,12.7139,0,99,67,75,2419,1000,5.11503,271,5.64988,0,0,4699,116879561254
46.9954,21.2787,12.7139,0,99,67,75,2419,1000,5.11503,271,5.64988,0,0,4699,116983696490
40.4675,24.7112,12.7139,0,99,67,75,2419,1000,5.11503,271,5.64988,0,0,4699,117087782684
46.2807,21.6073,12.7139,0,99,67,75,2419,1000,5.11503,271,5.64988,0,0,4699,117191863528
45.0493,22.1979,12.7711,0,99,67,75,2430,1000,5.11503,271,5.64376,0,0,4683,117295940625
42.2027,23.6952,12.7711,0,99,67,75,2430,1000,5.11503,271,5.64376,0,0,4683,117400019505
42.6171,23.4648,12.7711,0,99,67,75,2430,1000,5.11503,271,5.64376,0,0,4683,117504102693
44.8287,22.3071,12.7711,0,99,67,75,2430,1000,5.11503,271,5.64376,0,0,4683,117608192674
43.6112,22.9299,12.7711,0,99,67,75,2430,1000,5.11503,271,5.64376,0,0,4683,117712272496
43.7829,22.84,12.4088,0,99,67,75,2418,1000,5.11503,271,5.64383,0,0,4615,117816364812
44.8032,22.3198,12.4088,0,99,67,75,2418,1000,5.11503,271,5.64383,0,0,4615,117920444303
41.1489,24.302,12.4088,0,99,67,75,2418,1000,5.11503,271,5.64383,0,0,4615,118024520438
38.2219,26.163,12.4088,0,99,67,75,2418,1000,5.11503,271,5.64383,0,0,4615,118128580122
43.5859,22.9432,12.4088,0,99,67,75,2418,1000,5.11503,271,5.64383,0,0,4615,118232663831
42.2732,23.6556,13.8577,0,99,67,75,2437,1000,5.11698,271,5.64117,0,0,4610,118336753352
42.8627,23.3303,13.8577,0,99,67,75,2437,1000,5.11698,271,5.64117,0,0,4610,118440905920
45.8563,21.8073,13.8577,0,99,67,75,2437,1000,5.11698,271,5.64117,0,0,4610,118545000279
43.9891,22.7329,13.8577,0,99,67,75,2437,1000,5.11698,271,5.64117,0,0,4610,118649119255
43.0813,23.2119,13.8577,0,99,67,75,2437,1000,5.11698,271,5.64117,0,0,4610,118753204226
40.2073,24.8711,12.8237,0,99,67,74,2408,1000,5.11503,271,5.64914,0,0,4737,118857335314
43.6931,22.8869,12.8237,0,99,67,74,2408,1000,5.11503,271,5.64914,0,0,4737,118961417952
41.7648,23.9436,12.8237,0,99,67,74,2408,1000,5.11503,271,5.64914,0,0,4737,119065521648
43.0772,23.2141,12.8237,0,99,67,74,2408,1000,5.11503,271,5.64914,0,0,4737,119169618392
42.6767,23.432,12.8237,0,99,67,74,2408,1000,5.11503,271,5.64914,0,0,4737,119273727940
46.7772,21.3779,16.0434,0,99,67,75,2406,1000,5.0828,271,5.65593,0,0,4472,119377823852
41.4132,24.1469,16.0434,0,99,67,75,2406,1000,5.0828,271,5.65593,0,0,4472,119481921547
42.8666,23.3282,16.0434,0,99,67,75,2406,1000,5.0828,271,5.65593,0,0,4472,119586009485
44.2017,22.6236,16.0434,0,99,67,75,2406,1000,5.0828,271,5.65593,0,0,4472,119690095598
46.5102,21.5007,16.0434,0,99,67,75,2406,1000,5.0828,271,5.65593,0,0,4472,119794181782
43.9326,22.7621,16.5423,0,99,67,75,2425,1000,5.08475,271,5.65898,0,0,4627,119898266003
40.7465,24.542,16.5423,0,99,67,75,2425,1000,5.08475,271,5.65898,0,0,4627,120002360171
41.8007,23.9231,16.5423,0,99,67,75,2425,1000,5.08475,271,5.65898,0,0,4627,120106440985
42.0941,23.7563,16.5423,0,99,67,75,2425,1000,5.08475,271,5.65898,0,0,4627,120210533832
43.8384,22.811,16.5423,0,99,67,75,2425,1000,5.08475,271,5.65898,0,0,4627,120314616549
44.5101,22.4668,12.4694,0,99,67,75,2431,1000,5.08475,271,5.64922,0,0,4611,120418719414
44.4527,22.4958,12.4694,0,99,67,75,2431,1000,5.08475,271,5.64922,0,0,4611,120522801891
40.1635,24.8982,12.4694,0,99,67,75,2431,1000,5.08475,271,5.64922,0,0,4611,120626900478
45.3081,22.0711,12.4694,0,99,67,75,2431,1000,5.08475,271,5.64922,0,0,4611,120730987494
43.8869,22.7858,12.4694,0,99,67,75,2431,1000,5.08475,271,5.64922,0,0,4611,120835077936
42.472,23.5449,12.4542,0,99,67,75,2430,1000,5.08475,271,5.64985,0,0,4615,120939158239
40.2998,24.814,12.4542,0,99,67,75,2430,1000,5.08475,271,5.64985,0,0,4615,121043241457
42.2693,23.6578,12.4542,0,99,67,75,2430,1000,5.08475,271,5.64985,0,0,4615,121147322000
42.892,23.3144,12.4542,0,99,67,75,2430,1000,5.08475,271,5.64985,0,0,4615,121251408164
43.3651,23.06,12.4542,0,99,67,75,2430,1000,5.08475,271,5.64985,0,0,4615,121355496161
42.7653,23.3834,11.9512,0,99,67,75,2381,1000,5.0828,271,5.64903,0,0,4707,121459578728
41.8186,23.9128,11.9512,0,99,67,75,2381,1000,5.0828,271,5.64903,0,0,4707,121563681023
43.8794,22.7897,11.9512,0,99,67,75,2381,1000,5.0828,271,5.64903,0,0,4707,121667764832
40.1475,24.9081,11.9512,0,99,67,75,2381,1000,5.0828,271,5.64903,0,0,4707,121771847229
42.18,23.7079,11.9512,0,99,67,75,2381,1000,5.0828,271,5.64903,0,0,4707,121875929025
39.5022,25.315,12.1212,0,99,67,75,2401,1000,5.09751,271,5.65803,0,0,4615,121980009297
42.3758,23.5984,12.1212,0,99,67,75,2401,1000,5.09751,271,5.65803,0,0,4615,122084105590
40.4385,24.7289,12.1212,0,99,67,75,2401,1000,5.09751,271,5.65803,0,0,4615,122188191443
43.3293,23.0791,12.1212,0,99,67,75,2401,1000,5.09751,271,5.65803,0,0,4615,122292272878
42.5027,23.5279,12.1212,0,99,67,75,2401,1000,5.09751,271,5.65803,0,0,4615,122396371195
39.8996,25.0629,11.7647,0,99,67,75,2390,1000,5.09751,271,5.65046,0,0,4641,122500451608
42.6567,23.443,11.7647,0,99,67,75,2390,1000,5.09751,271,5.65046,0,0,4641,122604537972
41.86,23.8892,11.7647,0,99,67,75,2390,1000,5.09751,271,5.65046,0,0,4641,122708644424
41.075,24.3457,11.7647,0,99,67,75,2390,1000,5.09751,271,5.65046,0,0,4641,122812724387
42.6685,23.4365,11.5288,0,99,67,75,2419,1000,5.08663,271,5.64929,0,0,4612,122916808156
39.6426,25.2254,11.5288,0,99,67,75,2419,1000,5.08663,271,5.64929,0,0,4612,123020933123
45.7245,21.8701,11.5288,0,99,67,75,2419,1000,5.08663,271,5.64929,0,0,4612,123125011261
43.1235,23.1892,11.5288,0,99,67,75,2419,1000,5.08663,271,5.64929,0,0,4612,123229096223
41.1765,24.2857,11.5288,0,99,67,75,2419,1000,5.08663,271,5.64929,0,0,4612,123333209357
42.4499,23.5572,13.0112,0,99,67,75,2429,1000,5.09946,271,5.65432,0,0,4722,123437297154
40.9868,24.3981,13.0112,0,99,67,75,2429,1000,5.09946,271,5.65432,0,0,4722,123541380934
40.1089,24.9321,13.0112,0,99,67,75,2429,1000,5.09946,271,5.65432,0,0,4722,123645492465
40.6309,24.6118,13.0112,0,99,67,75,2429,1000,5.09946,271,5.65432,0,0,4722,123749572538
41.0665,24.3507,13.0112,0,99,67,75,2429,1000,5.09946,271,5.65432,0,0,4722,123853675493
41.5543,24.0649,11.6541,0,99,67,75,2410,1000,5.09751,271,5.64994,0,0,4615,123957808074
42.3532,23.611,11.6541,0,99,67,75,2410,1000,5.09751,271,5.64994,0,0,4615,124061885632
45.1375,22.1545,11.6541,0,99,67,75,2410,1000,5.09751,271,5.64994,0,0,4615,124165973609
42.0174,23.7997,11.6541,0,99,67,75,2410,1000,5.09751,271,5.64994,0,0,4615,124270078558
40.9101,24.4439,11.6541,0,99,67,75,2410,1000,5.09751,271,5.64994,0,0,4615,124374161496
40.7883,24.5168,11.4596,0,99,67,75,2379,1000,5.09751,271,5.64431,0,0,4655,124478256707
47.9161,20.8698,11.4596,0,99,67,75,2379,1000,5.09751,271,5.64431,0,0,4655,124582348972
41.7274,23.965,11.4596,0,99,67,75,2379,1000,5.09751,271,5.64431,0,0,4655,124686434935
41.1218,24.318,11.4596,0,99,67,75,2379,1000,5.09751,271,5.64431,0,0,4655,124790556005
45.647,21.9073,11.4596,0,99,67,75,2379,1000,5.09751,271,5.64431,0,0,4655,124894643080
40.8893,24.4563,13.7717,0,99,67,75,2439,1000,5.09946,271,5.64176,0,0,4640,124998727671
41.585,24.0471,13.7717,0,99,67,75,2439,1000,5.09946,271,5.64176,0,0,4640,125102832751
37.4435,26.7069,13.7717,0,99,67,75,2439,1000,5.09946,271,5.64176,0,0,4640,125206923212
42.344,23.6161,13.7717,0,99,67,75,2439,1000,5.09946,271,5.64176,0,0,4640,125311009847
42.7905,23.3697,13.7717,0,99,67,75,2439,1000,5.09946,271,5.64176,0,0,4640,125415111159
41.7646,23.9437,11.9347,0,99,67,75,2432,1000,5.09751,271,5.64259,0,0,4696,125519187295
40.9784,24.4031,11.9347,0,99,67,75,2432,1000,5.09751,271,5.64259,0,0,4696,125623274210
42.1763,23.71,11.9347,0,99,67,75,2432,1000,5.09751,271,5.64259,0,0,4696,125727378538
38.1535,26.2099,11.9347,0,99,67,75,2432,1000,5.09751,271,5.64259,0,0,4696,125831461125
43.6336,22.9181,11.9347,0,99,67,75,2432,1000,5.09751,271,5.64259,0,0,4696,125935547529
42.2181,23.6865,11.3892,0,99,67,75,2432,1000,5.09751,271,5.63675,0,0,4617,126039672656
39.3608,25.406,11.3892,0,99,67,75,2432,1000,5.09751,271,5.63675,0,0,4617,126143759020
38.4889,25.9815,11.3892,0,99,67,75,2432,1000,5.09751,271,5.63675,0,0,4617,126247841668
42.885,23.3182,11.3892,0,99,67,75,2432,1000,5.09751,271,5.63675,0,0,4617,126351933903
42.8489,23.3378,11.3892,0,99,67,75,2432,1000,5.09751,271,5.63675,0,0,4617,126456042699
38.754,25.8038,13.1387,0,99,67,75,2419,1000,5.09751,271,5.63924,0,0,4645,126560122471
38.6721,25.8585,13.1387,0,99,67,75,2419,1000,5.09751,271,5.63924,0,0,4645,126664206501
36.2177,27.6108,13.1387,0,99,67,75,2419,1000,5.09751,271,5.63924,0,0,4645,126768301531
36.7633,27.2011,13.1387,0,99,67,75,2419,1000,5.09751,271,5.63924,0,0,4645,126872427971
37.6724,26.5446,13.75,0,99,67,75,2464,1000,5.12503,271,5.64045,0,0,4691,126976555252
37.6951,26.5286,13.75,0,99,67,75,2464,1000,5.12503,271,5.64045,0,0,4691,127080641225
38.2441,26.1478,13.75,0,99,67,75,2464,1000,5.12503,271,5.64045,0,0,4691,127184723903
37.6234,26.5792,13.75,0,99,67,75,2464,1000,5.12503,271,5.64045,0,0,4691,127288805668
41.7225,23.9679,13.75,0,99,67,75,2464,1000,5.12503,271,5.64045,0,0,4691,127392882475
44.9245,22.2596,13.2754,0,99,67,75,2453,1000,5.12308,271,5.63863,0,0,4593,127496965082
41.8441,23.8982,13.2754,0,99,67,75,2453,1000,5.12308,271,5.63863,0,0,4593,127601047869
41.8125,23.9163,13.2754,0,99,67,75,2453,1000,5.12308,271,5.63863,0,0,4593,127705129605
41.607,24.0344,13.2754,0,99,67,75,2453,1000,5.12308,271,5.63863,0,0,4593,127809215438
41.6977,23.9821,13.2754,0,99,67,75,2453,1000,5.12308,271,5.63863,0,0,4593,127913321249
44.6273,22.4078,14.3885,0,99,67,75,2414,1000,5.12308,271,5.6391,0,0,4665,128017405840
41.3701,24.1721,14.3885,0,99,67,75,2414,1000,5.12308,271,5.6391,0,0,4665,128121491933
41.2877,24.2203,14.3885,0,99,67,75,2414,1000,5.12308,271,5.6391,0,0,4665,128225588988
43.897,22.7806,14.3885,0,99,67,75,2414,1000,5.12308,271,5.6391,0,0,4665,128329668840
44.8994,22.272,14.3885,0,99,67,75,2414,1000,5.12308,271,5.6391,0,0,4665,128433759322
41.1225,24.3176,15.3656,0,99,67,75,2454,1000,5.12503,271,5.64815,0,0,4615,128537847650
41.7797,23.9351,15.3656,0,99,67,75,2454,1000,5.12503,271,5.64815,0,0,4615,128641925428
40.4071,24.7481,15.3656,0,99,67,75,2454,1000,5.12503,271,5.64815,0,0,4615,128746003557
43.8264,22.8173,15.3656,0,99,67,75,2454,1000,5.12503,271,5.64815,0,0,4615,128850090792
39.3483,25.414,15.3656,0,99,67,75,2454,1000,5.12503,271,5.64815,0,0,4615,128954201462
44.3048,22.5709,13.7717,0,99,67,75,2472,1000,5.12503,271,5.64758,0,0,4625,129058287556
42.9319,23.2927,13.7717,0,99,67,75,2472,1000,5.12503,271,5.64758,0,0,4625,129162372908
41.2904,24.2187,13.7717,0,99,67,75,2472,1000,5.12503,271,5.64758,0,0,4625,129266474321
41.7984,23.9244,13.7717,0,99,67,75,2472,1000,5.12503,271,5.64758,0,0,4625,129370553271
43.2679,23.1118,13.7717,0,99,67,75,2472,1000,5.12503,271,5.64758,0,0,4625,129474646669
38.9358,25.6833,13.4901,0,99,67,75,2466,1000,5.12503,271,5.6413,0,0,4665,129578742340
41.7733,23.9387,13.4901,0,99,67,75,2466,1000,5.12503,271,5.6413,0,0,4665,129682823214
41.3446,24.187,13.4901,0,99,67,75,2466,1000,5.12503,271,5.6413,0,0,4665,129786902856
41.9502,23.8378,13.4901,0,99,67,75,2466,1000,5.12503,271,5.6413,0,0,4665,129890995913
37.4222,26.7221,13.4901,0,99,67,75,2466,1000,5.12503,271,5.6413,0,0,4665,129995073961
42.606,23.4709,14.0373,0,99,67,75,2469,1000,5.12503,271,5.64305,0,0,4616,130099154555
48.8458,20.4726,14.0373,0,99,67,75,2469,1000,5.12503,271,5.64305,0,0,4616,130203248623
44.999,22.2227,14.0373,0,99,67,75,2469,1000,5.12503,271,5.64305,0,0,4616,130307341450
39.2625,25.4696,14.0373,0,99,67,75,2469,1000,5.12503,271,5.64305,0,0,4616,130411419699
39.6775,25.2032,14.0373,0,99,67,75,2469,1000,5.12503,271,5.64305,0,0,4616,130515501134
43.0223,23.2438,14.6699,0,99,67,75,2454,1000,5.12503,271,5.65128,0,0,4712,130619596345
45.9347,21.77,14.6699,0,99,67,75,2454,1000,5.12503,271,5.65128,0,0,4712,130723672610
41.6,24.0385,14.6699,0,99,67,75,2454,1000,5.12503,271,5.65128,0,0,4712,130827755988
38.6042,25.9039,14.6699,0,99,67,75,2454,1000,5.12503,271,5.65128,0,0,4712,130931860827
39.2353,25.4873,13.875,0,99,67,75,2459,1000,5.12308,271,5.65315,0,0,4625,131035941090
42.4864,23.5369,13.875,0,99,67,75,2459,1000,5.12308,271,5.65315,0,0,4625,131140023778
40.4955,24.6941,13.875,0,99,67,75,2459,1000,5.12308,271,5.65315,0,0,4625,131244180073
41.0697,24.3488,13.875,0,99,67,75,2459,1000,5.12308,271,5.65315,0,0,4625,131348266257
42.7597,23.3865,13.875,0,99,67,75,2459,1000,5.12308,271,5.65315,0,0,4625,131452345297
46.6779,21.4234,14.0915,0,99,67,75,2439,1000,5.12308,271,5.6477,0,0,4663,131556433024
41.3627,24.1764,14.0915,0,99,67,75,2439,1000,5.12308,271,5.6477,0,0,4663,131660518807
46.3791,21.5614,14.0915,0,99,67,75,2439,1000,5.12308,271,5.6477,0,0,4663,131764605061
41.3448,24.1869,14.0915,0,99,67,75,2439,1000,5.12308,271,5.6477,0,0,4663,131868687218
41.6849,23.9895,14.0915,0,99,67,75,2439,1000,5.12308,271,5.6477,0,0,4663,131972780655
47.7315,20.9505,13.9163,0,99,68,75,2424,1000,5.12308,271,5.6488,0,0,4616,132076865376
43.356,23.0649,13.9163,0,99,68,75,2424,1000,5.12308,271,5.6488,0,0,4616,132180955558
42.9603,23.2773,13.9163,0,99,68,75,2424,1000,5.12308,271,5.6488,0,0,4616,132285055788
43.7491,22.8576,13.9163,0,99,68,75,2424,1000,5.12308,271,5.6488,0,0,4616,132389139758
40.7758,24.5244,13.9163,0,99,68,75,2424,1000,5.12308,271,5.6488,0,0,4616,132493199262
38.3058,26.1057,14.5859,0,99,67,75,2422,1000,5.12308,271,5.64972,0,0,4629,132597301766
39.808,25.1206,14.5859,0,99,67,75,2422,1000,5.12308,271,5.64972,0,0,4629,132701387770
42.0873,23.7601,14.5859,0,99,67,75,2422,1000,5.12308,271,5.64972,0,0,4629,132805467682
39.7924,25.1304,14.5859,0,99,67,75,2422,1000,5.12308,271,5.64972,0,0,4629,132909551762
42.3174,23.631,14.5859,0,99,67,75,2422,1000,5.12308,271,5.64972,0,0,4629,133013629530
40.2018,24.8745,13.8272,0,99,67,75,2417,1000,5.12308,271,5.64708,0,0,4615,133117727315
41.731,23.963,13.8272,0,99,67,75,2417,1000,5.12308,271,5.64708,0,0,4615,133221811536
40.1516,24.9056,13.8272,0,99,67,75,2417,1000,5.12308,271,5.64708,0,0,4615,133325899793
37.653,26.5583,13.8272,0,99,67,75,2417,1000,5.12308,271,5.64708,0,0,4615,133429980197
44.3279,22.5592,13.8272,0,99,67,75,2417,1000,5.12308,271,5.64708,0,0,4615,133534061341
44.1882,22.6305,14.5161,0,99,67,75,2424,1000,5.12308,271,5.65481,0,0,4573,133638178723
43.4994,22.9888,14.5161,0,99,67,75,2424,1000,5.12308,271,5.65481,0,0,4573,133742259457
41.057,24.3564,14.5161,0,99,67,75,2424,1000,5.12308,271,5.65481,0,0,4573,133846345791
44.0808,22.6856,14.5161,0,99,67,75,2424,1000,5.12308,271,5.65481,0,0,4573,133950450039
40.8118,24.5027,14.5161,0,99,67,75,2424,1000,5.12308,271,5.65481,0,0,4573,134054586147
42.5989,23.4748,21.5758,0,98,68,75,2442,1000,5.15726,271,5.65847,0,0,4615,134158719028
47.5929,21.0115,21.5758,0,98,68,75,2442,1000,5.15726,271,5.65847,0,0,4615,134262796616
41.674,23.9958,21.5758,0,98,68,75,2442,1000,5.15726,271,5.65847,0,0,4615,134366881016
44.4257,22.5095,21.5758,0,98,68,75,2442,1000,5.15726,271,5.65847,0,0,4615,134470975626
42.925,23.2965,21.5758,0,98,68,75,2442,1000,5.15726,271,5.65847,0,0,4615,134575058303
41.926,23.8515,12.9426,0,99,68,75,2457,1000,5.15927,270,5.65171,0,0,4690,134679138125
42.3953,23.5875,12.9426,0,99,68,75,2457,1000,5.15927,270,5.65171,0,0,4690,134783225131
44.2038,22.6225,12.9426,0,99,68,75,2457,1000,5.15927,270,5.65171,0,0,4690,134887338406
44.1671,22.6413,12.9426,0,99,68,75,2457,1000,5.15927,270,5.65171,0,0,4690,134991420902
44.5264,22.4586,12.9426,0,99,68,75,2457,1000,5.15927,270,5.65171,0,0,4690,135095515262
47.3015,21.141,13.6752,0,99,68,75,2426,1000,5.12308,271,5.65361,0,0,4610,135199599081
41.7435,23.9558,13.6752,0,99,68,75,2426,1000,5.12308,271,5.65361,0,0,4610,135303683432
42.8734,23.3245,13.6752,0,99,68,75,2426,1000,5.12308,271,5.65361,0,0,4610,135407770016
38.394,26.0458,13.6752,0,99,68,75,2426,1000,5.12308,271,5.65361,0,0,4610,135511860639
43.2507,23.121,13.6752,0,99,68,75,2426,1000,5.12308,271,5.65361,0,0,4610,135615972461
45.7313,21.8669,13.0647,0,99,68,75,2421,1000,5.12308,271,5.64934,0,0,4622,135720060638
44.047,22.703,13.0647,0,99,68,75,2421,1000,5.12308,271,5.64934,0,0,4622,135824168593
45.9999,21.7392,13.0647,0,99,68,75,2421,1000,5.12308,271,5.64934,0,0,4622,135928249727
39.7364,25.1659,13.0647,0,99,68,75,2421,1000,5.12308,271,5.64934,0,0,4622,136032325652
41.6284,24.0221,13.0647,0,99,68,75,2421,1000,5.12308,271,5.64934,0,0,4622,136136410744
42.369,23.6022,13.5103,0,99,68,75,2427,1000,5.12308,271,5.65234,0,0,4686,136240494032
43.2441,23.1245,13.5103,0,99,68,75,2427,1000,5.12308,271,5.65234,0,0,4686,136344576970
44.1085,22.6713,13.5103,0,99,68,75,2427,1000,5.12308,271,5.65234,0,0,4686,136448659627
48.5437,20.6,13.5103,0,99,68,75,2427,1000,5.12308,271,5.65234,0,0,4686,136552751021
42.6297,23.4579,13.5103,0,99,68,75,2427,1000,5.12308,271,5.65234,0,0,4686,136656836584
40.7474,24.5415,12.6847,0,99,68,75,2442,1000,5.11415,271,5.65105,0,0,4612,136760931354
42.4787,23.5412,12.6847,0,99,68,75,2442,1000,5.11415,271,5.65105,0,0,4612,136865010555
43.2687,23.1114,12.6847,0,99,68,75,2442,1000,5.11415,271,5.65105,0,0,4612,136969080688
40.6579,24.5954,12.6847,0,99,68,75,2442,1000,5.11415,271,5.65105,0,0,4612,137073161111
38.9669,25.6628,12.6847,0,99,68,75,2442,1000,5.11415,271,5.65105,0,0,4612,137177247215
42.2727,23.6559,13.2765,0,99,68,75,2455,1000,5.11415,271,5.64755,0,0,4690,137281328901
44.872,22.2856,13.2765,0,99,68,75,2455,1000,5.11415,271,5.64755,0,0,4690,137385406008
44.3267,22.5597,13.2765,0,99,68,75,2455,1000,5.11415,271,5.64755,0,0,4690,137489493534
42.1992,23.6971,13.2765,0,99,68,75,2455,1000,5.11415,271,5.64755,0,0,4690,137593590558
39.2106,25.5033,13.2765,0,99,68,75,2455,1000,5.11415,271,5.64755,0,0,4690,137697708452
44.0217,22.7161,13.4545,0,99,68,75,2427,1000,5.1122,271,5.64848,0,0,4665,137801793503
47.1946,21.1889,13.4545,0,99,68,75,2427,1000,5.1122,271,5.64848,0,0,4665,137905893593
41.7405,23.9576,13.4545,0,99,68,75,2427,1000,5.1122,271,5.64848,0,0,4665,138009978274
41.9105,23.8604,13.4545,0,99,68,75,2427,1000,5.1122,271,5.64848,0,0,4665,138114050152
41.8646,23.8865,14.5985,0,99,68,75,2427,1000,5.1122,271,5.64179,0,0,4572,138218134161
43.0663,23.22,14.5985,0,99,68,75,2427,1000,5.1122,271,5.64179,0,0,4572,138322215135
42.6579,23.4423,14.5985,0,99,68,75,2427,1000,5.1122,271,5.64179,0,0,4572,138426298434
46.6546,21.4341,14.5985,0,99,68,75,2427,1000,5.1122,271,5.64179,0,0,4572,138530380370
42.6972,23.4208,14.5985,0,99,68,75,2427,1000,5.1122,271,5.64179,0,0,4572,138634462476
40.9654,24.4108,13.1068,0,99,68,75,2417,1000,5.1122,271,5.64486,0,0,4613,138738555092
41.7177,23.9707,13.1068,0,99,68,75,2417,1000,5.1122,271,5.64486,0,0,4613,138842644502
42.2124,23.6897,13.1068,0,99,68,75,2417,1000,5.1122,271,5.64486,0,0,4613,138946724464
39.2753,25.4613,13.1068,0,99,68,75,2417,1000,5.1122,271,5.64486,0,0,4613,139050840534
44.7257,22.3585,13.1068,0,99,68,75,2417,1000,5.1122,271,5.64486,0,0,4613,139154926418
40.5806,24.6423,13.6919,0,99,68,75,2442,1000,5.10828,271,5.64426,0,0,4590,139259019544
47.9473,20.8562,13.6919,0,99,68,75,2442,1000,5.10828,271,5.64426,0,0,4590,139363110006
39.9382,25.0387,13.6919,0,99,68,75,2442,1000,5.10828,271,5.64426,0,0,4590,139467191131
46.2758,21.6096,13.6919,0,99,68,75,2442,1000,5.10828,271,5.64426,0,0,4590,139571270793
42.0882,23.7596,13.6919,0,99,68,75,2442,1000,5.10828,271,5.64426,0,0,4590,139675350745
43.3112,23.0887,12.9426,0,99,68,75,2451,1000,5.11023,271,5.64601,0,0,4665,139779433302
41.8194,23.9123,12.9426,0,99,68,75,2451,1000,5.11023,271,5.64601,0,0,4665,139883516370
45.6533,21.9042,12.9426,0,99,68,75,2451,1000,5.11023,271,5.64601,0,0,4665,139987611400
42.0148,23.8012,12.9426,0,99,68,75,2451,1000,5.11023,271,5.64601,0,0,4665,140091697013
45.8801,21.7959,12.9426,0,99,68,75,2451,1000,5.11023,271,5.64601,0,0,4665,140195807062
42.0734,23.768,13.5201,0,99,68,75,2450,1000,5.11023,271,5.64399,0,0,4599,140299893997
44.8911,22.2762,13.5201,0,99,68,75,2450,1000,5.11023,271,5.64399,0,0,4599,140403984179
43.7996,22.8313,13.5201,0,99,68,75,2450,1000,5.11023,271,5.64399,0,0,4599,140508078508
42.0294,23.7929,13.5201,0,99,68,75,2450,1000,5.11023,271,5.64399,0,0,4599,140612173628
42.8023,23.3633,13.5201,0,99,68,75,2450,1000,5.11023,271,5.64399,0,0,4599,140716259532
46.2498,21.6217,12.8519,0,99,68,75,2448,1000,5.11023,271,5.6414,0,0,4614,140820341808
45.786,21.8407,12.8519,0,99,68,75,2448,1000,5.11023,271,5.6414,0,0,4614,140924422692
41.4758,24.1104,12.8519,0,99,68,75,2448,1000,5.11023,271,5.6414,0,0,4614,141028497495
44.7131,22.3648,12.8519,0,99,68,75,2448,1000,5.11023,271,5.6414,0,0,4614,141132578449
42.0141,23.8015,12.8519,0,99,68,75,2448,1000,5.11023,271,5.6414,0,0,4614,141236656097
40.7722,24.5265,13.6364,0,99,68,75,2427,1000,5.10828,271,5.64275,0,0,4650,141340741279
45.1568,22.145,13.6364,0,99,68,75,2427,1000,5.10828,271,5.64275,0,0,4650,141444820991
45.7056,21.8791,13.6364,0,99,68,75,2427,1000,5.10828,271,5.64275,0,0,4650,141548899761
44.6893,22.3767,13.6364,0,99,68,75,2427,1000,5.10828,271,5.64275,0,0,4650,141652956109
44.9863,22.229,13.6364,0,99,68,75,2427,1000,5.10828,271,5.64275,0,0,4650,141757043545
47.5377,21.0359,13.747,0,99,68,75,2412,1000,5.10828,271,5.64334,0,0,4593,141861134317
42.3777,23.5973,13.747,0,99,68,75,2412,1000,5.10828,271,5.64334,0,0,4593,141965246750
41.9511,23.8373,13.747,0,99,68,75,2412,1000,5.10828,271,5.64334,0,0,4593,142069328596
44.7965,22.3232,13.747,0,99,68,75,2412,1000,5.10828,271,5.64334,0,0,4593,142173410953
42.2891,23.6468,13.747,0,99,68,75,2412,1000,5.10828,271,5.64334,0,0,4593,142277490064
44.0858,22.683,13.7845,0,99,68,75,2437,1000,5.10828,271,5.64099,0,0,4665,142381575726
46.7148,21.4065,13.7845,0,99,68,75,2437,1000,5.10828,271,5.64099,0,0,4665,142485673352
46.088,21.6976,13.7845,0,99,68,75,2437,1000,5.10828,271,5.64099,0,0,4665,142589721675
42.8597,23.332,13.7845,0,99,68,75,2437,1000,5.10828,271,5.64099,0,0,4665,142693807037
44.9429,22.2505,13.7845,0,99,68,75,2437,1000,5.10828,271,5.64099,0,0,4665,142797893011
45.4751,21.9901,14.0049,0,99,68,75,2433,1000,5.11023,271,5.63975,0,0,4676,142901990185
39.9533,25.0292,14.0049,0,99,68,75,2433,1000,5.11023,271,5.63975,0,0,4676,143006076339
44.4829,22.4805,14.0049,0,99,68,75,2433,1000,5.11023,271,5.63975,0,0,4676,143110173083
42.4387,23.5634,14.0049,0,99,68,75,2433,1000,5.11023,271,5.63975,0,0,4676,143214271249
41.509,24.0912,14.0049,0,99,68,75,2433,1000,5.11023,271,5.63975,0,0,4676,143318355950
49.5318,20.189,14.8284,0,99,68,75,2437,1000,5.11023,271,5.6364,0,0,4580,143422456521
44.8342,22.3044,14.8284,0,99,68,75,2437,1000,5.11023,271,5.6364,0,0,4580,143526537726
46.6139,21.4528,14.8284,0,99,68,75,2437,1000,5.11023,271,5.6364,0,0,4580,143630632165
46.9114,21.3168,14.8284,0,99,68,75,2437,1000,5.11023,271,5.6364,0,0,4580,143734742945
44.1245,22.6631,14.8284,0,99,68,75,2437,1000,5.11023,271,5.6364,0,0,4580,143838823709
47.7116,20.9593,14.4078,0,99,68,75,2434,1000,5.11023,271,5.63554,0,0,4677,143942890096
42.5351,23.51,14.4078,0,99,68,75,2434,1000,5.11023,271,5.63554,0,0,4677,144046969968
45.1765,22.1354,14.4078,0,99,68,75,2434,1000,5.11023,271,5.63554,0,0,4677,144151051593
41.9107,23.8602,14.4078,0,99,68,75,2434,1000,5.11023,271,5.63554,0,0,4677,144255146724
43.5537,22.9601,13.7303,0,99,68,75,2439,1000,5.11023,271,5.64071,0,0,4665,144359251001
44.058,22.6973,13.7303,0,99,68,75,2439,1000,5.11023,271,5.64071,0,0,4665,144463331425
41.8302,23.9062,13.7303,0,99,68,75,2439,1000,5.11023,271,5.64071,0,0,4665,144567417799
46.7089,21.4092,13.7303,0,99,68,75,2439,1000,5.11023,271,5.64071,0,0,4665,144671537155
43.1979,23.1493,13.7303,0,99,68,75,2439,1000,5.11023,271,5.64071,0,0,4665,144775615654
45.552,21.9529,14.1646,0,99,68,75,2424,1000,5.123,271,5.64272,0,0,4689,144879703932
44.6309,22.406,14.1646,0,99,68,75,2424,1000,5.123,271,5.64272,0,0,4689,144983799053
43.4175,23.0322,14.1646,0,99,68,75,2424,1000,5.123,271,5.64272,0,0,4689,145087863155
46.5847,21.4663,14.1646,0,99,68,75,2424,1000,5.123,271,5.64272,0,0,4689,145191959619
43.7598,22.852,14.1646,0,99,68,75,2424,1000,5.123,271,5.64272,0,0,4689,145296037737
45.8444,21.8129,13.697,0,99,68,75,2400,1000,5.123,271,5.64262,0,0,4606,145400123480
44.0897,22.6811,13.697,0,99,68,75,2400,1000,5.123,271,5.64262,0,0,4606,145504224332
43.8278,22.8166,13.697,0,99,68,75,2400,1000,5.123,271,5.64262,0,0,4606,145608305637
49.5627,20.1765,13.697,0,99,68,75,2400,1000,5.123,271,5.64262,0,0,4606,145712390448
46.3566,21.5719,13.697,0,99,68,75,2400,1000,5.123,271,5.64262,0,0,4606,145816492211
42.0914,23.7578,13.0751,0,99,68,75,2432,1000,5.12495,271,5.64633,0,0,4686,145920586821
45.7839,21.8418,13.0751,0,99,68,75,2432,1000,5.12495,271,5.64633,0,0,4686,146024678785
41.6114,24.0319,13.0751,0,99,68,75,2432,1000,5.12495,271,5.64633,0,0,4686,146128754470
44.9958,22.2243,13.0751,0,99,68,75,2432,1000,5.12495,271,5.64633,0,0,4686,146232833119
49.8479,20.061,13.0751,0,99,68,75,2432,1000,5.12495,271,5.64633,0,0,4686,146336927669
43.4505,23.0147,13.5817,0,99,68,75,2434,1000,5.12495,271,5.64621,0,0,4674,146441013562
45.0098,22.2174,13.5817,0,99,68,75,2434,1000,5.12495,271,5.64621,0,0,4674,146545095488
46.7549,21.3881,13.5817,0,99,68,75,2434,1000,5.12495,271,5.64621,0,0,4674,146649180771
44.6261,22.4084,13.5817,0,99,68,75,2434,1000,5.12495,271,5.64621,0,0,4674,146753262606
46.4898,21.5101,13.5817,0,99,68,75,2434,1000,5.12495,271,5.64621,0,0,4674,146857356324
42.7999,23.3645,13.422,0,99,68,75,2400,1000,5.123,271,5.64468,0,0,4666,146961437308
43.4466,23.0167,13.422,0,99,68,75,2400,1000,5.123,271,5.64468,0,0,4666,147065518703
48.7396,20.5172,13.422,0,99,68,75,2400,1000,5.123,271,5.64468,0,0,4666,147169624324
40.9556,24.4167,13.422,0,99,68,75,2400,1000,5.123,271,5.64468,0,0,4666,147273696010
46.6614,21.431,13.422,0,99,68,75,2400,1000,5.123,271,5.64468,0,0,4666,147377774770
40.6425,24.6048,13.012,0,99,68,75,2438,1000,5.123,271,5.64492,0,0,4598,147481861816
41.4166,24.1449,13.012,0,99,68,75,2438,1000,5.123,271,5.64492,0,0,4598,147585947829
42.3816,23.5951,13.012,0,99,68,75,2438,1000,5.123,271,5.64492,0,0,4598,147690067406
44.4516,22.4964,13.012,0,99,68,75,2438,1000,5.123,271,5.64492,0,0,4598,147794147989
41.372,24.1709,13.012,0,99,68,75,2438,1000,5.123,271,5.64492,0,0,4598,147898228082
46.1372,21.6745,13.8889,0,99,68,75,2408,1000,5.123,271,5.64685,0,0,4535,148002310940
43.6572,22.9057,13.8889,0,99,68,75,2408,1000,5.123,271,5.64685,0,0,4535,148106408615
40.7093,24.5644,13.8889,0,99,68,75,2408,1000,5.123,271,5.64685,0,0,4535,148210514486
45.6418,21.9097,13.8889,0,99,68,75,2408,1000,5.123,271,5.64685,0,0,4535,148314596412
45.8586,21.8062,13.8889,0,99,68,75,2408,1000,5.123,271,5.64685,0,0,4535,148418676795
44.8747,22.2843,14.4231,0,99,68,75,2419,1000,5.1378,271,5.6467,0,0,4671,148522766034
45.1018,22.1721,14.4231,0,99,68,75,2419,1000,5.1378,271,5.6467,0,0,4671,148626845075
44.5397,22.4519,14.4231,0,99,68,75,2419,1000,5.1378,271,5.6467,0,0,4671,148730921911
51.4763,19.4264,14.4231,0,99,68,75,2419,1000,5.1378,271,5.6467,0,0,4671,148835005440
45.9407,21.7672,14.4231,0,99,68,75,2419,1000,5.1378,271,5.6467,0,0,4671,148939095682
47.868,20.8908,13.5266,0,99,68,75,2436,1000,5.12503,271,5.63967,0,0,4609,149043274399
43.1141,23.1942,13.5266,0,99,68,75,2436,1000,5.12503,271,5.63967,0,0,4609,149147353440
42.6238,23.4611,13.5266,0,99,68,75,2436,1000,5.12503,271,5.63967,0,0,4609,149251435987
43.0505,23.2285,13.5266,0,99,68,75,2436,1000,5.12503,271,5.63967,0,0,4609,149355537289
43.1803,23.1587,13.5266,0,99,68,75,2436,1000,5.12503,271,5.63967,0,0,4609,149459628502
41.7886,23.9299,12.7865,0,99,68,75,2395,1000,5.12308,271,5.64057,0,0,4665,149563721299
44.5883,22.4274,12.7865,0,99,68,75,2395,1000,5.12308,271,5.64057,0,0,4665,149667810869
46.7127,21.4074,12.7865,0,99,68,75,2395,1000,5.12308,271,5.64057,0,0,4665,149771890841
44.5144,22.4646,12.7865,0,99,68,75,2395,1000,5.12308,271,5.64057,0,0,4665,149875967507
47.6639,20.9802,12.7865,0,99,68,75,2395,1000,5.12308,271,5.64057,0,0,4665,149980045085
42.4843,23.5381,13.012,0,99,68,75,2432,1000,5.12503,271,5.64635,0,0,4641,150084137190
